from_lat,from_lon,to_lat,to_lon,predicted_time_min
47.21805,39.697207,47.217621,39.707611,5.6849585
47.21805,39.697207,47.221096,39.69097,3.639299
47.21805,39.697207,47.225482,39.717826,8.598251
47.21805,39.697207,47.255549,39.644401,22.955914 
47.21805,39.697207,47.224904,39.711349,5.890577
47.21805,39.697207,47.210328,39.692724,6.19737
47.21805,39.697207,47.233896,39.61461,17.542221
47.21805,39.697207,47.223208,39.697369,5.645534
47.21805,39.697207,47.218795,39.707842,5.7978654
47.21805,39.697207,47.252899,39.764581,17.95046
47.21805,39.697207,47.214927,39.705652,4.851441
47.21805,39.697207,47.273902,39.684949,24.51037
47.21805,39.697207,47.226024,39.729858,8.301067
47.21805,39.697207,47.229064,39.628654,16.135523
47.21805,39.697207,47.219161,39.705761,4.195487
47.21805,39.697207,47.249401,39.735175,10.738682
47.21805,39.697207,47.245568,39.680052,10.555357
47.21805,39.697207,47.219812,39.715458,5.523011
47.21805,39.697207,47.238981,39.694731,9.242384
47.21805,39.697207,47.22192,39.724959,7.872664
47.21805,39.697207,47.230965,39.686521,6.9585495
47.21805,39.697207,47.226262,39.73101,8.301067
47.21805,39.697207,47.256223,39.704661,12.247236
47.21805,39.697207,47.222052,39.715387,5.628042
47.21805,39.697207,47.297733,39.701845,21.733028
47.21805,39.697207,47.296659,39.717094,21.634176
47.21805,39.697207,47.21889,39.713986,5.6623077
47.21805,39.697207,47.223083,39.698421,4.362877
47.21805,39.697207,47.222549,39.72163,8.057847
47.21805,39.697207,47.231065,39.75563,9.547251
47.21805,39.697207,47.284506,39.720996,21.627056
47.21805,39.697207,47.208051,39.634353,8.801521
47.21805,39.697207,47.252037,39.795119,18.575869
47.21805,39.697207,47.2102,39.693253,6.3201985
47.21805,39.697207,47.252637,39.713811,10.464024
47.21805,39.697207,47.214527,39.618866,15.46548
47.21805,39.697207,47.25344,39.70265,10.5456085
47.21805,39.697207,47.23422,39.601897,18.216293
47.21805,39.697207,47.157576,39.548447,15.68027
47.21805,39.697207,47.225003,39.701557,6.2765365
47.21805,39.697207,47.246689,39.768088,19.625961
47.21805,39.697207,47.192543,39.619834,15.198016
47.21805,39.697207,47.208258,39.655767,9.077117
47.21805,39.697207,47.269791,39.70937,21.125916
47.21805,39.697207,47.259806,39.797556,21.676632
47.21805,39.697207,47.220417,39.710437,5.5210366
47.21805,39.697207,47.335456,39.726704,21.676632
47.21805,39.697207,47.264228,39.782109,21.676632
47.21805,39.697207,47.245067,39.768986,17.745537
47.21805,39.697207,47.235766,39.709952,9.26381
47.21805,39.697207,47.22715,39.697301,5.9742837
47.21805,39.697207,47.351676,39.715568,21.634176
47.21805,39.697207,47.228341,39.750748,9.547251
47.21805,39.697207,47.25395,39.859736,18.575869
47.21805,39.697207,47.236558,39.808849,18.575869
47.21805,39.697207,47.255083,39.784906,18.526003
47.21805,39.697207,47.237471,39.683453,9.243503
47.21805,39.697207,47.292527,39.713823,21.634176
47.21805,39.697207,47.302238,39.733057,21.676632
47.21805,39.697207,47.300208,39.773554,21.676632
47.21805,39.697207,47.281576,39.757079,21.676632
47.21805,39.697207,47.235766,39.709952,9.26381
47.21805,39.697207,47.247937,39.739602,10.738682
47.21805,39.697207,47.265936,39.666501,22.955914
47.21805,39.697207,47.279361,39.682489,21.463348
47.21805,39.697207,47.245582,39.768551,17.745537
47.21805,39.697207,47.235766,39.709952,9.26381
47.21805,39.697207,47.198113,39.631899,15.227239
47.21805,39.697207,47.247054,39.748018,10.738682
47.21805,39.697207,47.247697,39.772563,17.91523
47.21805,39.697207,47.28076,39.819036,21.676632
47.21805,39.697207,47.241503,39.774149,18.471127
47.21805,39.697207,47.218686,39.618666,15.532712
47.21805,39.697207,47.235766,39.709952,9.26381
47.21805,39.697207,47.221331,39.70597,5.8273087
47.21805,39.697207,47.259644,39.77309,21.07238
47.21805,39.697207,47.220683,39.730255,7.764078
47.21805,39.697207,47.235766,39.709952,9.26381
47.21805,39.697207,47.237471,39.683453,9.243503
47.21805,39.697207,47.301125,39.719899,21.676632
47.21805,39.697207,47.236875,39.739626,10.738682
47.21805,39.697207,47.207524,39.630705,8.801521
47.21805,39.697207,47.282544,39.715706,21.033335
47.21805,39.697207,47.280988,39.808406,21.676632
47.21805,39.697207,47.304403,39.642289,21.553617
47.21805,39.697207,47.291651,39.826587,21.676632
47.21805,39.697207,47.288683,39.696426,21.950974
47.21805,39.697207,47.350817,39.72822,21.676632
47.21805,39.697207,47.314746,39.776991,21.676632
47.217621,39.707611,47.21805,39.697207,4.4800262
47.217621,39.707611,47.221096,39.69097,5.0688753
47.217621,39.707611,47.225482,39.717826,4.0478153
47.217621,39.707611,47.255549,39.644401,20.103716
47.217621,39.707611,47.224904,39.711349,2.8580596
47.217621,39.707611,47.210328,39.692724,4.3821936
47.217621,39.707611,47.233896,39.61461,15.229774
47.217621,39.707611,47.223208,39.697369,4.320227
47.217621,39.707611,47.218795,39.707842,0.78211695
47.217621,39.707611,47.252899,39.764581,15.981164
47.217621,39.707611,47.214927,39.705652,2.7510786
47.217621,39.707611,47.273902,39.684949,19.74052
47.217621,39.707611,47.226024,39.729858,6.7089033
47.217621,39.707611,47.229064,39.628654,14.627402
47.217621,39.707611,47.219161,39.705761,1.7067821
47.217621,39.707611,47.249401,39.735175,9.195893
47.217621,39.707611,47.245568,39.680052,9.402457
47.217621,39.707611,47.219812,39.715458,1.7977836
47.217621,39.707611,47.238981,39.694731,8.059286
47.217621,39.707611,47.22192,39.724959,3.4842186
47.217621,39.707611,47.230965,39.686521,6.9956393
47.217621,39.707611,47.226262,39.73101,6.7089033
47.217621,39.707611,47.256223,39.704661,11.132623
47.217621,39.707611,47.222052,39.715387,3.1606052
47.217621,39.707611,47.297733,39.701845,20.33287
47.217621,39.707611,47.296659,39.717094,20.211866
47.217621,39.707611,47.21889,39.713986,1.0480186
47.217621,39.707611,47.223083,39.698421,4.250475
47.217621,39.707611,47.222549,39.72163,3.4674242
47.217621,39.707611,47.231065,39.75563,7.717823
47.217621,39.707611,47.284506,39.720996,20.207264
47.217621,39.707611,47.208051,39.634353,13.783036
47.217621,39.707611,47.252037,39.795119,16.599659
47.217621,39.707611,47.2102,39.693253,4.6952953
47.217621,39.707611,47.252637,39.713811,9.05058
47.217621,39.707611,47.214527,39.618866,13.337733
47.217621,39.707611,47.25344,39.70265,9.135387
47.217621,39.707611,47.23422,39.601897,16.25437
47.217621,39.707611,47.157576,39.548447,14.065771
47.217621,39.707611,47.225003,39.701557,4.015155
47.217621,39.707611,47.246689,39.768088,15.881702
47.217621,39.707611,47.192543,39.619834,13.337733
47.217621,39.707611,47.208258,39.655767,7.9693704
47.217621,39.707611,47.269791,39.70937,19.903912
47.217621,39.707611,47.259806,39.797556,20.285084
47.217621,39.707611,47.220417,39.710437,0.78211695
47.217621,39.707611,47.335456,39.726704,20.285084
47.217621,39.707611,47.264228,39.782109,20.207264
47.217621,39.707611,47.245067,39.768986,15.881702
47.217621,39.707611,47.235766,39.709952,7.8596077
47.217621,39.707611,47.22715,39.697301,4.434019
47.217621,39.707611,47.351676,39.715568,20.211866
47.217621,39.707611,47.228341,39.750748,7.717823
47.217621,39.707611,47.25395,39.859736,16.67778
47.217621,39.707611,47.236558,39.808849,16.67778
47.217621,39.707611,47.255083,39.784906,15.787412
47.217621,39.707611,47.237471,39.683453,8.362424
47.217621,39.707611,47.292527,39.713823,20.211866
47.217621,39.707611,47.302238,39.733057,20.285084
47.217621,39.707611,47.300208,39.773554,20.285084
47.217621,39.707611,47.281576,39.757079,20.285084
47.217621,39.707611,47.235766,39.709952,7.8596077
47.217621,39.707611,47.247937,39.739602,9.195893
47.217621,39.707611,47.265936,39.666501,21.539568
47.217621,39.707611,47.279361,39.682489,19.74052
47.217621,39.707611,47.245582,39.768551,15.881702
47.217621,39.707611,47.235766,39.709952,7.8596077
47.217621,39.707611,47.198113,39.631899,14.224151
47.217621,39.707611,47.247054,39.748018,9.195893
47.217621,39.707611,47.247697,39.772563,15.981164
47.217621,39.707611,47.28076,39.819036,20.285084
47.217621,39.707611,47.241503,39.774149,15.881702
47.217621,39.707611,47.218686,39.618666,13.730527
47.217621,39.707611,47.235766,39.709952,7.8596077
47.217621,39.707611,47.221331,39.70597,2.1488917
47.217621,39.707611,47.259644,39.77309,19.54801
47.217621,39.707611,47.220683,39.730255,5.0312486
47.217621,39.707611,47.235766,39.709952,7.8596077
47.217621,39.707611,47.237471,39.683453,8.362424
47.217621,39.707611,47.301125,39.719899,20.285084
47.217621,39.707611,47.236875,39.739626,7.992215
47.217621,39.707611,47.207524,39.630705,13.982158
47.217621,39.707611,47.282544,39.715706,19.45239
47.217621,39.707611,47.280988,39.808406,20.285084
47.217621,39.707611,47.304403,39.642289,20.076187
47.217621,39.707611,47.291651,39.826587,20.285084
47.217621,39.707611,47.288683,39.696426,20.440664
47.217621,39.707611,47.350817,39.72822,20.285084
47.217621,39.707611,47.314746,39.776991,20.285084
47.221096,39.69097,47.21805,39.697207,3.0858757
47.221096,39.69097,47.217621,39.707611,5.7108874
47.221096,39.69097,47.225482,39.717826,6.8729453
47.221096,39.69097,47.255549,39.644401,21.429739
47.221096,39.69097,47.224904,39.711349,5.8045597
47.221096,39.69097,47.210328,39.692724,5.6330047
47.221096,39.69097,47.233896,39.61461,16.627367
47.221096,39.69097,47.223208,39.697369,3.702578
47.221096,39.69097,47.218795,39.707842,5.3704147
47.221096,39.69097,47.252899,39.764581,17.326036
47.221096,39.69097,47.214927,39.705652,5.7205
47.221096,39.69097,47.273902,39.684949,21.695984
47.221096,39.69097,47.226024,39.729858,6.9371533
47.221096,39.69097,47.229064,39.628654,7.748021
47.221096,39.69097,47.219161,39.705761,4.8527308
47.221096,39.69097,47.249401,39.735175,9.620073
47.221096,39.69097,47.245568,39.680052,7.88791
47.221096,39.69097,47.219812,39.715458,6.5639577
47.221096,39.69097,47.238981,39.694731,7.829873
47.221096,39.69097,47.22192,39.724959,6.8822274
47.221096,39.69097,47.230965,39.686521,4.9191103
47.221096,39.69097,47.226262,39.73101,6.9371533
47.221096,39.69097,47.256223,39.704661,10.669314
47.221096,39.69097,47.222052,39.715387,6.512499
47.221096,39.69097,47.297733,39.701845,20.68863
47.221096,39.69097,47.296659,39.717094,20.631443
47.221096,39.69097,47.21889,39.713986,5.9876623
47.221096,39.69097,47.223083,39.698421,3.6056848
47.221096,39.69097,47.222549,39.72163,6.831177
47.221096,39.69097,47.231065,39.75563,8.315578
47.221096,39.69097,47.284506,39.720996,20.6099
47.221096,39.69097,47.208051,39.634353,8.169026
47.221096,39.69097,47.252037,39.795119,18.227505
47.221096,39.69097,47.2102,39.693253,5.6330047
47.221096,39.69097,47.252637,39.713811,9.330143
47.221096,39.69097,47.214527,39.618866,14.866228
47.221096,39.69097,47.25344,39.70265,9.216898
47.221096,39.69097,47.23422,39.601897,16.742952
47.221096,39.69097,47.157576,39.548447,15.437188
47.221096,39.69097,47.225003,39.701557,4.850728
47.221096,39.69097,47.246689,39.768088,16.822992
47.221096,39.69097,47.192543,39.619834,17.138119
47.221096,39.69097,47.208258,39.655767,7.1637564
47.221096,39.69097,47.269791,39.70937,19.73542
47.221096,39.69097,47.259806,39.797556,20.719698
47.221096,39.69097,47.220417,39.710437,5.256948
47.221096,39.69097,47.335456,39.726704,20.719698
47.221096,39.69097,47.264228,39.782109,20.719698
47.221096,39.69097,47.245067,39.768986,16.822992
47.221096,39.69097,47.235766,39.709952,7.9939184
47.221096,39.69097,47.22715,39.697301,4.966942
47.221096,39.69097,47.351676,39.715568,20.631443
47.221096,39.69097,47.228341,39.750748,8.315578
47.221096,39.69097,47.25395,39.859736,18.227505
47.221096,39.69097,47.236558,39.808849,18.227505
47.221096,39.69097,47.255083,39.784906,18.227505
47.221096,39.69097,47.237471,39.683453,7.887322
47.221096,39.69097,47.292527,39.713823,20.631443
47.221096,39.69097,47.302238,39.733057,20.719698
47.221096,39.69097,47.300208,39.773554,20.719698
47.221096,39.69097,47.281576,39.757079,20.719698
47.221096,39.69097,47.235766,39.709952,7.9939184
47.221096,39.69097,47.247937,39.739602,9.620073
47.221096,39.69097,47.265936,39.666501,21.429739
47.221096,39.69097,47.279361,39.682489,20.116455
47.221096,39.69097,47.245582,39.768551,16.822992
47.221096,39.69097,47.235766,39.709952,7.9939184
47.221096,39.69097,47.198113,39.631899,8.169026
47.221096,39.69097,47.247054,39.748018,9.620073
47.221096,39.69097,47.247697,39.772563,17.326036
47.221096,39.69097,47.28076,39.819036,20.719698
47.221096,39.69097,47.241503,39.774149,17.326036
47.221096,39.69097,47.218686,39.618666,15.048561
47.221096,39.69097,47.235766,39.709952,7.9939184
47.221096,39.69097,47.221331,39.70597,4.75184
47.221096,39.69097,47.259644,39.77309,20.6099
47.221096,39.69097,47.220683,39.730255,6.9490004
47.221096,39.69097,47.235766,39.709952,7.9939184
47.221096,39.69097,47.237471,39.683453,7.887322
47.221096,39.69097,47.301125,39.719899,20.719698
47.221096,39.69097,47.236875,39.739626,9.620073
47.221096,39.69097,47.207524,39.630705,8.169026
47.221096,39.69097,47.282544,39.715706,19.891603
47.221096,39.69097,47.280988,39.808406,20.719698
47.221096,39.69097,47.304403,39.642289,20.362602
47.221096,39.69097,47.291651,39.826587,20.719698
47.221096,39.69097,47.288683,39.696426,20.779106
47.221096,39.69097,47.350817,39.72822,20.719698
47.221096,39.69097,47.314746,39.776991,20.719698
47.225482,39.717826,47.21805,39.697207,4.479983
47.225482,39.717826,47.217621,39.707611,5.3976364
47.225482,39.717826,47.221096,39.69097,7.075479
47.225482,39.717826,47.255549,39.644401,19.272774
47.225482,39.717826,47.224904,39.711349,1.7825298
47.225482,39.717826,47.210328,39.692724,7.777519
47.225482,39.717826,47.233896,39.61461,19.203896
47.225482,39.717826,47.223208,39.697369,4.2688794
47.225482,39.717826,47.218795,39.707842,4.8694367
47.225482,39.717826,47.252899,39.764581,9.6116085
47.225482,39.717826,47.214927,39.705652,5.0353947
47.225482,39.717826,47.273902,39.684949,20.441965
47.225482,39.717826,47.226024,39.729858,5.071962
47.225482,39.717826,47.229064,39.628654,16.791567
47.225482,39.717826,47.219161,39.705761,4.1659
47.225482,39.717826,47.249401,39.735175,8.147087
47.225482,39.717826,47.245568,39.680052,9.47465
47.225482,39.717826,47.219812,39.715458,3.203079
47.225482,39.717826,47.238981,39.694731,7.973006
47.225482,39.717826,47.22192,39.724959,3.2710085
47.225482,39.717826,47.230965,39.686521,6.8219523
47.225482,39.717826,47.226262,39.73101,4.8107214
47.225482,39.717826,47.256223,39.704661,9.643057
47.225482,39.717826,47.222052,39.715387,2.029799
47.225482,39.717826,47.297733,39.701845,20.162592
47.225482,39.717826,47.296659,39.717094,20.12564
47.225482,39.717826,47.21889,39.713986,4.9740415
47.225482,39.717826,47.223083,39.698421,4.0349436
47.225482,39.717826,47.222549,39.72163,2.237964
47.225482,39.717826,47.231065,39.75563,6.7979193
47.225482,39.717826,47.284506,39.720996,19.427176
47.225482,39.717826,47.208051,39.634353,15.738842
47.225482,39.717826,47.252037,39.795119,18.242676
47.225482,39.717826,47.2102,39.693253,7.74165
47.225482,39.717826,47.252637,39.713811,7.932905
47.225482,39.717826,47.214527,39.618866,16.530043
47.225482,39.717826,47.25344,39.70265,9.180736
47.225482,39.717826,47.23422,39.601897,19.203896
47.225482,39.717826,47.157576,39.548447,16.56552
47.225482,39.717826,47.225003,39.701557,3.9370217
47.225482,39.717826,47.246689,39.768088,9.6116085
47.225482,39.717826,47.192543,39.619834,16.56552
47.225482,39.717826,47.208258,39.655767,9.055864
47.225482,39.717826,47.269791,39.70937,9.862181
47.225482,39.717826,47.259806,39.797556,19.427176
47.225482,39.717826,47.220417,39.710437,5.0433197
47.225482,39.717826,47.335456,39.726704,20.18896
47.225482,39.717826,47.264228,39.782109,19.427176
47.225482,39.717826,47.245067,39.768986,9.6116085
47.225482,39.717826,47.235766,39.709952,6.1397147
47.225482,39.717826,47.22715,39.697301,4.0543046
47.225482,39.717826,47.351676,39.715568,20.12564
47.225482,39.717826,47.228341,39.750748,6.789513
47.225482,39.717826,47.25395,39.859736,19.243864
47.225482,39.717826,47.236558,39.808849,18.242676
47.225482,39.717826,47.255083,39.784906,17.104422
47.225482,39.717826,47.237471,39.683453,8.097669
47.225482,39.717826,47.292527,39.713823,20.081852
47.225482,39.717826,47.302238,39.733057,20.18896
47.225482,39.717826,47.300208,39.773554,20.18896
47.225482,39.717826,47.281576,39.757079,19.427176
47.225482,39.717826,47.235766,39.709952,6.1397147
47.225482,39.717826,47.247937,39.739602,8.147087
47.225482,39.717826,47.265936,39.666501,20.441965
47.225482,39.717826,47.279361,39.682489,19.53702
47.225482,39.717826,47.245582,39.768551,9.6116085
47.225482,39.717826,47.235766,39.709952,6.1397147
47.225482,39.717826,47.198113,39.631899,15.738842
47.225482,39.717826,47.247054,39.748018,9.6116085
47.225482,39.717826,47.247697,39.772563,9.6116085
47.225482,39.717826,47.28076,39.819036,20.18896
47.225482,39.717826,47.241503,39.774149,9.6116085
47.225482,39.717826,47.218686,39.618666,16.84728
47.225482,39.717826,47.235766,39.709952,6.1397147
47.225482,39.717826,47.221331,39.70597,4.1210694
47.225482,39.717826,47.259644,39.77309,18.888514
47.225482,39.717826,47.220683,39.730255,4.784853
47.225482,39.717826,47.235766,39.709952,6.1397147
47.225482,39.717826,47.237471,39.683453,8.097669
47.225482,39.717826,47.301125,39.719899,20.18896
47.225482,39.717826,47.236875,39.739626,7.977483
47.225482,39.717826,47.207524,39.630705,15.738842
47.225482,39.717826,47.282544,39.715706,20.194214
47.225482,39.717826,47.280988,39.808406,20.18896
47.225482,39.717826,47.304403,39.642289,20.143353
47.225482,39.717826,47.291651,39.826587,20.18896
47.225482,39.717826,47.288683,39.696426,19.495504
47.225482,39.717826,47.350817,39.72822,20.18896
47.225482,39.717826,47.314746,39.776991,20.18896
47.255549,39.644401,47.21805,39.697207,18.298008
47.255549,39.644401,47.217621,39.707611,18.48108
47.255549,39.644401,47.221096,39.69097,20.844036
47.255549,39.644401,47.225482,39.717826,18.117683
47.255549,39.644401,47.224904,39.711349,17.880096
47.255549,39.644401,47.210328,39.692724,22.532
47.255549,39.644401,47.233896,39.61461,8.954248
47.255549,39.644401,47.223208,39.697369,17.785395
47.255549,39.644401,47.218795,39.707842,19.238846
47.255549,39.644401,47.252899,39.764581,18.68329
47.255549,39.644401,47.214927,39.705652,17.324123
47.255549,39.644401,47.273902,39.684949,9.595368
47.255549,39.644401,47.226024,39.729858,18.577703
47.255549,39.644401,47.229064,39.628654,8.711146
47.255549,39.644401,47.219161,39.705761,18.488695
47.255549,39.644401,47.249401,39.735175,17.762432
47.255549,39.644401,47.245568,39.680052,7.568423
47.255549,39.644401,47.219812,39.715458,18.061533
47.255549,39.644401,47.238981,39.694731,9.40931
47.255549,39.644401,47.22192,39.724959,18.215755
47.255549,39.644401,47.230965,39.686521,10.509944
47.255549,39.644401,47.226262,39.73101,18.637486
47.255549,39.644401,47.256223,39.704661,9.018061
47.255549,39.644401,47.222052,39.715387,18.155964
47.255549,39.644401,47.297733,39.701845,19.002977
47.255549,39.644401,47.296659,39.717094,18.668547
47.255549,39.644401,47.21889,39.713986,18.061533
47.255549,39.644401,47.223083,39.698421,18.113106
47.255549,39.644401,47.222549,39.72163,18.215755
47.255549,39.644401,47.231065,39.75563,19.498602
47.255549,39.644401,47.284506,39.720996,18.741634
47.255549,39.644401,47.208051,39.634353,18.621498
47.255549,39.644401,47.252037,39.795119,18.68329
47.255549,39.644401,47.2102,39.693253,22.532
47.255549,39.644401,47.252637,39.713811,17.257795
47.255549,39.644401,47.214527,39.618866,11.226951
47.255549,39.644401,47.25344,39.70265,8.745835
47.255549,39.644401,47.23422,39.601897,8.954248
47.255549,39.644401,47.157576,39.548447,18.666662
47.255549,39.644401,47.225003,39.701557,17.77868
47.255549,39.644401,47.246689,39.768088,18.68329
47.255549,39.644401,47.192543,39.619834,17.936403
47.255549,39.644401,47.208258,39.655767,20.252808
47.255549,39.644401,47.269791,39.70937,9.166253
47.255549,39.644401,47.259806,39.797556,19.500444
47.255549,39.644401,47.220417,39.710437,19.238846
47.255549,39.644401,47.335456,39.726704,19.500444
47.255549,39.644401,47.264228,39.782109,19.500444
47.255549,39.644401,47.245067,39.768986,18.68329
47.255549,39.644401,47.235766,39.709952,16.829185
47.255549,39.644401,47.22715,39.697301,9.51715
47.255549,39.644401,47.351676,39.715568,19.376945
47.255549,39.644401,47.228341,39.750748,19.498602
47.255549,39.644401,47.25395,39.859736,18.68329
47.255549,39.644401,47.236558,39.808849,18.68329
47.255549,39.644401,47.255083,39.784906,18.68329
47.255549,39.644401,47.237471,39.683453,9.301647
47.255549,39.644401,47.292527,39.713823,18.668547
47.255549,39.644401,47.302238,39.733057,19.500444
47.255549,39.644401,47.300208,39.773554,19.500444
47.255549,39.644401,47.281576,39.757079,19.500444
47.255549,39.644401,47.235766,39.709952,16.829185
47.255549,39.644401,47.247937,39.739602,17.762432
47.255549,39.644401,47.265936,39.666501,7.327188
47.255549,39.644401,47.279361,39.682489,9.595368
47.255549,39.644401,47.245582,39.768551,18.68329
47.255549,39.644401,47.235766,39.709952,16.829185
47.255549,39.644401,47.198113,39.631899,17.50159
47.255549,39.644401,47.247054,39.748018,18.68329
47.255549,39.644401,47.247697,39.772563,18.68329
47.255549,39.644401,47.28076,39.819036,19.500444
47.255549,39.644401,47.241503,39.774149,18.68329
47.255549,39.644401,47.218686,39.618666,10.467701
47.255549,39.644401,47.235766,39.709952,16.829185
47.255549,39.644401,47.221331,39.70597,18.038717
47.255549,39.644401,47.259644,39.77309,19.500444
47.255549,39.644401,47.220683,39.730255,18.660587
47.255549,39.644401,47.235766,39.709952,16.829185
47.255549,39.644401,47.237471,39.683453,9.301647
47.255549,39.644401,47.301125,39.719899,19.391436
47.255549,39.644401,47.236875,39.739626,18.566687
47.255549,39.644401,47.207524,39.630705,18.110516
47.255549,39.644401,47.282544,39.715706,18.499044
47.255549,39.644401,47.280988,39.808406,19.500444
47.255549,39.644401,47.304403,39.642289,18.46735
47.255549,39.644401,47.291651,39.826587,19.500444
47.255549,39.644401,47.288683,39.696426,19.985384
47.255549,39.644401,47.350817,39.72822,19.500444
47.255549,39.644401,47.314746,39.776991,19.500444
47.224904,39.711349,47.21805,39.697207,4.097889
47.224904,39.711349,47.217621,39.707611,5.474892
47.224904,39.711349,47.221096,39.69097,5.80212
47.224904,39.711349,47.225482,39.717826,3.8785255
47.224904,39.711349,47.255549,39.644401,20.648527
47.224904,39.711349,47.210328,39.692724,7.673957
47.224904,39.711349,47.233896,39.61461,19.444065
47.224904,39.711349,47.223208,39.697369,3.6081023
47.224904,39.711349,47.218795,39.707842,4.6221576
47.224904,39.711349,47.252899,39.764581,9.941449
47.224904,39.711349,47.214927,39.705652,5.463581
47.224904,39.711349,47.273902,39.684949,20.651325
47.224904,39.711349,47.226024,39.729858,5.2308316
47.224904,39.711349,47.229064,39.628654,18.437885
47.224904,39.711349,47.219161,39.705761,4.263235
47.224904,39.711349,47.249401,39.735175,8.47693
47.224904,39.711349,47.245568,39.680052,9.672617
47.224904,39.711349,47.219812,39.715458,3.2088435
47.224904,39.711349,47.238981,39.694731,7.907233
47.224904,39.711349,47.22192,39.724959,4.49312
47.224904,39.711349,47.230965,39.686521,6.5772214
47.224904,39.711349,47.226262,39.73101,5.237849
47.224904,39.711349,47.256223,39.704661,9.906943
47.224904,39.711349,47.222052,39.715387,2.1670434
47.224904,39.711349,47.297733,39.701845,20.373472
47.224904,39.711349,47.296659,39.717094,20.350353
47.224904,39.711349,47.21889,39.713986,3.2088435
47.224904,39.711349,47.223083,39.698421,3.9580302
47.224904,39.711349,47.222549,39.72163,4.973649
47.224904,39.711349,47.231065,39.75563,8.451198
47.224904,39.711349,47.284506,39.720996,19.59757
47.224904,39.711349,47.208051,39.634353,15.896026
47.224904,39.711349,47.252037,39.795119,18.442572
47.224904,39.711349,47.2102,39.693253,7.5855746
47.224904,39.711349,47.252637,39.713811,8.234044
47.224904,39.711349,47.214527,39.618866,15.790991
47.224904,39.711349,47.25344,39.70265,7.8693953
47.224904,39.711349,47.23422,39.601897,19.492498
47.224904,39.711349,47.157576,39.548447,16.67377
47.224904,39.711349,47.225003,39.701557,3.8154774
47.224904,39.711349,47.246689,39.768088,9.941449
47.224904,39.711349,47.192543,39.619834,16.638212
47.224904,39.711349,47.208258,39.655767,8.928978
47.224904,39.711349,47.269791,39.70937,10.1289215
47.224904,39.711349,47.259806,39.797556,20.348228
47.224904,39.711349,47.220417,39.710437,2.316733
47.224904,39.711349,47.335456,39.726704,20.39211
47.224904,39.711349,47.264228,39.782109,19.59757
47.224904,39.711349,47.245067,39.768986,9.941449
47.224904,39.711349,47.235766,39.709952,6.307488
47.224904,39.711349,47.22715,39.697301,4.0856304
47.224904,39.711349,47.351676,39.715568,20.350353
47.224904,39.711349,47.228341,39.750748,6.9866714
47.224904,39.711349,47.25395,39.859736,19.477716
47.224904,39.711349,47.236558,39.808849,19.42598
47.224904,39.711349,47.255083,39.784906,18.442572
47.224904,39.711349,47.237471,39.683453,8.262149
47.224904,39.711349,47.292527,39.713823,20.306475
47.224904,39.711349,47.302238,39.733057,20.39211
47.224904,39.711349,47.300208,39.773554,20.39211
47.224904,39.711349,47.281576,39.757079,19.59757
47.224904,39.711349,47.235766,39.709952,6.307488
47.224904,39.711349,47.247937,39.739602,9.941449
47.224904,39.711349,47.265936,39.666501,20.325157
47.224904,39.711349,47.279361,39.682489,20.231834
47.224904,39.711349,47.245582,39.768551,9.941449
47.224904,39.711349,47.235766,39.709952,6.307488
47.224904,39.711349,47.198113,39.631899,15.790991
47.224904,39.711349,47.247054,39.748018,9.941449
47.224904,39.711349,47.247697,39.772563,17.83039
47.224904,39.711349,47.28076,39.819036,20.39211
47.224904,39.711349,47.241503,39.774149,9.941449
47.224904,39.711349,47.218686,39.618666,16.226734
47.224904,39.711349,47.235766,39.709952,6.307488
47.224904,39.711349,47.221331,39.70597,2.7128887
47.224904,39.711349,47.259644,39.77309,18.976284
47.224904,39.711349,47.220683,39.730255,4.8819323
47.224904,39.711349,47.235766,39.709952,6.307488
47.224904,39.711349,47.237471,39.683453,8.262149
47.224904,39.711349,47.301125,39.719899,20.39211
47.224904,39.711349,47.236875,39.739626,8.473424
47.224904,39.711349,47.207524,39.630705,15.971109
47.224904,39.711349,47.282544,39.715706,19.908245
47.224904,39.711349,47.280988,39.808406,20.39211
47.224904,39.711349,47.304403,39.642289,20.427156
47.224904,39.711349,47.291651,39.826587,20.39211
47.224904,39.711349,47.288683,39.696426,19.720839
47.224904,39.711349,47.350817,39.72822,20.39211
47.224904,39.711349,47.314746,39.776991,20.39211
47.210328,39.692724,47.21805,39.697207,3.6513588
47.210328,39.692724,47.217621,39.707611,2.7748947
47.210328,39.692724,47.221096,39.69097,5.147312
47.210328,39.692724,47.225482,39.717826,6.453532
47.210328,39.692724,47.255549,39.644401,23.663254
47.210328,39.692724,47.224904,39.711349,5.922719
47.210328,39.692724,47.233896,39.61461,14.227025
47.210328,39.692724,47.223208,39.697369,4.281922
47.210328,39.692724,47.218795,39.707842,3.5508242
47.210328,39.692724,47.252899,39.764581,15.546953
47.210328,39.692724,47.214927,39.705652,4.3619657
47.210328,39.692724,47.273902,39.684949,19.959822
47.210328,39.692724,47.226024,39.729858,7.635668
47.210328,39.692724,47.229064,39.628654,14.191925
47.210328,39.692724,47.219161,39.705761,3.813892
47.210328,39.692724,47.249401,39.735175,15.687015
47.210328,39.692724,47.245568,39.680052,9.370188
47.210328,39.692724,47.219812,39.715458,5.7765374
47.210328,39.692724,47.238981,39.694731,7.879405
47.210328,39.692724,47.22192,39.724959,6.1836457
47.210328,39.692724,47.230965,39.686521,7.018821
47.210328,39.692724,47.226262,39.73101,7.635668
47.210328,39.692724,47.256223,39.704661,11.097419
47.210328,39.692724,47.222052,39.715387,6.066141
47.210328,39.692724,47.297733,39.701845,20.312527
47.210328,39.692724,47.296659,39.717094,20.18499
47.210328,39.692724,47.21889,39.713986,5.7765374
47.210328,39.692724,47.223083,39.698421,4.1254873
47.210328,39.692724,47.222549,39.72163,6.1836457
47.210328,39.692724,47.231065,39.75563,14.614114
47.210328,39.692724,47.284506,39.720996,20.23507
47.210328,39.692724,47.208051,39.634353,7.7493033
47.210328,39.692724,47.252037,39.795119,16.429531
47.210328,39.692724,47.2102,39.693253,3.8059444
47.210328,39.692724,47.252637,39.713811,8.81858
47.210328,39.692724,47.214527,39.618866,13.421879
47.210328,39.692724,47.25344,39.70265,8.866527
47.210328,39.692724,47.23422,39.601897,14.737566
47.210328,39.692724,47.157576,39.548447,13.60748
47.210328,39.692724,47.225003,39.701557,6.098059
47.210328,39.692724,47.246689,39.768088,15.546953
47.210328,39.692724,47.192543,39.619834,13.659651
47.210328,39.692724,47.208258,39.655767,7.181848
47.210328,39.692724,47.269791,39.70937,19.510378
47.210328,39.692724,47.259806,39.797556,20.23507
47.210328,39.692724,47.220417,39.710437,4.958278
47.210328,39.692724,47.335456,39.726704,20.23507
47.210328,39.692724,47.264228,39.782109,20.23507
47.210328,39.692724,47.245067,39.768986,15.546953
47.210328,39.692724,47.235766,39.709952,7.620887
47.210328,39.692724,47.22715,39.697301,6.3595057
47.210328,39.692724,47.351676,39.715568,20.18499
47.210328,39.692724,47.228341,39.750748,7.635668
47.210328,39.692724,47.25395,39.859736,16.429531
47.210328,39.692724,47.236558,39.808849,16.429531
47.210328,39.692724,47.255083,39.784906,16.429531
47.210328,39.692724,47.237471,39.683453,8.201611
47.210328,39.692724,47.292527,39.713823,20.18499
47.210328,39.692724,47.302238,39.733057,20.23507
47.210328,39.692724,47.300208,39.773554,20.23507
47.210328,39.692724,47.281576,39.757079,20.23507
47.210328,39.692724,47.235766,39.709952,7.620887
47.210328,39.692724,47.247937,39.739602,15.687015
47.210328,39.692724,47.265936,39.666501,19.959822
47.210328,39.692724,47.279361,39.682489,20.568531
47.210328,39.692724,47.245582,39.768551,15.546953
47.210328,39.692724,47.235766,39.709952,7.620887
47.210328,39.692724,47.198113,39.631899,7.7493033
47.210328,39.692724,47.247054,39.748018,15.827713
47.210328,39.692724,47.247697,39.772563,15.526371
47.210328,39.692724,47.28076,39.819036,20.23507
47.210328,39.692724,47.241503,39.774149,15.546953
47.210328,39.692724,47.218686,39.618666,13.563074
47.210328,39.692724,47.235766,39.709952,7.620887
47.210328,39.692724,47.221331,39.70597,4.7443776
47.210328,39.692724,47.259644,39.77309,20.23507
47.210328,39.692724,47.220683,39.730255,5.939012
47.210328,39.692724,47.235766,39.709952,7.620887
47.210328,39.692724,47.237471,39.683453,8.201611
47.210328,39.692724,47.301125,39.719899,20.23507
47.210328,39.692724,47.236875,39.739626,8.988894
47.210328,39.692724,47.207524,39.630705,7.7493033
47.210328,39.692724,47.282544,39.715706,20.18499
47.210328,39.692724,47.280988,39.808406,20.23507
47.210328,39.692724,47.304403,39.642289,19.844019
47.210328,39.692724,47.291651,39.826587,20.23507
47.210328,39.692724,47.288683,39.696426,20.627687
47.210328,39.692724,47.350817,39.72822,20.23507
47.210328,39.692724,47.314746,39.776991,20.23507
47.233896,39.61461,47.21805,39.697207,17.130835
47.233896,39.61461,47.217621,39.707611,17.389793
47.233896,39.61461,47.221096,39.69097,16.17342
47.233896,39.61461,47.225482,39.717826,19.565943
47.233896,39.61461,47.255549,39.644401,8.833379
47.233896,39.61461,47.224904,39.711349,18.404873
47.233896,39.61461,47.210328,39.692724,15.649992
47.233896,39.61461,47.223208,39.697369,19.361519
47.233896,39.61461,47.218795,39.707842,17.496983
47.233896,39.61461,47.252899,39.764581,18.527933
47.233896,39.61461,47.214927,39.705652,16.714342
47.233896,39.61461,47.273902,39.684949,18.246479
47.233896,39.61461,47.226024,39.729858,19.565943
47.233896,39.61461,47.229064,39.628654,6.004445
47.233896,39.61461,47.219161,39.705761,17.590452
47.233896,39.61461,47.249401,39.735175,18.527933
47.233896,39.61461,47.245568,39.680052,8.373432
47.233896,39.61461,47.219812,39.715458,18.040194
47.233896,39.61461,47.238981,39.694731,16.446394
47.233896,39.61461,47.22192,39.724959,18.424911
47.233896,39.61461,47.230965,39.686521,17.278515
47.233896,39.61461,47.226262,39.73101,19.565943
47.233896,39.61461,47.256223,39.704661,18.616896
47.233896,39.61461,47.222052,39.715387,18.197676
47.233896,39.61461,47.297733,39.701845,19.311674
47.233896,39.61461,47.296659,39.717094,19.224144
47.233896,39.61461,47.21889,39.713986,18.040194
47.233896,39.61461,47.223083,39.698421,17.876139
47.233896,39.61461,47.222549,39.72163,18.424911
47.233896,39.61461,47.231065,39.75563,19.565943
47.233896,39.61461,47.284506,39.720996,19.367512
47.233896,39.61461,47.208051,39.634353,8.702032
47.233896,39.61461,47.252037,39.795119,18.527933
47.233896,39.61461,47.2102,39.693253,16.257557
47.233896,39.61461,47.252637,39.713811,18.251184
47.233896,39.61461,47.214527,39.618866,8.673383
47.233896,39.61461,47.25344,39.70265,17.562304
47.233896,39.61461,47.23422,39.601897,5.1669836
47.233896,39.61461,47.157576,39.548447,16.722057
47.233896,39.61461,47.225003,39.701557,18.021147
47.233896,39.61461,47.246689,39.768088,18.527933
47.233896,39.61461,47.192543,39.619834,9.643036
47.233896,39.61461,47.208258,39.655767,9.809987
47.233896,39.61461,47.269791,39.70937,19.24509
47.233896,39.61461,47.259806,39.797556,19.367512
47.233896,39.61461,47.220417,39.710437,18.067331
47.233896,39.61461,47.335456,39.726704,19.367512
47.233896,39.61461,47.264228,39.782109,19.367512
47.233896,39.61461,47.245067,39.768986,18.527933
47.233896,39.61461,47.235766,39.709952,17.435036
47.233896,39.61461,47.22715,39.697301,20.321892
47.233896,39.61461,47.351676,39.715568,19.224144
47.233896,39.61461,47.228341,39.750748,19.565943
47.233896,39.61461,47.25395,39.859736,18.527933
47.233896,39.61461,47.236558,39.808849,18.527933
47.233896,39.61461,47.255083,39.784906,18.527933
47.233896,39.61461,47.237471,39.683453,16.785519
47.233896,39.61461,47.292527,39.713823,19.224144
47.233896,39.61461,47.302238,39.733057,19.367512
47.233896,39.61461,47.300208,39.773554,19.367512
47.233896,39.61461,47.281576,39.757079,19.367512
47.233896,39.61461,47.235766,39.709952,17.435036
47.233896,39.61461,47.247937,39.739602,18.527933
47.233896,39.61461,47.265936,39.666501,18.223715
47.233896,39.61461,47.279361,39.682489,18.246479
47.233896,39.61461,47.245582,39.768551,18.527933
47.233896,39.61461,47.235766,39.709952,17.435036
47.233896,39.61461,47.198113,39.631899,9.643036
47.233896,39.61461,47.247054,39.748018,18.527933
47.233896,39.61461,47.247697,39.772563,18.527933
47.233896,39.61461,47.28076,39.819036,19.367512
47.233896,39.61461,47.241503,39.774149,18.527933
47.233896,39.61461,47.218686,39.618666,6.5674925
47.233896,39.61461,47.235766,39.709952,17.435036
47.233896,39.61461,47.221331,39.70597,17.749031
47.233896,39.61461,47.259644,39.77309,19.367512
47.233896,39.61461,47.220683,39.730255,18.24961
47.233896,39.61461,47.235766,39.709952,17.435036
47.233896,39.61461,47.237471,39.683453,16.785519
47.233896,39.61461,47.301125,39.719899,19.367512
47.233896,39.61461,47.236875,39.739626,18.527933
47.233896,39.61461,47.207524,39.630705,8.702032
47.233896,39.61461,47.282544,39.715706,19.224144
47.233896,39.61461,47.280988,39.808406,19.367512
47.233896,39.61461,47.304403,39.642289,18.835587
47.233896,39.61461,47.291651,39.826587,19.367512
47.233896,39.61461,47.288683,39.696426,19.036663
47.233896,39.61461,47.350817,39.72822,19.367512
47.233896,39.61461,47.314746,39.776991,19.367512
47.223208,39.697369,47.21805,39.697207,1.6318694
47.223208,39.697369,47.217621,39.707611,3.3104305
47.223208,39.697369,47.221096,39.69097,3.592422
47.223208,39.697369,47.225482,39.717826,6.078303
47.223208,39.697369,47.255549,39.644401,20.71916
47.223208,39.697369,47.224904,39.711349,3.883743
47.223208,39.697369,47.210328,39.692724,6.074065
47.223208,39.697369,47.233896,39.61461,17.623337
47.223208,39.697369,47.218795,39.707842,3.8983164
47.223208,39.697369,47.252899,39.764581,17.260662
47.223208,39.697369,47.214927,39.705652,4.6431575
47.223208,39.697369,47.273902,39.684949,20.71916
47.223208,39.697369,47.226024,39.729858,7.297299
47.223208,39.697369,47.229064,39.628654,15.963181
47.223208,39.697369,47.219161,39.705761,3.9695175
47.223208,39.697369,47.249401,39.735175,10.082867
47.223208,39.697369,47.245568,39.680052,8.374403
47.223208,39.697369,47.219812,39.715458,4.475253
47.223208,39.697369,47.238981,39.694731,8.254838
47.223208,39.697369,47.22192,39.724959,6.5624356
47.223208,39.697369,47.230965,39.686521,4.903812
47.223208,39.697369,47.226262,39.73101,7.242763
47.223208,39.697369,47.256223,39.704661,10.501108
47.223208,39.697369,47.222052,39.715387,4.607535
47.223208,39.697369,47.297733,39.701845,20.300291
47.223208,39.697369,47.296659,39.717094,20.278767
47.223208,39.697369,47.21889,39.713986,4.5980372
47.223208,39.697369,47.223083,39.698421,1.8356304
47.223208,39.697369,47.222549,39.72163,6.63317
47.223208,39.697369,47.231065,39.75563,8.625715
47.223208,39.697369,47.284506,39.720996,19.655195
47.223208,39.697369,47.208051,39.634353,8.729259
47.223208,39.697369,47.252037,39.795119,18.687662
47.223208,39.697369,47.2102,39.693253,6.074065
47.223208,39.697369,47.252637,39.713811,9.726917
47.223208,39.697369,47.214527,39.618866,15.171075
47.223208,39.697369,47.25344,39.70265,9.603966
47.223208,39.697369,47.23422,39.601897,17.338316
47.223208,39.697369,47.157576,39.548447,15.7931
47.223208,39.697369,47.225003,39.701557,1.8521796
47.223208,39.697369,47.246689,39.768088,17.260662
47.223208,39.697369,47.192543,39.619834,15.112339
47.223208,39.697369,47.208258,39.655767,8.849887
47.223208,39.697369,47.269791,39.70937,19.685751
47.223208,39.697369,47.259806,39.797556,20.381733
47.223208,39.697369,47.220417,39.710437,3.8466349
47.223208,39.697369,47.335456,39.726704,20.381733
47.223208,39.697369,47.264228,39.782109,20.381733
47.223208,39.697369,47.245067,39.768986,17.499037
47.223208,39.697369,47.235766,39.709952,7.554686
47.223208,39.697369,47.22715,39.697301,3.2049427
47.223208,39.697369,47.351676,39.715568,20.278767
47.223208,39.697369,47.228341,39.750748,8.625715
47.223208,39.697369,47.25395,39.859736,18.687662
47.223208,39.697369,47.236558,39.808849,18.687662
47.223208,39.697369,47.255083,39.784906,18.593954
47.223208,39.697369,47.237471,39.683453,8.285538
47.223208,39.697369,47.292527,39.713823,20.19368
47.223208,39.697369,47.302238,39.733057,20.381733
47.223208,39.697369,47.300208,39.773554,20.381733
47.223208,39.697369,47.281576,39.757079,20.381733
47.223208,39.697369,47.235766,39.709952,7.554686
47.223208,39.697369,47.247937,39.739602,10.082867
47.223208,39.697369,47.265936,39.666501,20.9152
47.223208,39.697369,47.279361,39.682489,21.43079
47.223208,39.697369,47.245582,39.768551,17.499037
47.223208,39.697369,47.235766,39.709952,7.554686
47.223208,39.697369,47.198113,39.631899,15.127629
47.223208,39.697369,47.247054,39.748018,10.082867
47.223208,39.697369,47.247697,39.772563,18.653313
47.223208,39.697369,47.28076,39.819036,20.381733
47.223208,39.697369,47.241503,39.774149,17.736937
47.223208,39.697369,47.218686,39.618666,15.27863
47.223208,39.697369,47.235766,39.709952,7.554686
47.223208,39.697369,47.221331,39.70597,2.6218498
47.223208,39.697369,47.259644,39.77309,19.655195
47.223208,39.697369,47.220683,39.730255,6.6186595
47.223208,39.697369,47.235766,39.709952,7.554686
47.223208,39.697369,47.237471,39.683453,8.285538
47.223208,39.697369,47.301125,39.719899,20.381733
47.223208,39.697369,47.236875,39.739626,10.082867
47.223208,39.697369,47.207524,39.630705,15.62939
47.223208,39.697369,47.282544,39.715706,19.580456
47.223208,39.697369,47.280988,39.808406,20.381733
47.223208,39.697369,47.304403,39.642289,20.080791
47.223208,39.697369,47.291651,39.826587,20.381733
47.223208,39.697369,47.288683,39.696426,19.711222
47.223208,39.697369,47.350817,39.72822,20.381733
47.223208,39.697369,47.314746,39.776991,20.381733
47.218795,39.707842,47.21805,39.697207,4.257885
47.218795,39.707842,47.217621,39.707611,2.9205968
47.218795,39.707842,47.221096,39.69097,4.730397
47.218795,39.707842,47.225482,39.717826,4.921095
47.218795,39.707842,47.255549,39.644401,22.079153
47.218795,39.707842,47.224904,39.711349,3.9956322
47.218795,39.707842,47.210328,39.692724,4.8798203
47.218795,39.707842,47.233896,39.61461,16.255869
47.218795,39.707842,47.223208,39.697369,4.124533
47.218795,39.707842,47.252899,39.764581,16.98256
47.218795,39.707842,47.214927,39.705652,3.3579025
47.218795,39.707842,47.273902,39.684949,21.790678
47.218795,39.707842,47.226024,39.729858,6.8896637
47.218795,39.707842,47.229064,39.628654,15.098131
47.218795,39.707842,47.219161,39.705761,2.0586267
47.218795,39.707842,47.249401,39.735175,9.746447
47.218795,39.707842,47.245568,39.680052,9.464656
47.218795,39.707842,47.219812,39.715458,2.9918926
47.218795,39.707842,47.238981,39.694731,8.048003
47.218795,39.707842,47.22192,39.724959,4.812632
47.218795,39.707842,47.230965,39.686521,6.5724726
47.218795,39.707842,47.226262,39.73101,6.8896637
47.218795,39.707842,47.256223,39.704661,11.011998
47.218795,39.707842,47.222052,39.715387,2.9432278
47.218795,39.707842,47.297733,39.701845,20.748331
47.218795,39.707842,47.296659,39.717094,20.707605
47.218795,39.707842,47.21889,39.713986,1.9486941
47.218795,39.707842,47.223083,39.698421,4.5514364
47.218795,39.707842,47.222549,39.72163,4.506227
47.218795,39.707842,47.231065,39.75563,8.288982
47.218795,39.707842,47.284506,39.720996,20.705019
47.218795,39.707842,47.208051,39.634353,14.639181
47.218795,39.707842,47.252037,39.795119,17.871838
47.218795,39.707842,47.2102,39.693253,5.02947
47.218795,39.707842,47.252637,39.713811,9.531999
47.218795,39.707842,47.214527,39.618866,14.370808
47.218795,39.707842,47.25344,39.70265,9.4439335
47.218795,39.707842,47.23422,39.601897,17.45044
47.218795,39.707842,47.157576,39.548447,15.094067
47.218795,39.707842,47.225003,39.701557,4.4666414
47.218795,39.707842,47.246689,39.768088,16.98256
47.218795,39.707842,47.192543,39.619834,14.232801
47.218795,39.707842,47.208258,39.655767,8.208391
47.218795,39.707842,47.269791,39.70937,20.082678
47.218795,39.707842,47.259806,39.797556,20.790268
47.218795,39.707842,47.220417,39.710437,1.9715081
47.218795,39.707842,47.335456,39.726704,20.790268
47.218795,39.707842,47.264228,39.782109,20.705019
47.218795,39.707842,47.245067,39.768986,16.98256
47.218795,39.707842,47.235766,39.709952,7.9547305
47.218795,39.707842,47.22715,39.697301,4.4960012
47.218795,39.707842,47.351676,39.715568,20.707605
47.218795,39.707842,47.228341,39.750748,8.288982
47.218795,39.707842,47.25395,39.859736,17.965017
47.218795,39.707842,47.236558,39.808849,17.965017
47.218795,39.707842,47.255083,39.784906,17.063349
47.218795,39.707842,47.237471,39.683453,8.096286
47.218795,39.707842,47.292527,39.713823,20.707605
47.218795,39.707842,47.302238,39.733057,20.790268
47.218795,39.707842,47.300208,39.773554,20.790268
47.218795,39.707842,47.281576,39.757079,20.790268
47.218795,39.707842,47.235766,39.709952,7.9547305
47.218795,39.707842,47.247937,39.739602,9.746447
47.218795,39.707842,47.265936,39.666501,21.633902
47.218795,39.707842,47.279361,39.682489,20.091496
47.218795,39.707842,47.245582,39.768551,16.98256
47.218795,39.707842,47.235766,39.709952,7.9547305
47.218795,39.707842,47.198113,39.631899,15.086905
47.218795,39.707842,47.247054,39.748018,9.746447
47.218795,39.707842,47.247697,39.772563,17.082169
47.218795,39.707842,47.28076,39.819036,20.790268
47.218795,39.707842,47.241503,39.774149,16.98256
47.218795,39.707842,47.218686,39.618666,14.771587
47.218795,39.707842,47.235766,39.709952,7.9547305
47.218795,39.707842,47.221331,39.70597,2.1988177
47.218795,39.707842,47.259644,39.77309,20.051329
47.218795,39.707842,47.220683,39.730255,5.7849307
47.218795,39.707842,47.235766,39.709952,7.9547305
47.218795,39.707842,47.237471,39.683453,8.096286
47.218795,39.707842,47.301125,39.719899,20.790268
47.218795,39.707842,47.236875,39.739626,8.366468
47.218795,39.707842,47.207524,39.630705,14.681843
47.218795,39.707842,47.282544,39.715706,19.996588
47.218795,39.707842,47.280988,39.808406,20.790268
47.218795,39.707842,47.304403,39.642289,20.426794
47.218795,39.707842,47.291651,39.826587,20.790268
47.218795,39.707842,47.288683,39.696426,20.741732
47.218795,39.707842,47.350817,39.72822,20.790268
47.218795,39.707842,47.314746,39.776991,20.790268
47.252899,39.764581,47.21805,39.697207,18.111614
47.252899,39.764581,47.217621,39.707611,17.495728
47.252899,39.764581,47.221096,39.69097,18.049528
47.252899,39.764581,47.225482,39.717826,10.290183
47.252899,39.764581,47.255549,39.644401,19.904606
47.252899,39.764581,47.224904,39.711349,9.853231
47.252899,39.764581,47.210328,39.692724,17.409279
47.252899,39.764581,47.233896,39.61461,19.016989
47.252899,39.764581,47.223208,39.697369,17.566065
47.252899,39.764581,47.218795,39.707842,17.433401
47.252899,39.764581,47.214927,39.705652,17.836432
47.252899,39.764581,47.273902,39.684949,19.62078
47.252899,39.764581,47.226024,39.729858,10.290183
47.252899,39.764581,47.229064,39.628654,19.487257
47.252899,39.764581,47.219161,39.705761,17.699741
47.252899,39.764581,47.249401,39.735175,8.147538
47.252899,39.764581,47.245568,39.680052,18.598724
47.252899,39.764581,47.219812,39.715458,18.011786
47.252899,39.764581,47.238981,39.694731,18.060398
47.252899,39.764581,47.22192,39.724959,10.270529
47.252899,39.764581,47.230965,39.686521,19.075645
47.252899,39.764581,47.226262,39.73101,10.290183
47.252899,39.764581,47.256223,39.704661,9.411418
47.252899,39.764581,47.222052,39.715387,10.184613
47.252899,39.764581,47.297733,39.701845,19.073208
47.252899,39.764581,47.296659,39.717094,18.346884
47.252899,39.764581,47.21889,39.713986,18.011786
47.252899,39.764581,47.223083,39.698421,17.454586
47.252899,39.764581,47.222549,39.72163,10.270529
47.252899,39.764581,47.231065,39.75563,8.817259
47.252899,39.764581,47.284506,39.720996,9.832979
47.252899,39.764581,47.208051,39.634353,18.043343
47.252899,39.764581,47.252037,39.795119,8.147538
47.252899,39.764581,47.2102,39.693253,17.409279
47.252899,39.764581,47.252637,39.713811,9.405992
47.252899,39.764581,47.214527,39.618866,18.043343
47.252899,39.764581,47.25344,39.70265,9.202707
47.252899,39.764581,47.23422,39.601897,19.016989
47.252899,39.764581,47.157576,39.548447,18.043343
47.252899,39.764581,47.225003,39.701557,17.608507
47.252899,39.764581,47.246689,39.768088,5.9073567
47.252899,39.764581,47.192543,39.619834,18.043343
47.252899,39.764581,47.208258,39.655767,18.10799
47.252899,39.764581,47.269791,39.70937,9.617131
47.252899,39.764581,47.259806,39.797556,8.00963
47.252899,39.764581,47.220417,39.710437,17.433401
47.252899,39.764581,47.335456,39.726704,19.784996
47.252899,39.764581,47.264228,39.782109,7.7602572
47.252899,39.764581,47.245067,39.768986,5.8922963
47.252899,39.764581,47.235766,39.709952,9.404364
47.252899,39.764581,47.22715,39.697301,18.004395
47.252899,39.764581,47.351676,39.715568,19.72139
47.252899,39.764581,47.228341,39.750748,8.825662
47.252899,39.764581,47.25395,39.859736,18.092318
47.252899,39.764581,47.236558,39.808849,9.620462
47.252899,39.764581,47.255083,39.784906,6.032305
47.252899,39.764581,47.237471,39.683453,20.035639
47.252899,39.764581,47.292527,39.713823,18.576218
47.252899,39.764581,47.302238,39.733057,18.369913
47.252899,39.764581,47.300208,39.773554,18.63624
47.252899,39.764581,47.281576,39.757079,8.00963
47.252899,39.764581,47.235766,39.709952,9.404364
47.252899,39.764581,47.247937,39.739602,7.9053955
47.252899,39.764581,47.265936,39.666501,19.86383
47.252899,39.764581,47.279361,39.682489,19.14843
47.252899,39.764581,47.245582,39.768551,6.1413374
47.252899,39.764581,47.235766,39.709952,9.404364
47.252899,39.764581,47.198113,39.631899,18.043343
47.252899,39.764581,47.247054,39.748018,6.0856833
47.252899,39.764581,47.247697,39.772563,6.2144756
47.252899,39.764581,47.28076,39.819036,9.832979
47.252899,39.764581,47.241503,39.774149,6.0856833
47.252899,39.764581,47.218686,39.618666,18.459532
47.252899,39.764581,47.235766,39.709952,9.404364
47.252899,39.764581,47.221331,39.70597,17.59582
47.252899,39.764581,47.259644,39.77309,5.7516913
47.252899,39.764581,47.220683,39.730255,10.322931
47.252899,39.764581,47.235766,39.709952,9.404364
47.252899,39.764581,47.237471,39.683453,20.035639
47.252899,39.764581,47.301125,39.719899,19.8072
47.252899,39.764581,47.236875,39.739626,8.155939
47.252899,39.764581,47.207524,39.630705,18.043343
47.252899,39.764581,47.282544,39.715706,9.618876
47.252899,39.764581,47.280988,39.808406,9.832979
47.252899,39.764581,47.304403,39.642289,19.760572
47.252899,39.764581,47.291651,39.826587,19.8072
47.252899,39.764581,47.288683,39.696426,19.106918
47.252899,39.764581,47.350817,39.72822,19.784996
47.252899,39.764581,47.314746,39.776991,19.023209
47.214927,39.705652,47.21805,39.697207,2.4342632
47.214927,39.705652,47.217621,39.707611,1.665458
47.214927,39.705652,47.221096,39.69097,5.183384
47.214927,39.705652,47.225482,39.717826,4.7394814
47.214927,39.705652,47.255549,39.644401,19.364134
47.214927,39.705652,47.224904,39.711349,3.3440936
47.214927,39.705652,47.210328,39.692724,4.693025
47.214927,39.705652,47.233896,39.61461,14.746535
47.214927,39.705652,47.223208,39.697369,4.2107964
47.214927,39.705652,47.218795,39.707842,0.8496699
47.214927,39.705652,47.252899,39.764581,15.893702
47.214927,39.705652,47.273902,39.684949,19.675278
47.214927,39.705652,47.226024,39.729858,6.9354453
47.214927,39.705652,47.229064,39.628654,13.876579
47.214927,39.705652,47.219161,39.705761,1.6563965
47.214927,39.705652,47.249401,39.735175,9.298273
47.214927,39.705652,47.245568,39.680052,9.37925
47.214927,39.705652,47.219812,39.715458,2.9549863
47.214927,39.705652,47.238981,39.694731,8.188948
47.214927,39.705652,47.22192,39.724959,5.519297
47.214927,39.705652,47.230965,39.686521,7.2617917
47.214927,39.705652,47.226262,39.73101,6.9354453
47.214927,39.705652,47.256223,39.704661,11.24464
47.214927,39.705652,47.222052,39.715387,3.3646672
47.214927,39.705652,47.297733,39.701845,20.169249
47.214927,39.705652,47.296659,39.717094,20.04761
47.214927,39.705652,47.21889,39.713986,2.997546
47.214927,39.705652,47.223083,39.698421,4.072582
47.214927,39.705652,47.222549,39.72163,4.0312815
47.214927,39.705652,47.231065,39.75563,8.001396
47.214927,39.705652,47.284506,39.720996,20.030424
47.214927,39.705652,47.208051,39.634353,13.357154
47.214927,39.705652,47.252037,39.795119,16.371159
47.214927,39.705652,47.2102,39.693253,4.693025
47.214927,39.705652,47.252637,39.713811,9.066059
47.214927,39.705652,47.214527,39.618866,12.856235
47.214927,39.705652,47.25344,39.70265,9.108831
47.214927,39.705652,47.23422,39.601897,15.682596
47.214927,39.705652,47.157576,39.548447,13.56073
47.214927,39.705652,47.225003,39.701557,4.02909
47.214927,39.705652,47.246689,39.768088,15.776955
47.214927,39.705652,47.192543,39.619834,12.856235
47.214927,39.705652,47.208258,39.655767,8.083495
47.214927,39.705652,47.269791,39.70937,19.873514
47.214927,39.705652,47.259806,39.797556,20.114061
47.214927,39.705652,47.220417,39.710437,1.8331637
47.214927,39.705652,47.335456,39.726704,20.114061
47.214927,39.705652,47.264228,39.782109,20.114061
47.214927,39.705652,47.245067,39.768986,15.776955
47.214927,39.705652,47.235766,39.709952,7.9750276
47.214927,39.705652,47.22715,39.697301,4.524776
47.214927,39.705652,47.351676,39.715568,20.04761
47.214927,39.705652,47.228341,39.750748,8.001396
47.214927,39.705652,47.25395,39.859736,16.371159
47.214927,39.705652,47.236558,39.808849,16.371159
47.214927,39.705652,47.255083,39.784906,16.287216
47.214927,39.705652,47.237471,39.683453,8.49585
47.214927,39.705652,47.292527,39.713823,20.04761
47.214927,39.705652,47.302238,39.733057,20.114061
47.214927,39.705652,47.300208,39.773554,20.114061
47.214927,39.705652,47.281576,39.757079,20.114061
47.214927,39.705652,47.235766,39.709952,7.9750276
47.214927,39.705652,47.247937,39.739602,9.298273
47.214927,39.705652,47.265936,39.666501,20.026224
47.214927,39.705652,47.279361,39.682489,20.26895
47.214927,39.705652,47.245582,39.768551,15.776955
47.214927,39.705652,47.235766,39.709952,7.9750276
47.214927,39.705652,47.198113,39.631899,13.556857
47.214927,39.705652,47.247054,39.748018,9.298273
47.214927,39.705652,47.247697,39.772563,17.709133
47.214927,39.705652,47.28076,39.819036,20.114061
47.214927,39.705652,47.241503,39.774149,15.591072
47.214927,39.705652,47.218686,39.618666,13.201309
47.214927,39.705652,47.235766,39.709952,7.9750276
47.214927,39.705652,47.221331,39.70597,2.9308195
47.214927,39.705652,47.259644,39.77309,19.423983
47.214927,39.705652,47.220683,39.730255,6.0767365
47.214927,39.705652,47.235766,39.709952,7.9750276
47.214927,39.705652,47.237471,39.683453,8.49585
47.214927,39.705652,47.301125,39.719899,20.114061
47.214927,39.705652,47.236875,39.739626,9.298273
47.214927,39.705652,47.207524,39.630705,13.357154
47.214927,39.705652,47.282544,39.715706,19.964731
47.214927,39.705652,47.280988,39.808406,20.114061
47.214927,39.705652,47.304403,39.642289,19.733751
47.214927,39.705652,47.291651,39.826587,20.114061
47.214927,39.705652,47.288683,39.696426,20.327961
47.214927,39.705652,47.350817,39.72822,20.114061
47.214927,39.705652,47.314746,39.776991,20.114061
47.273902,39.684949,47.21805,39.697207,20.795359
47.273902,39.684949,47.217621,39.707611,18.225622
47.273902,39.684949,47.221096,39.69097,20.492628
47.273902,39.684949,47.225482,39.717826,17.860832
47.273902,39.684949,47.255549,39.644401,9.595368
47.273902,39.684949,47.224904,39.711349,17.615412
47.273902,39.684949,47.210328,39.692724,18.463623
47.273902,39.684949,47.233896,39.61461,17.742512
47.273902,39.684949,47.223208,39.697369,17.785395
47.273902,39.684949,47.218795,39.707842,19.016207
47.273902,39.684949,47.252899,39.764581,17.933397
47.273902,39.684949,47.214927,39.705652,17.733633
47.273902,39.684949,47.226024,39.729858,19.530708
47.273902,39.684949,47.229064,39.628654,18.884941
47.273902,39.684949,47.219161,39.705761,20.737421
47.273902,39.684949,47.249401,39.735175,9.202058
47.273902,39.684949,47.245568,39.680052,7.568423
47.273902,39.684949,47.219812,39.715458,18.29309
47.273902,39.684949,47.238981,39.694731,9.40931
47.273902,39.684949,47.22192,39.724959,18.215755
47.273902,39.684949,47.230965,39.686521,10.509944
47.273902,39.684949,47.226262,39.73101,19.530708
47.273902,39.684949,47.256223,39.704661,7.1592436
47.273902,39.684949,47.222052,39.715387,18.141478
47.273902,39.684949,47.297733,39.701845,7.132624
47.273902,39.684949,47.296659,39.717094,9.170828
47.273902,39.684949,47.21889,39.713986,18.061533
47.273902,39.684949,47.223083,39.698421,18.113106
47.273902,39.684949,47.222549,39.72163,19.383408
47.273902,39.684949,47.231065,39.75563,18.583244
47.273902,39.684949,47.284506,39.720996,7.6735077
47.273902,39.684949,47.208051,39.634353,18.666662
47.273902,39.684949,47.252037,39.795119,18.68329
47.273902,39.684949,47.2102,39.693253,18.463623
47.273902,39.684949,47.252637,39.713811,7.40263
47.273902,39.684949,47.214527,39.618866,18.666662
47.273902,39.684949,47.25344,39.70265,7.1721706
47.273902,39.684949,47.23422,39.601897,18.633402
47.273902,39.684949,47.157576,39.548447,18.666662
47.273902,39.684949,47.225003,39.701557,17.77868
47.273902,39.684949,47.246689,39.768088,17.762432
47.273902,39.684949,47.192543,39.619834,18.666662
47.273902,39.684949,47.208258,39.655767,18.917807
47.273902,39.684949,47.269791,39.70937,7.1606135
47.273902,39.684949,47.259806,39.797556,19.500444
47.273902,39.684949,47.220417,39.710437,20.36845
47.273902,39.684949,47.335456,39.726704,19.391436
47.273902,39.684949,47.264228,39.782109,19.391436
47.273902,39.684949,47.245067,39.768986,17.762432
47.273902,39.684949,47.235766,39.709952,8.890156
47.273902,39.684949,47.22715,39.697301,18.481092
47.273902,39.684949,47.351676,39.715568,19.376945
47.273902,39.684949,47.228341,39.750748,18.583244
47.273902,39.684949,47.25395,39.859736,18.68329
47.273902,39.684949,47.236558,39.808849,18.68329
47.273902,39.684949,47.255083,39.784906,18.566687
47.273902,39.684949,47.237471,39.683453,9.301647
47.273902,39.684949,47.292527,39.713823,7.3668466
47.273902,39.684949,47.302238,39.733057,9.4774885
47.273902,39.684949,47.300208,39.773554,18.793835
47.273902,39.684949,47.281576,39.757079,18.221054
47.273902,39.684949,47.235766,39.709952,8.890156
47.273902,39.684949,47.247937,39.739602,9.202058
47.273902,39.684949,47.265936,39.666501,6.5728045
47.273902,39.684949,47.279361,39.682489,5.2476125
47.273902,39.684949,47.245582,39.768551,17.762432
47.273902,39.684949,47.235766,39.709952,8.890156
47.273902,39.684949,47.198113,39.631899,18.666662
47.273902,39.684949,47.247054,39.748018,16.85598
47.273902,39.684949,47.247697,39.772563,17.762432
47.273902,39.684949,47.28076,39.819036,19.500444
47.273902,39.684949,47.241503,39.774149,18.566687
47.273902,39.684949,47.218686,39.618666,19.214565
47.273902,39.684949,47.235766,39.709952,8.890156
47.273902,39.684949,47.221331,39.70597,18.038717
47.273902,39.684949,47.259644,39.77309,18.741634
47.273902,39.684949,47.220683,39.730255,18.120161
47.273902,39.684949,47.235766,39.709952,8.890156
47.273902,39.684949,47.237471,39.683453,9.301647
47.273902,39.684949,47.301125,39.719899,9.4774885
47.273902,39.684949,47.236875,39.739626,17.03049
47.273902,39.684949,47.207524,39.630705,18.666662
47.273902,39.684949,47.282544,39.715706,7.405519
47.273902,39.684949,47.280988,39.808406,19.500444
47.273902,39.684949,47.304403,39.642289,9.247969
47.273902,39.684949,47.291651,39.826587,19.500444
47.273902,39.684949,47.288683,39.696426,7.266261
47.273902,39.684949,47.350817,39.72822,19.500444
47.273902,39.684949,47.314746,39.776991,19.500444
47.226024,39.729858,47.21805,39.697207,5.288374
47.226024,39.729858,47.217621,39.707611,6.0471306
47.226024,39.729858,47.221096,39.69097,7.177984
47.226024,39.729858,47.225482,39.717826,5.071962
47.226024,39.729858,47.255549,39.644401,19.533018
47.226024,39.729858,47.224904,39.711349,4.2348886
47.226024,39.729858,47.210328,39.692724,9.076281
47.226024,39.729858,47.233896,39.61461,19.203896
47.226024,39.729858,47.223208,39.697369,5.82657
47.226024,39.729858,47.218795,39.707842,6.0388994
47.226024,39.729858,47.252899,39.764581,9.6116085
47.226024,39.729858,47.214927,39.705652,6.9020996
47.226024,39.729858,47.273902,39.684949,21.316397
47.226024,39.729858,47.229064,39.628654,17.838215
47.226024,39.729858,47.219161,39.705761,5.5085416
47.226024,39.729858,47.249401,39.735175,8.147087
47.226024,39.729858,47.245568,39.680052,9.47465
47.226024,39.729858,47.219812,39.715458,4.828488
47.226024,39.729858,47.238981,39.694731,7.994726
47.226024,39.729858,47.22192,39.724959,3.2710085
47.226024,39.729858,47.230965,39.686521,8.220661
47.226024,39.729858,47.226262,39.73101,3.4914026
47.226024,39.729858,47.256223,39.704661,9.643057
47.226024,39.729858,47.222052,39.715387,4.6842985
47.226024,39.729858,47.297733,39.701845,20.162592
47.226024,39.729858,47.296659,39.717094,20.12564
47.226024,39.729858,47.21889,39.713986,4.6761823
47.226024,39.729858,47.223083,39.698421,6.0817976
47.226024,39.729858,47.222549,39.72163,4.5735855
47.226024,39.729858,47.231065,39.75563,6.6277857
47.226024,39.729858,47.284506,39.720996,19.427176
47.226024,39.729858,47.208051,39.634353,16.530043
47.226024,39.729858,47.252037,39.795119,17.198868
47.226024,39.729858,47.2102,39.693253,7.777519
47.226024,39.729858,47.252637,39.713811,7.932905
47.226024,39.729858,47.214527,39.618866,16.56552
47.226024,39.729858,47.25344,39.70265,9.180736
47.226024,39.729858,47.23422,39.601897,19.203896
47.226024,39.729858,47.157576,39.548447,16.56552
47.226024,39.729858,47.225003,39.701557,5.5149755
47.226024,39.729858,47.246689,39.768088,9.6116085
47.226024,39.729858,47.192543,39.619834,16.56552
47.226024,39.729858,47.208258,39.655767,16.759523
47.226024,39.729858,47.269791,39.70937,9.862181
47.226024,39.729858,47.259806,39.797556,20.211166
47.226024,39.729858,47.220417,39.710437,4.9129715
47.226024,39.729858,47.335456,39.726704,20.18896
47.226024,39.729858,47.264228,39.782109,19.032623
47.226024,39.729858,47.245067,39.768986,9.6116085
47.226024,39.729858,47.235766,39.709952,7.5926557
47.226024,39.729858,47.22715,39.697301,5.9707932
47.226024,39.729858,47.351676,39.715568,20.12564
47.226024,39.729858,47.228341,39.750748,5.996014
47.226024,39.729858,47.25395,39.859736,19.243864
47.226024,39.729858,47.236558,39.808849,17.104422
47.226024,39.729858,47.255083,39.784906,17.628965
47.226024,39.729858,47.237471,39.683453,9.47465
47.226024,39.729858,47.292527,39.713823,20.081852
47.226024,39.729858,47.302238,39.733057,20.18896
47.226024,39.729858,47.300208,39.773554,20.18896
47.226024,39.729858,47.281576,39.757079,19.427176
47.226024,39.729858,47.235766,39.709952,7.5926557
47.226024,39.729858,47.247937,39.739602,8.147087
47.226024,39.729858,47.265936,39.666501,19.53702
47.226024,39.729858,47.279361,39.682489,19.53702
47.226024,39.729858,47.245582,39.768551,9.6116085
47.226024,39.729858,47.235766,39.709952,7.5926557
47.226024,39.729858,47.198113,39.631899,16.56552
47.226024,39.729858,47.247054,39.748018,8.147087
47.226024,39.729858,47.247697,39.772563,9.6116085
47.226024,39.729858,47.28076,39.819036,20.18896
47.226024,39.729858,47.241503,39.774149,9.6116085
47.226024,39.729858,47.218686,39.618666,16.881998
47.226024,39.729858,47.235766,39.709952,7.5926557
47.226024,39.729858,47.221331,39.70597,5.5457215
47.226024,39.729858,47.259644,39.77309,10.07774
47.226024,39.729858,47.220683,39.730255,3.3861055
47.226024,39.729858,47.235766,39.709952,7.5926557
47.226024,39.729858,47.237471,39.683453,9.47465
47.226024,39.729858,47.301125,39.719899,20.18896
47.226024,39.729858,47.236875,39.739626,6.436903
47.226024,39.729858,47.207524,39.630705,16.530043
47.226024,39.729858,47.282544,39.715706,19.73898
47.226024,39.729858,47.280988,39.808406,20.18896
47.226024,39.729858,47.304403,39.642289,20.143353
47.226024,39.729858,47.291651,39.826587,20.18896
47.226024,39.729858,47.288683,39.696426,20.206646
47.226024,39.729858,47.350817,39.72822,20.18896
47.226024,39.729858,47.314746,39.776991,20.18896
47.229064,39.628654,47.21805,39.697207,15.197588
47.229064,39.628654,47.217621,39.707611,15.201753
47.229064,39.628654,47.221096,39.69097,7.714951
47.229064,39.628654,47.225482,39.717826,16.76979
47.229064,39.628654,47.255549,39.644401,7.177264
47.229064,39.628654,47.224904,39.711349,17.85661
47.229064,39.628654,47.210328,39.692724,15.3266735
47.229064,39.628654,47.233896,39.61461,5.5808864
47.229064,39.628654,47.223208,39.697369,15.887406
47.229064,39.628654,47.218795,39.707842,14.5323715
47.229064,39.628654,47.252899,39.764581,18.678288
47.229064,39.628654,47.214927,39.705652,14.602168
47.229064,39.628654,47.273902,39.684949,18.680613
47.229064,39.628654,47.226024,39.729858,17.652594
47.229064,39.628654,47.219161,39.705761,15.1500435
47.229064,39.628654,47.249401,39.735175,18.678288
47.229064,39.628654,47.245568,39.680052,8.492546
47.229064,39.628654,47.219812,39.715458,15.758436
47.229064,39.628654,47.238981,39.694731,8.660332
47.229064,39.628654,47.22192,39.724959,16.008106
47.229064,39.628654,47.230965,39.686521,7.687336
47.229064,39.628654,47.226262,39.73101,17.652594
47.229064,39.628654,47.256223,39.704661,19.020061
47.229064,39.628654,47.222052,39.715387,15.87238
47.229064,39.628654,47.297733,39.701845,19.714844
47.229064,39.628654,47.296659,39.717094,19.628403
47.229064,39.628654,47.21889,39.713986,15.758436
47.229064,39.628654,47.223083,39.698421,15.579977
47.229064,39.628654,47.222549,39.72163,15.944984
47.229064,39.628654,47.231065,39.75563,17.772816
47.229064,39.628654,47.284506,39.720996,19.771479
47.229064,39.628654,47.208051,39.634353,7.1672106
47.229064,39.628654,47.252037,39.795119,18.678288
47.229064,39.628654,47.2102,39.693253,15.3266735
47.229064,39.628654,47.252637,39.713811,17.561787
47.229064,39.628654,47.214527,39.618866,6.9152226
47.229064,39.628654,47.25344,39.70265,17.020744
47.229064,39.628654,47.23422,39.601897,6.9310923
47.229064,39.628654,47.157576,39.548447,15.311241
47.229064,39.628654,47.225003,39.701557,15.296428
47.229064,39.628654,47.246689,39.768088,18.678288
47.229064,39.628654,47.192543,39.619834,8.13699
47.229064,39.628654,47.208258,39.655767,7.219829
47.229064,39.628654,47.269791,39.70937,19.539103
47.229064,39.628654,47.259806,39.797556,19.771479
47.229064,39.628654,47.220417,39.710437,17.63063
47.229064,39.628654,47.335456,39.726704,19.771479
47.229064,39.628654,47.264228,39.782109,19.771479
47.229064,39.628654,47.245067,39.768986,18.678288
47.229064,39.628654,47.235766,39.709952,16.636513
47.229064,39.628654,47.22715,39.697301,7.3685737
47.229064,39.628654,47.351676,39.715568,19.628403
47.229064,39.628654,47.228341,39.750748,17.772816
47.229064,39.628654,47.25395,39.859736,18.678288
47.229064,39.628654,47.236558,39.808849,18.678288
47.229064,39.628654,47.255083,39.784906,18.678288
47.229064,39.628654,47.237471,39.683453,8.492546
47.229064,39.628654,47.292527,39.713823,19.628403
47.229064,39.628654,47.302238,39.733057,19.771479
47.229064,39.628654,47.300208,39.773554,19.771479
47.229064,39.628654,47.281576,39.757079,19.771479
47.229064,39.628654,47.235766,39.709952,16.636513
47.229064,39.628654,47.247937,39.739602,18.678288
47.229064,39.628654,47.265936,39.666501,9.162017
47.229064,39.628654,47.279361,39.682489,18.680613
47.229064,39.628654,47.245582,39.768551,18.678288
47.229064,39.628654,47.235766,39.709952,16.636513
47.229064,39.628654,47.198113,39.631899,8.13699
47.229064,39.628654,47.247054,39.748018,18.678288
47.229064,39.628654,47.247697,39.772563,18.678288
47.229064,39.628654,47.28076,39.819036,19.771479
47.229064,39.628654,47.241503,39.774149,18.678288
47.229064,39.628654,47.218686,39.618666,4.760726
47.229064,39.628654,47.235766,39.709952,16.636513
47.229064,39.628654,47.221331,39.70597,15.12624
47.229064,39.628654,47.259644,39.77309,19.771479
47.229064,39.628654,47.220683,39.730255,16.427223
47.229064,39.628654,47.235766,39.709952,16.636513
47.229064,39.628654,47.237471,39.683453,8.492546
47.229064,39.628654,47.301125,39.719899,19.771479
47.229064,39.628654,47.236875,39.739626,18.678288
47.229064,39.628654,47.207524,39.630705,7.1672106
47.229064,39.628654,47.282544,39.715706,19.628403
47.229064,39.628654,47.280988,39.808406,19.771479
47.229064,39.628654,47.304403,39.642289,19.263914
47.229064,39.628654,47.291651,39.826587,19.771479
47.229064,39.628654,47.288683,39.696426,19.4708
47.229064,39.628654,47.350817,39.72822,19.771479
47.229064,39.628654,47.314746,39.776991,19.771479
47.219161,39.705761,47.21805,39.697207,2.1777825
47.219161,39.705761,47.217621,39.707611,2.2303865
47.219161,39.705761,47.221096,39.69097,4.619233
47.219161,39.705761,47.225482,39.717826,5.1579237
47.219161,39.705761,47.255549,39.644401,21.660381
47.219161,39.705761,47.224904,39.711349,3.8177128
47.219161,39.705761,47.210328,39.692724,5.3213983
47.219161,39.705761,47.233896,39.61461,16.691889
47.219161,39.705761,47.223208,39.697369,4.2735834
47.219161,39.705761,47.218795,39.707842,1.4305762
47.219161,39.705761,47.252899,39.764581,17.219606
47.219161,39.705761,47.214927,39.705652,3.0066469
47.219161,39.705761,47.273902,39.684949,23.284054
47.219161,39.705761,47.226024,39.729858,7.3289356
47.219161,39.705761,47.229064,39.628654,15.433493
47.219161,39.705761,47.249401,39.735175,9.950459
47.219161,39.705761,47.245568,39.680052,9.591124
47.219161,39.705761,47.219812,39.715458,3.9841619
47.219161,39.705761,47.238981,39.694731,8.314224
47.219161,39.705761,47.22192,39.724959,4.912349
47.219161,39.705761,47.230965,39.686521,6.80925
47.219161,39.705761,47.226262,39.73101,7.3289356
47.219161,39.705761,47.256223,39.704661,11.068426
47.219161,39.705761,47.222052,39.715387,4.327344
47.219161,39.705761,47.297733,39.701845,20.742674
47.219161,39.705761,47.296659,39.717094,20.710287
47.219161,39.705761,47.21889,39.713986,2.5171154
47.219161,39.705761,47.223083,39.698421,2.8155305
47.219161,39.705761,47.222549,39.72163,4.7056503
47.219161,39.705761,47.231065,39.75563,8.572414
47.219161,39.705761,47.284506,39.720996,20.120073
47.219161,39.705761,47.208051,39.634353,14.742138
47.219161,39.705761,47.252037,39.795119,17.96967
47.219161,39.705761,47.2102,39.693253,5.5689554
47.219161,39.705761,47.252637,39.713811,9.621439
47.219161,39.705761,47.214527,39.618866,14.561984
47.219161,39.705761,47.25344,39.70265,9.557728
47.219161,39.705761,47.23422,39.601897,17.553406
47.219161,39.705761,47.157576,39.548447,15.146005
47.219161,39.705761,47.225003,39.701557,3.0345287
47.219161,39.705761,47.246689,39.768088,17.119236
47.219161,39.705761,47.192543,39.619834,14.561984
47.219161,39.705761,47.208258,39.655767,8.394397
47.219161,39.705761,47.269791,39.70937,20.082962
47.219161,39.705761,47.259806,39.797556,20.797626
47.219161,39.705761,47.220417,39.710437,1.4305762
47.219161,39.705761,47.335456,39.726704,20.797626
47.219161,39.705761,47.264228,39.782109,20.711082
47.219161,39.705761,47.245067,39.768986,17.119236
47.219161,39.705761,47.235766,39.709952,8.1916065
47.219161,39.705761,47.22715,39.697301,4.591339
47.219161,39.705761,47.351676,39.715568,20.710287
47.219161,39.705761,47.228341,39.750748,8.572414
47.219161,39.705761,47.25395,39.859736,18.06415
47.219161,39.705761,47.236558,39.808849,18.06415
47.219161,39.705761,47.255083,39.784906,17.303644
47.219161,39.705761,47.237471,39.683453,8.296736
47.219161,39.705761,47.292527,39.713823,20.710287
47.219161,39.705761,47.302238,39.733057,20.797626
47.219161,39.705761,47.300208,39.773554,20.797626
47.219161,39.705761,47.281576,39.757079,20.797626
47.219161,39.705761,47.235766,39.709952,8.1916065
47.219161,39.705761,47.247937,39.739602,9.950459
47.219161,39.705761,47.265936,39.666501,21.37975
47.219161,39.705761,47.279361,39.682489,20.20607
47.219161,39.705761,47.245582,39.768551,17.119236
47.219161,39.705761,47.235766,39.709952,8.1916065
47.219161,39.705761,47.198113,39.631899,14.78565
47.219161,39.705761,47.247054,39.748018,9.950459
47.219161,39.705761,47.247697,39.772563,16.982384
47.219161,39.705761,47.28076,39.819036,20.797626
47.219161,39.705761,47.241503,39.774149,17.119236
47.219161,39.705761,47.218686,39.618666,14.92645
47.219161,39.705761,47.235766,39.709952,8.1916065
47.219161,39.705761,47.221331,39.70597,1.9954063
47.219161,39.705761,47.259644,39.77309,20.17065
47.219161,39.705761,47.220683,39.730255,6.573589
47.219161,39.705761,47.235766,39.709952,8.1916065
47.219161,39.705761,47.237471,39.683453,8.296736
47.219161,39.705761,47.301125,39.719899,20.797626
47.219161,39.705761,47.236875,39.739626,8.632532
47.219161,39.705761,47.207524,39.630705,14.942013
47.219161,39.705761,47.282544,39.715706,20.11153
47.219161,39.705761,47.280988,39.808406,20.797626
47.219161,39.705761,47.304403,39.642289,20.442255
47.219161,39.705761,47.291651,39.826587,20.797626
47.219161,39.705761,47.288683,39.696426,20.748278
47.219161,39.705761,47.350817,39.72822,20.797626
47.219161,39.705761,47.314746,39.776991,20.797626
47.249401,39.735175,47.21805,39.697207,9.156925
47.249401,39.735175,47.217621,39.707611,10.200131
47.249401,39.735175,47.221096,39.69097,10.159103
47.249401,39.735175,47.225482,39.717826,8.825662
47.249401,39.735175,47.255549,39.644401,19.14843
47.249401,39.735175,47.224904,39.711349,8.259798
47.249401,39.735175,47.210328,39.692724,17.946024
47.249401,39.735175,47.233896,39.61461,19.016989
47.249401,39.735175,47.223208,39.697369,9.829646
47.249401,39.735175,47.218795,39.707842,10.234945
47.249401,39.735175,47.252899,39.764581,8.147538
47.249401,39.735175,47.214927,39.705652,10.427537
47.249401,39.735175,47.273902,39.684949,9.742115
47.249401,39.735175,47.226024,39.729858,8.825662
47.249401,39.735175,47.229064,39.628654,19.487257
47.249401,39.735175,47.219161,39.705761,9.924352
47.249401,39.735175,47.245568,39.680052,9.40128
47.249401,39.735175,47.219812,39.715458,10.237678
47.249401,39.735175,47.238981,39.694731,7.9555826
47.249401,39.735175,47.22192,39.724959,8.692728
47.249401,39.735175,47.230965,39.686521,9.935234
47.249401,39.735175,47.226262,39.73101,8.825662
47.249401,39.735175,47.256223,39.704661,7.4321113
47.249401,39.735175,47.222052,39.715387,10.184613
47.249401,39.735175,47.297733,39.701845,18.927464
47.249401,39.735175,47.296659,39.717094,18.430952
47.249401,39.735175,47.21889,39.713986,10.237678
47.249401,39.735175,47.223083,39.698421,9.920678
47.249401,39.735175,47.222549,39.72163,8.692728
47.249401,39.735175,47.231065,39.75563,8.825662
47.249401,39.735175,47.284506,39.720996,9.832979
47.249401,39.735175,47.208051,39.634353,18.043343
47.249401,39.735175,47.252037,39.795119,9.620462
47.249401,39.735175,47.2102,39.693253,17.946024
47.249401,39.735175,47.252637,39.713811,6.830902
47.249401,39.735175,47.214527,39.618866,18.043343
47.249401,39.735175,47.25344,39.70265,7.582227
47.249401,39.735175,47.23422,39.601897,19.016989
47.249401,39.735175,47.157576,39.548447,18.043343
47.249401,39.735175,47.225003,39.701557,9.594007
47.249401,39.735175,47.246689,39.768088,8.147538
47.249401,39.735175,47.192543,39.619834,18.043343
47.249401,39.735175,47.208258,39.655767,18.072517
47.249401,39.735175,47.269791,39.70937,7.7937813
47.249401,39.735175,47.259806,39.797556,9.832979
47.249401,39.735175,47.220417,39.710437,10.234945
47.249401,39.735175,47.335456,39.726704,19.784996
47.249401,39.735175,47.264228,39.782109,9.832979
47.249401,39.735175,47.245067,39.768986,8.155939
47.249401,39.735175,47.235766,39.709952,7.9256554
47.249401,39.735175,47.22715,39.697301,9.6590185
47.249401,39.735175,47.351676,39.715568,19.72139
47.249401,39.735175,47.228341,39.750748,8.825662
47.249401,39.735175,47.25395,39.859736,19.09351
47.249401,39.735175,47.236558,39.808849,17.016914
47.249401,39.735175,47.255083,39.784906,9.620462
47.249401,39.735175,47.237471,39.683453,9.40128
47.249401,39.735175,47.292527,39.713823,9.618876
47.249401,39.735175,47.302238,39.733057,18.597061
47.249401,39.735175,47.300208,39.773554,19.8072
47.249401,39.735175,47.281576,39.757079,9.832979
47.249401,39.735175,47.235766,39.709952,7.9256554
47.249401,39.735175,47.247937,39.739602,4.664165
47.249401,39.735175,47.265936,39.666501,19.720919
47.249401,39.735175,47.279361,39.682489,9.742115
47.249401,39.735175,47.245582,39.768551,8.155939
47.249401,39.735175,47.235766,39.709952,7.9256554
47.249401,39.735175,47.198113,39.631899,18.043343
47.249401,39.735175,47.247054,39.748018,5.8861732
47.249401,39.735175,47.247697,39.772563,8.155939
47.249401,39.735175,47.28076,39.819036,19.023209
47.249401,39.735175,47.241503,39.774149,8.155939
47.249401,39.735175,47.218686,39.618666,18.459532
47.249401,39.735175,47.235766,39.709952,7.9256554
47.249401,39.735175,47.221331,39.70597,9.920678
47.249401,39.735175,47.259644,39.77309,8.00963
47.249401,39.735175,47.220683,39.730255,8.745129
47.249401,39.735175,47.235766,39.709952,7.9256554
47.249401,39.735175,47.237471,39.683453,9.40128
47.249401,39.735175,47.301125,39.719899,18.597061
47.249401,39.735175,47.236875,39.739626,6.0856833
47.249401,39.735175,47.207524,39.630705,18.043343
47.249401,39.735175,47.282544,39.715706,9.618876
47.249401,39.735175,47.280988,39.808406,19.023209
47.249401,39.735175,47.304403,39.642289,19.760572
47.249401,39.735175,47.291651,39.826587,19.784996
47.249401,39.735175,47.288683,39.696426,19.689865
47.249401,39.735175,47.350817,39.72822,19.784996
47.249401,39.735175,47.314746,39.776991,19.784996
47.245568,39.680052,47.21805,39.697207,9.344089
47.245568,39.680052,47.217621,39.707611,10.051698
47.245568,39.680052,47.221096,39.69097,8.357881
47.245568,39.680052,47.225482,39.717826,10.223404
47.245568,39.680052,47.255549,39.644401,7.1957293
47.245568,39.680052,47.224904,39.711349,9.736308
47.245568,39.680052,47.210328,39.692724,10.662022
47.245568,39.680052,47.233896,39.61461,8.529367
47.245568,39.680052,47.223208,39.697369,8.287195
47.245568,39.680052,47.218795,39.707842,10.081331
47.245568,39.680052,47.252899,39.764581,17.942152
47.245568,39.680052,47.214927,39.705652,10.391145
47.245568,39.680052,47.273902,39.684949,7.1957293
47.245568,39.680052,47.226024,39.729858,10.223404
47.245568,39.680052,47.229064,39.628654,9.43583
47.245568,39.680052,47.219161,39.705761,9.943361
47.245568,39.680052,47.249401,39.735175,9.148961
47.245568,39.680052,47.219812,39.715458,10.088663
47.245568,39.680052,47.238981,39.694731,5.6945934
47.245568,39.680052,47.22192,39.724959,10.223345
47.245568,39.680052,47.230965,39.686521,7.24152
47.245568,39.680052,47.226262,39.73101,10.223404
47.245568,39.680052,47.256223,39.704661,7.0993934
47.245568,39.680052,47.222052,39.715387,10.04996
47.245568,39.680052,47.297733,39.701845,18.479578
47.245568,39.680052,47.296659,39.717094,19.54151
47.245568,39.680052,47.21889,39.713986,10.088663
47.245568,39.680052,47.223083,39.698421,8.337112
47.245568,39.680052,47.222549,39.72163,10.223345
47.245568,39.680052,47.231065,39.75563,17.930363
47.245568,39.680052,47.284506,39.720996,18.395664
47.245568,39.680052,47.208051,39.634353,16.748796
47.245568,39.680052,47.252037,39.795119,18.745478
47.245568,39.680052,47.2102,39.693253,10.662022
47.245568,39.680052,47.252637,39.713811,7.361016
47.245568,39.680052,47.214527,39.618866,16.748796
47.245568,39.680052,47.25344,39.70265,6.9255686
47.245568,39.680052,47.23422,39.601897,16.517553
47.245568,39.680052,47.157576,39.548447,17.670748
47.245568,39.680052,47.225003,39.701557,8.023206
47.245568,39.680052,47.246689,39.768088,17.778088
47.245568,39.680052,47.192543,39.619834,17.59484
47.245568,39.680052,47.208258,39.655767,10.486435
47.245568,39.680052,47.269791,39.70937,9.119587
47.245568,39.680052,47.259806,39.797556,19.49325
47.245568,39.680052,47.220417,39.710437,10.081331
47.245568,39.680052,47.335456,39.726704,19.49325
47.245568,39.680052,47.264228,39.782109,19.49325
47.245568,39.680052,47.245067,39.768986,17.778088
47.245568,39.680052,47.235766,39.709952,7.3961964
47.245568,39.680052,47.22715,39.697301,8.023342
47.245568,39.680052,47.351676,39.715568,19.356127
47.245568,39.680052,47.228341,39.750748,17.78611
47.245568,39.680052,47.25395,39.859736,18.745478
47.245568,39.680052,47.236558,39.808849,18.745478
47.245568,39.680052,47.255083,39.784906,18.745478
47.245568,39.680052,47.237471,39.683453,5.5203094
47.245568,39.680052,47.292527,39.713823,18.366516
47.245568,39.680052,47.302238,39.733057,19.382711
47.245568,39.680052,47.300208,39.773554,19.49325
47.245568,39.680052,47.281576,39.757079,18.732471
47.245568,39.680052,47.235766,39.709952,7.3961964
47.245568,39.680052,47.247937,39.739602,9.148961
47.245568,39.680052,47.265936,39.666501,7.219559
47.245568,39.680052,47.279361,39.682489,9.304274
47.245568,39.680052,47.245582,39.768551,17.778088
47.245568,39.680052,47.235766,39.709952,7.3961964
47.245568,39.680052,47.198113,39.631899,16.982376
47.245568,39.680052,47.247054,39.748018,9.148961
47.245568,39.680052,47.247697,39.772563,17.778088
47.245568,39.680052,47.28076,39.819036,19.49325
47.245568,39.680052,47.241503,39.774149,17.778088
47.245568,39.680052,47.218686,39.618666,16.986143
47.245568,39.680052,47.235766,39.709952,7.3961964
47.245568,39.680052,47.221331,39.70597,9.919708
47.245568,39.680052,47.259644,39.77309,18.732471
47.245568,39.680052,47.220683,39.730255,10.261445
47.245568,39.680052,47.235766,39.709952,7.3961964
47.245568,39.680052,47.237471,39.683453,5.5203094
47.245568,39.680052,47.301125,39.719899,18.732471
47.245568,39.680052,47.236875,39.739626,9.148961
47.245568,39.680052,47.207524,39.630705,16.748796
47.245568,39.680052,47.282544,39.715706,9.123052
47.245568,39.680052,47.280988,39.808406,19.49325
47.245568,39.680052,47.304403,39.642289,18.426807
47.245568,39.680052,47.291651,39.826587,19.49325
47.245568,39.680052,47.288683,39.696426,9.315119
47.245568,39.680052,47.350817,39.72822,19.49325
47.245568,39.680052,47.314746,39.776991,19.49325
47.219812,39.715458,47.21805,39.697207,3.63885
47.219812,39.715458,47.217621,39.707611,3.5234916
47.219812,39.715458,47.221096,39.69097,6.525724
47.219812,39.715458,47.225482,39.717826,4.177267
47.219812,39.715458,47.255549,39.644401,20.434013
47.219812,39.715458,47.224904,39.711349,2.981746
47.219812,39.715458,47.210328,39.692724,6.7404666
47.219812,39.715458,47.233896,39.61461,17.8653
47.219812,39.715458,47.223208,39.697369,4.1553836
47.219812,39.715458,47.218795,39.707842,3.1075063
47.219812,39.715458,47.252899,39.764581,17.320745
47.219812,39.715458,47.214927,39.705652,5.2324166
47.219812,39.715458,47.273902,39.684949,20.901487
47.219812,39.715458,47.226024,39.729858,5.0225067
47.219812,39.715458,47.229064,39.628654,15.469698
47.219812,39.715458,47.219161,39.705761,4.254037
47.219812,39.715458,47.249401,39.735175,9.824909
47.219812,39.715458,47.245568,39.680052,9.573596
47.219812,39.715458,47.238981,39.694731,8.193337
47.219812,39.715458,47.22192,39.724959,4.443938
47.219812,39.715458,47.230965,39.686521,6.777935
47.219812,39.715458,47.226262,39.73101,5.181405
47.219812,39.715458,47.256223,39.704661,11.035274
47.219812,39.715458,47.222052,39.715387,2.099127
47.219812,39.715458,47.297733,39.701845,20.999458
47.219812,39.715458,47.296659,39.717094,20.980602
47.219812,39.715458,47.21889,39.713986,2.0295997
47.219812,39.715458,47.223083,39.698421,4.397901
47.219812,39.715458,47.222549,39.72163,2.8535273
47.219812,39.715458,47.231065,39.75563,6.967946
47.219812,39.715458,47.284506,39.720996,20.307798
47.219812,39.715458,47.208051,39.634353,16.808018
47.219812,39.715458,47.252037,39.795119,17.348843
47.219812,39.715458,47.2102,39.693253,6.7404666
47.219812,39.715458,47.252637,39.713811,9.609303
47.219812,39.715458,47.214527,39.618866,14.687337
47.219812,39.715458,47.25344,39.70265,9.470309
47.219812,39.715458,47.23422,39.601897,17.913752
47.219812,39.715458,47.157576,39.548447,15.523363
47.219812,39.715458,47.225003,39.701557,4.1491866
47.219812,39.715458,47.246689,39.768088,9.824909
47.219812,39.715458,47.192543,39.619834,15.485824
47.219812,39.715458,47.208258,39.655767,8.408421
47.219812,39.715458,47.269791,39.70937,20.139397
47.219812,39.715458,47.259806,39.797556,20.964783
47.219812,39.715458,47.220417,39.710437,2.0532618
47.219812,39.715458,47.335456,39.726704,21.00862
47.219812,39.715458,47.264228,39.782109,20.307798
47.219812,39.715458,47.245067,39.768986,9.824909
47.219812,39.715458,47.235766,39.709952,8.001597
47.219812,39.715458,47.22715,39.697301,4.7851686
47.219812,39.715458,47.351676,39.715568,20.980602
47.219812,39.715458,47.228341,39.750748,6.967946
47.219812,39.715458,47.25395,39.859736,18.21239
47.219812,39.715458,47.236558,39.808849,17.23123
47.219812,39.715458,47.255083,39.784906,17.348843
47.219812,39.715458,47.237471,39.683453,8.228267
47.219812,39.715458,47.292527,39.713823,20.980602
47.219812,39.715458,47.302238,39.733057,21.00862
47.219812,39.715458,47.300208,39.773554,21.00862
47.219812,39.715458,47.281576,39.757079,20.964783
47.219812,39.715458,47.235766,39.709952,8.001597
47.219812,39.715458,47.247937,39.739602,9.824909
47.219812,39.715458,47.265936,39.666501,22.344278
47.219812,39.715458,47.279361,39.682489,20.434013
47.219812,39.715458,47.245582,39.768551,9.824909
47.219812,39.715458,47.235766,39.709952,8.001597
47.219812,39.715458,47.198113,39.631899,14.808477
47.219812,39.715458,47.247054,39.748018,9.824909
47.219812,39.715458,47.247697,39.772563,17.320745
47.219812,39.715458,47.28076,39.819036,21.00862
47.219812,39.715458,47.241503,39.774149,9.824909
47.219812,39.715458,47.218686,39.618666,15.114154
47.219812,39.715458,47.235766,39.709952,8.001597
47.219812,39.715458,47.221331,39.70597,4.1460505
47.219812,39.715458,47.259644,39.77309,20.31813
47.219812,39.715458,47.220683,39.730255,4.679152
47.219812,39.715458,47.235766,39.709952,8.001597
47.219812,39.715458,47.237471,39.683453,8.228267
47.219812,39.715458,47.301125,39.719899,21.00862
47.219812,39.715458,47.236875,39.739626,8.444929
47.219812,39.715458,47.207524,39.630705,14.808477
47.219812,39.715458,47.282544,39.715706,20.28388
47.219812,39.715458,47.280988,39.808406,21.00862
47.219812,39.715458,47.304403,39.642289,20.845062
47.219812,39.715458,47.291651,39.826587,21.00862
47.219812,39.715458,47.288683,39.696426,21.100208
47.219812,39.715458,47.350817,39.72822,21.00862
47.219812,39.715458,47.314746,39.776991,21.00862
47.238981,39.694731,47.21805,39.697207,7.324947
47.238981,39.694731,47.217621,39.707611,8.269694
47.238981,39.694731,47.221096,39.69097,7.956705
47.238981,39.694731,47.225482,39.717826,8.783192
47.238981,39.694731,47.255549,39.644401,9.486232
47.238981,39.694731,47.224904,39.711349,7.7947574
47.238981,39.694731,47.210328,39.692724,9.212335
47.238981,39.694731,47.233896,39.61461,16.824932
47.238981,39.694731,47.223208,39.697369,7.7512746
47.238981,39.694731,47.218795,39.707842,8.302911
47.238981,39.694731,47.252899,39.764581,17.042221
47.238981,39.694731,47.214927,39.705652,8.887785
47.238981,39.694731,47.273902,39.684949,9.486232
47.238981,39.694731,47.226024,39.729858,8.725022
47.238981,39.694731,47.229064,39.628654,9.41187
47.238981,39.694731,47.219161,39.705761,8.108
47.238981,39.694731,47.249401,39.735175,7.9240336
47.238981,39.694731,47.245568,39.680052,5.6582484
47.238981,39.694731,47.219812,39.715458,8.367743
47.238981,39.694731,47.22192,39.724959,8.535914
47.238981,39.694731,47.230965,39.686521,5.99467
47.238981,39.694731,47.226262,39.73101,8.725022
47.238981,39.694731,47.256223,39.704661,7.051238
47.238981,39.694731,47.222052,39.715387,8.309003
47.238981,39.694731,47.297733,39.701845,18.99191
47.238981,39.694731,47.296659,39.717094,18.862562
47.238981,39.694731,47.21889,39.713986,8.367743
47.238981,39.694731,47.223083,39.698421,7.6808248
47.238981,39.694731,47.222549,39.72163,8.535914
47.238981,39.694731,47.231065,39.75563,10.181788
47.238981,39.694731,47.284506,39.720996,18.433212
47.238981,39.694731,47.208051,39.634353,16.741423
47.238981,39.694731,47.252037,39.795119,18.903847
47.238981,39.694731,47.2102,39.693253,9.212335
47.238981,39.694731,47.252637,39.713811,7.5463576
47.238981,39.694731,47.214527,39.618866,17.966957
47.238981,39.694731,47.25344,39.70265,6.515789
47.238981,39.694731,47.23422,39.601897,17.650558
47.238981,39.694731,47.157576,39.548447,17.697737
47.238981,39.694731,47.225003,39.701557,6.8510156
47.238981,39.694731,47.246689,39.768088,17.042221
47.238981,39.694731,47.192543,39.619834,17.621828
47.238981,39.694731,47.208258,39.655767,10.551124
47.238981,39.694731,47.269791,39.70937,9.27049
47.238981,39.694731,47.259806,39.797556,19.693094
47.238981,39.694731,47.220417,39.710437,8.302911
47.238981,39.694731,47.335456,39.726704,19.693094
47.238981,39.694731,47.264228,39.782109,18.936531
47.238981,39.694731,47.245067,39.768986,17.042221
47.238981,39.694731,47.235766,39.709952,5.6394963
47.238981,39.694731,47.22715,39.697301,6.301207
47.238981,39.694731,47.351676,39.715568,19.568148
47.238981,39.694731,47.228341,39.750748,10.181788
47.238981,39.694731,47.25395,39.859736,19.01798
47.238981,39.694731,47.236558,39.808849,19.01798
47.238981,39.694731,47.255083,39.784906,18.054811
47.238981,39.694731,47.237471,39.683453,5.7366023
47.238981,39.694731,47.292527,39.713823,18.656185
47.238981,39.694731,47.302238,39.733057,19.58682
47.238981,39.694731,47.300208,39.773554,19.693094
47.238981,39.694731,47.281576,39.757079,18.936531
47.238981,39.694731,47.235766,39.709952,5.6394963
47.238981,39.694731,47.247937,39.739602,9.380808
47.238981,39.694731,47.265936,39.666501,9.486232
47.238981,39.694731,47.279361,39.682489,9.486232
47.238981,39.694731,47.245582,39.768551,17.042221
47.238981,39.694731,47.235766,39.709952,5.6394963
47.238981,39.694731,47.198113,39.631899,16.934683
47.238981,39.694731,47.247054,39.748018,9.380808
47.238981,39.694731,47.247697,39.772563,16.962038
47.238981,39.694731,47.28076,39.819036,19.693094
47.238981,39.694731,47.241503,39.774149,16.962038
47.238981,39.694731,47.218686,39.618666,17.647076
47.238981,39.694731,47.235766,39.709952,5.6394963
47.238981,39.694731,47.221331,39.70597,7.995629
47.238981,39.694731,47.259644,39.77309,19.805908
47.238981,39.694731,47.220683,39.730255,10.159994
47.238981,39.694731,47.235766,39.709952,5.6394963
47.238981,39.694731,47.237471,39.683453,5.7366023
47.238981,39.694731,47.301125,39.719899,18.936531
47.238981,39.694731,47.236875,39.739626,9.380808
47.238981,39.694731,47.207524,39.630705,16.85315
47.238981,39.694731,47.282544,39.715706,9.275323
47.238981,39.694731,47.280988,39.808406,19.693094
47.238981,39.694731,47.304403,39.642289,19.442019
47.238981,39.694731,47.291651,39.826587,19.693094
47.238981,39.694731,47.288683,39.696426,19.85349
47.238981,39.694731,47.350817,39.72822,19.693094
47.238981,39.694731,47.314746,39.776991,19.693094
47.22192,39.724959,47.21805,39.697207,5.2968583
47.22192,39.724959,47.217621,39.707611,4.5826488
47.22192,39.724959,47.221096,39.69097,7.049947
47.22192,39.724959,47.225482,39.717826,4.100158
47.22192,39.724959,47.255549,39.644401,20.17995
47.22192,39.724959,47.224904,39.711349,4.1359406
47.22192,39.724959,47.210328,39.692724,7.4244494
47.22192,39.724959,47.233896,39.61461,18.129805
47.22192,39.724959,47.223208,39.697369,5.8605647
47.22192,39.724959,47.218795,39.707842,4.8971252
47.22192,39.724959,47.252899,39.764581,9.8375435
47.22192,39.724959,47.214927,39.705652,5.6236115
47.22192,39.724959,47.273902,39.684949,20.17995
47.22192,39.724959,47.226024,39.729858,4.100158
47.22192,39.724959,47.229064,39.628654,15.567809
47.22192,39.724959,47.219161,39.705761,4.105795
47.22192,39.724959,47.249401,39.735175,8.45923
47.22192,39.724959,47.245568,39.680052,9.684251
47.22192,39.724959,47.219812,39.715458,4.459354
47.22192,39.724959,47.238981,39.694731,8.278703
47.22192,39.724959,47.230965,39.686521,6.870509
47.22192,39.724959,47.226262,39.73101,4.100158
47.22192,39.724959,47.256223,39.704661,10.823587
47.22192,39.724959,47.222052,39.715387,2.9315016
47.22192,39.724959,47.297733,39.701845,20.849953
47.22192,39.724959,47.296659,39.717094,20.827118
47.22192,39.724959,47.21889,39.713986,4.6996217
47.22192,39.724959,47.223083,39.698421,5.779846
47.22192,39.724959,47.222549,39.72163,2.2079415
47.22192,39.724959,47.231065,39.75563,6.9508743
47.22192,39.724959,47.284506,39.720996,20.058378
47.22192,39.724959,47.208051,39.634353,14.939527
47.22192,39.724959,47.252037,39.795119,19.261946
47.22192,39.724959,47.2102,39.693253,7.4244494
47.22192,39.724959,47.252637,39.713811,9.637452
47.22192,39.724959,47.214527,39.618866,15.735441
47.22192,39.724959,47.25344,39.70265,9.46528
47.22192,39.724959,47.23422,39.601897,18.129805
47.22192,39.724959,47.157576,39.548447,15.735441
47.22192,39.724959,47.225003,39.701557,5.630936
47.22192,39.724959,47.246689,39.768088,9.8375435
47.22192,39.724959,47.192543,39.619834,15.735441
47.22192,39.724959,47.208258,39.655767,16.203678
47.22192,39.724959,47.269791,39.70937,19.796635
47.22192,39.724959,47.259806,39.797556,20.058378
47.22192,39.724959,47.220417,39.710437,4.613419
47.22192,39.724959,47.335456,39.726704,20.856619
47.22192,39.724959,47.264228,39.782109,20.376451
47.22192,39.724959,47.245067,39.768986,9.8375435
47.22192,39.724959,47.235766,39.709952,8.026444
47.22192,39.724959,47.22715,39.697301,6.2295184
47.22192,39.724959,47.351676,39.715568,20.827118
47.22192,39.724959,47.228341,39.750748,6.889501
47.22192,39.724959,47.25395,39.859736,18.410645
47.22192,39.724959,47.236558,39.808849,17.451273
47.22192,39.724959,47.255083,39.784906,17.15076
47.22192,39.724959,47.237471,39.683453,9.684251
47.22192,39.724959,47.292527,39.713823,20.827118
47.22192,39.724959,47.302238,39.733057,20.856619
47.22192,39.724959,47.300208,39.773554,20.856619
47.22192,39.724959,47.281576,39.757079,20.058378
47.22192,39.724959,47.235766,39.709952,8.026444
47.22192,39.724959,47.247937,39.739602,8.45923
47.22192,39.724959,47.265936,39.666501,20.17995
47.22192,39.724959,47.279361,39.682489,20.17995
47.22192,39.724959,47.245582,39.768551,9.8375435
47.22192,39.724959,47.235766,39.709952,8.026444
47.22192,39.724959,47.198113,39.631899,15.69997
47.22192,39.724959,47.247054,39.748018,8.45923
47.22192,39.724959,47.247697,39.772563,9.8375435
47.22192,39.724959,47.28076,39.819036,20.856619
47.22192,39.724959,47.241503,39.774149,9.8375435
47.22192,39.724959,47.218686,39.618666,16.08618
47.22192,39.724959,47.235766,39.709952,8.026444
47.22192,39.724959,47.221331,39.70597,4.1561937
47.22192,39.724959,47.259644,39.77309,19.789694
47.22192,39.724959,47.220683,39.730255,2.1484764
47.22192,39.724959,47.235766,39.709952,8.026444
47.22192,39.724959,47.237471,39.683453,9.684251
47.22192,39.724959,47.301125,39.719899,20.856619
47.22192,39.724959,47.236875,39.739626,8.396693
47.22192,39.724959,47.207524,39.630705,14.904713
47.22192,39.724959,47.282544,39.715706,20.032978
47.22192,39.724959,47.280988,39.808406,20.856619
47.22192,39.724959,47.304403,39.642289,20.691227
47.22192,39.724959,47.291651,39.826587,20.856619
47.22192,39.724959,47.288683,39.696426,20.935858
47.22192,39.724959,47.350817,39.72822,20.856619
47.22192,39.724959,47.314746,39.776991,20.856619
47.230965,39.686521,47.21805,39.697207,4.807719
47.230965,39.686521,47.217621,39.707611,6.843495
47.230965,39.686521,47.221096,39.69097,5.0105686
47.230965,39.686521,47.225482,39.717826,6.862024
47.230965,39.686521,47.255549,39.644401,9.587292
47.230965,39.686521,47.224904,39.711349,6.0469446
47.230965,39.686521,47.210328,39.692724,7.498101
47.230965,39.686521,47.233896,39.61461,16.702793
47.230965,39.686521,47.223208,39.697369,4.8700123
47.230965,39.686521,47.218795,39.707842,6.5258164
47.230965,39.686521,47.252899,39.764581,18.09251
47.230965,39.686521,47.214927,39.705652,7.1712136
47.230965,39.686521,47.273902,39.684949,9.587292
47.230965,39.686521,47.226024,39.729858,8.284511
47.230965,39.686521,47.229064,39.628654,7.789278
47.230965,39.686521,47.219161,39.705761,6.039004
47.230965,39.686521,47.249401,39.735175,9.153887
47.230965,39.686521,47.245568,39.680052,6.591392
47.230965,39.686521,47.219812,39.715458,6.6623874
47.230965,39.686521,47.238981,39.694731,5.75799
47.230965,39.686521,47.22192,39.724959,6.824677
47.230965,39.686521,47.226262,39.73101,8.284511
47.230965,39.686521,47.256223,39.704661,7.318195
47.230965,39.686521,47.222052,39.715387,6.5990224
47.230965,39.686521,47.297733,39.701845,19.730303
47.230965,39.686521,47.296659,39.717094,19.652594
47.230965,39.686521,47.21889,39.713986,6.6623874
47.230965,39.686521,47.223083,39.698421,5.0347023
47.230965,39.686521,47.222549,39.72163,6.824677
47.230965,39.686521,47.231065,39.75563,16.488274
47.230965,39.686521,47.284506,39.720996,19.136438
47.230965,39.686521,47.208051,39.634353,8.644838
47.230965,39.686521,47.252037,39.795119,18.895832
47.230965,39.686521,47.2102,39.693253,7.498101
47.230965,39.686521,47.252637,39.713811,7.3662324
47.230965,39.686521,47.214527,39.618866,15.326591
47.230965,39.686521,47.25344,39.70265,7.134975
47.230965,39.686521,47.23422,39.601897,17.545559
47.230965,39.686521,47.157576,39.548447,16.216438
47.230965,39.686521,47.225003,39.701557,4.829159
47.230965,39.686521,47.246689,39.768088,18.09251
47.230965,39.686521,47.192543,39.619834,15.455076
47.230965,39.686521,47.208258,39.655767,8.941754
47.230965,39.686521,47.269791,39.70937,9.378414
47.230965,39.686521,47.259806,39.797556,19.897217
47.230965,39.686521,47.220417,39.710437,6.6464524
47.230965,39.686521,47.335456,39.726704,19.897217
47.230965,39.686521,47.264228,39.782109,19.897217
47.230965,39.686521,47.245067,39.768986,18.09251
47.230965,39.686521,47.235766,39.709952,7.2594657
47.230965,39.686521,47.22715,39.697301,4.78889
47.230965,39.686521,47.351676,39.715568,19.760386
47.230965,39.686521,47.228341,39.750748,8.284511
47.230965,39.686521,47.25395,39.859736,18.895832
47.230965,39.686521,47.236558,39.808849,18.895832
47.230965,39.686521,47.255083,39.784906,18.895832
47.230965,39.686521,47.237471,39.683453,6.0173535
47.230965,39.686521,47.292527,39.713823,19.050583
47.230965,39.686521,47.302238,39.733057,19.897217
47.230965,39.686521,47.300208,39.773554,19.897217
47.230965,39.686521,47.281576,39.757079,19.786678
47.230965,39.686521,47.235766,39.709952,7.2594657
47.230965,39.686521,47.247937,39.739602,9.153887
47.230965,39.686521,47.265936,39.666501,9.587292
47.230965,39.686521,47.279361,39.682489,20.247778
47.230965,39.686521,47.245582,39.768551,18.09251
47.230965,39.686521,47.235766,39.709952,7.2594657
47.230965,39.686521,47.198113,39.631899,15.326591
47.230965,39.686521,47.247054,39.748018,9.153887
47.230965,39.686521,47.247697,39.772563,17.928446
47.230965,39.686521,47.28076,39.819036,19.897217
47.230965,39.686521,47.241503,39.774149,17.928446
47.230965,39.686521,47.218686,39.618666,16.077887
47.230965,39.686521,47.235766,39.709952,7.2594657
47.230965,39.686521,47.221331,39.70597,6.019896
47.230965,39.686521,47.259644,39.77309,19.188246
47.230965,39.686521,47.220683,39.730255,8.390065
47.230965,39.686521,47.235766,39.709952,7.2594657
47.230965,39.686521,47.237471,39.683453,6.0173535
47.230965,39.686521,47.301125,39.719899,19.897217
47.230965,39.686521,47.236875,39.739626,9.153887
47.230965,39.686521,47.207524,39.630705,8.644838
47.230965,39.686521,47.282544,39.715706,18.850235
47.230965,39.686521,47.280988,39.808406,19.897217
47.230965,39.686521,47.304403,39.642289,19.611359
47.230965,39.686521,47.291651,39.826587,19.897217
47.230965,39.686521,47.288683,39.696426,18.763979
47.230965,39.686521,47.350817,39.72822,19.897217
47.230965,39.686521,47.314746,39.776991,19.897217
47.226262,39.73101,47.21805,39.697207,5.288374
47.226262,39.73101,47.217621,39.707611,6.0471306
47.226262,39.73101,47.221096,39.69097,7.177984
47.226262,39.73101,47.225482,39.717826,4.8107214
47.226262,39.73101,47.255549,39.644401,19.58486
47.226262,39.73101,47.224904,39.711349,4.1879396
47.226262,39.73101,47.210328,39.692724,9.076281
47.226262,39.73101,47.233896,39.61461,19.203896
47.226262,39.73101,47.223208,39.697369,5.8912115
47.226262,39.73101,47.218795,39.707842,6.0388994
47.226262,39.73101,47.252899,39.764581,9.6116085
47.226262,39.73101,47.214927,39.705652,6.9020996
47.226262,39.73101,47.273902,39.684949,21.316397
47.226262,39.73101,47.226024,39.729858,3.4914026
47.226262,39.73101,47.229064,39.628654,17.838215
47.226262,39.73101,47.219161,39.705761,5.5085416
47.226262,39.73101,47.249401,39.735175,8.147087
47.226262,39.73101,47.245568,39.680052,9.47465
47.226262,39.73101,47.219812,39.715458,4.9107833
47.226262,39.73101,47.238981,39.694731,7.994726
47.226262,39.73101,47.22192,39.724959,3.2710085
47.226262,39.73101,47.230965,39.686521,8.220661
47.226262,39.73101,47.256223,39.704661,9.643057
47.226262,39.73101,47.222052,39.715387,4.674879
47.226262,39.73101,47.297733,39.701845,20.162592
47.226262,39.73101,47.296659,39.717094,20.12564
47.226262,39.73101,47.21889,39.713986,4.5686984
47.226262,39.73101,47.223083,39.698421,6.0817976
47.226262,39.73101,47.222549,39.72163,4.9531794
47.226262,39.73101,47.231065,39.75563,6.6277857
47.226262,39.73101,47.284506,39.720996,19.427176
47.226262,39.73101,47.208051,39.634353,16.530043
47.226262,39.73101,47.252037,39.795119,17.198868
47.226262,39.73101,47.2102,39.693253,9.076281
47.226262,39.73101,47.252637,39.713811,7.932905
47.226262,39.73101,47.214527,39.618866,16.56552
47.226262,39.73101,47.25344,39.70265,9.180736
47.226262,39.73101,47.23422,39.601897,19.203896
47.226262,39.73101,47.157576,39.548447,16.56552
47.226262,39.73101,47.225003,39.701557,5.6225348
47.226262,39.73101,47.246689,39.768088,9.6116085
47.226262,39.73101,47.192543,39.619834,16.56552
47.226262,39.73101,47.208258,39.655767,16.585611
47.226262,39.73101,47.269791,39.70937,9.862181
47.226262,39.73101,47.259806,39.797556,20.995745
47.226262,39.73101,47.220417,39.710437,5.410199
47.226262,39.73101,47.335456,39.726704,20.18896
47.226262,39.73101,47.264228,39.782109,18.888514
47.226262,39.73101,47.245067,39.768986,9.6116085
47.226262,39.73101,47.235766,39.709952,7.5926557
47.226262,39.73101,47.22715,39.697301,5.9880915
47.226262,39.73101,47.351676,39.715568,20.12564
47.226262,39.73101,47.228341,39.750748,5.040011
47.226262,39.73101,47.25395,39.859736,19.243864
47.226262,39.73101,47.236558,39.808849,17.104422
47.226262,39.73101,47.255083,39.784906,9.6116085
47.226262,39.73101,47.237471,39.683453,9.47465
47.226262,39.73101,47.292527,39.713823,20.081852
47.226262,39.73101,47.302238,39.733057,20.18896
47.226262,39.73101,47.300208,39.773554,20.18896
47.226262,39.73101,47.281576,39.757079,19.144432
47.226262,39.73101,47.235766,39.709952,7.5926557
47.226262,39.73101,47.247937,39.739602,8.138682
47.226262,39.73101,47.265936,39.666501,19.53702
47.226262,39.73101,47.279361,39.682489,19.53702
47.226262,39.73101,47.245582,39.768551,9.6116085
47.226262,39.73101,47.235766,39.709952,7.5926557
47.226262,39.73101,47.198113,39.631899,16.56552
47.226262,39.73101,47.247054,39.748018,8.147087
47.226262,39.73101,47.247697,39.772563,9.6116085
47.226262,39.73101,47.28076,39.819036,20.18896
47.226262,39.73101,47.241503,39.774149,9.6116085
47.226262,39.73101,47.218686,39.618666,16.881998
47.226262,39.73101,47.235766,39.709952,7.5926557
47.226262,39.73101,47.221331,39.70597,5.5457215
47.226262,39.73101,47.259644,39.77309,10.07774
47.226262,39.73101,47.220683,39.730255,3.3861055
47.226262,39.73101,47.235766,39.709952,7.5926557
47.226262,39.73101,47.237471,39.683453,9.47465
47.226262,39.73101,47.301125,39.719899,20.18896
47.226262,39.73101,47.236875,39.739626,6.4602084
47.226262,39.73101,47.207524,39.630705,16.56552
47.226262,39.73101,47.282544,39.715706,20.028849
47.226262,39.73101,47.280988,39.808406,20.18896
47.226262,39.73101,47.304403,39.642289,20.143353
47.226262,39.73101,47.291651,39.826587,20.18896
47.226262,39.73101,47.288683,39.696426,20.206646
47.226262,39.73101,47.350817,39.72822,20.18896
47.226262,39.73101,47.314746,39.776991,20.18896
47.256223,39.704661,47.21805,39.697207,9.509907
47.256223,39.704661,47.217621,39.707611,10.041116
47.256223,39.704661,47.221096,39.69097,10.963658
47.256223,39.704661,47.225482,39.717826,10.212393
47.256223,39.704661,47.255549,39.644401,9.704691
47.256223,39.704661,47.224904,39.711349,9.683878
47.256223,39.704661,47.210328,39.692724,11.631462
47.256223,39.704661,47.233896,39.61461,17.891878
47.256223,39.704661,47.223208,39.697369,9.740435
47.256223,39.704661,47.218795,39.707842,10.131746
47.256223,39.704661,47.252899,39.764581,9.630171
47.256223,39.704661,47.214927,39.705652,10.731206
47.256223,39.704661,47.273902,39.684949,7.932135
47.256223,39.704661,47.226024,39.729858,10.212393
47.256223,39.704661,47.229064,39.628654,18.761644
47.256223,39.704661,47.219161,39.705761,9.992394
47.256223,39.704661,47.249401,39.735175,8.251336
47.256223,39.704661,47.245568,39.680052,8.069106
47.256223,39.704661,47.219812,39.715458,10.149887
47.256223,39.704661,47.238981,39.694731,7.687428
47.256223,39.704661,47.22192,39.724959,10.38703
47.256223,39.704661,47.230965,39.686521,8.969667
47.256223,39.704661,47.226262,39.73101,10.212393
47.256223,39.704661,47.222052,39.715387,10.1700115
47.256223,39.704661,47.297733,39.701845,9.320513
47.256223,39.704661,47.296659,39.717094,9.478849
47.256223,39.704661,47.21889,39.713986,10.149887
47.256223,39.704661,47.223083,39.698421,10.038188
47.256223,39.704661,47.222549,39.72163,10.38703
47.256223,39.704661,47.231065,39.75563,10.212393
47.256223,39.704661,47.284506,39.720996,9.830748
47.256223,39.704661,47.208051,39.634353,18.524677
47.256223,39.704661,47.252037,39.795119,17.891947
47.256223,39.704661,47.2102,39.693253,11.631462
47.256223,39.704661,47.252637,39.713811,5.623062
47.256223,39.704661,47.214527,39.618866,18.585205
47.256223,39.704661,47.25344,39.70265,4.2060995
47.256223,39.704661,47.23422,39.601897,18.840315
47.256223,39.704661,47.157576,39.548447,18.585205
47.256223,39.704661,47.225003,39.701557,9.54512
47.256223,39.704661,47.246689,39.768088,9.630171
47.256223,39.704661,47.192543,39.619834,18.585205
47.256223,39.704661,47.208258,39.655767,18.065313
47.256223,39.704661,47.269791,39.70937,5.5929427
47.256223,39.704661,47.259806,39.797556,18.846601
47.256223,39.704661,47.220417,39.710437,10.131746
47.256223,39.704661,47.335456,39.726704,19.548782
47.256223,39.704661,47.264228,39.782109,18.538177
47.256223,39.704661,47.245067,39.768986,9.630171
47.256223,39.704661,47.235766,39.709952,7.872875
47.256223,39.704661,47.22715,39.697301,8.055347
47.256223,39.704661,47.351676,39.715568,19.432585
47.256223,39.704661,47.228341,39.750748,10.212393
47.256223,39.704661,47.25395,39.859736,18.760965
47.256223,39.704661,47.236558,39.808849,18.760965
47.256223,39.704661,47.255083,39.784906,17.049372
47.256223,39.704661,47.237471,39.683453,8.040941
47.256223,39.704661,47.292527,39.713823,9.478849
47.256223,39.704661,47.302238,39.733057,18.39337
47.256223,39.704661,47.300208,39.773554,18.846601
47.256223,39.704661,47.281576,39.757079,9.830748
47.256223,39.704661,47.235766,39.709952,7.872875
47.256223,39.704661,47.247937,39.739602,8.204756
47.256223,39.704661,47.265936,39.666501,7.903973
47.256223,39.704661,47.279361,39.682489,7.903973
47.256223,39.704661,47.245582,39.768551,9.630171
47.256223,39.704661,47.235766,39.709952,7.872875
47.256223,39.704661,47.198113,39.631899,18.585205
47.256223,39.704661,47.247054,39.748018,9.630171
47.256223,39.704661,47.247697,39.772563,17.499264
47.256223,39.704661,47.28076,39.819036,19.548782
47.256223,39.704661,47.241503,39.774149,17.08528
47.256223,39.704661,47.218686,39.618666,18.992859
47.256223,39.704661,47.235766,39.709952,7.872875
47.256223,39.704661,47.221331,39.70597,10.038188
47.256223,39.704661,47.259644,39.77309,9.830748
47.256223,39.704661,47.220683,39.730255,10.36809
47.256223,39.704661,47.235766,39.709952,7.872875
47.256223,39.704661,47.237471,39.683453,8.040941
47.256223,39.704661,47.301125,39.719899,9.830748
47.256223,39.704661,47.236875,39.739626,9.630171
47.256223,39.704661,47.207524,39.630705,18.524677
47.256223,39.704661,47.282544,39.715706,7.7416525
47.256223,39.704661,47.280988,39.808406,19.548782
47.256223,39.704661,47.304403,39.642289,18.831484
47.256223,39.704661,47.291651,39.826587,19.548782
47.256223,39.704661,47.288683,39.696426,9.678621
47.256223,39.704661,47.350817,39.72822,19.548782
47.256223,39.704661,47.314746,39.776991,19.548782
47.222052,39.715387,47.21805,39.697207,3.6146848
47.222052,39.715387,47.217621,39.707611,4.6935115
47.222052,39.715387,47.221096,39.69097,6.5797873
47.222052,39.715387,47.225482,39.717826,3.6351316
47.222052,39.715387,47.255549,39.644401,20.191214
47.222052,39.715387,47.224904,39.711349,1.9471874
47.222052,39.715387,47.210328,39.692724,7.2784452
47.222052,39.715387,47.233896,39.61461,18.099316
47.222052,39.715387,47.223208,39.697369,4.2553363
47.222052,39.715387,47.218795,39.707842,3.0311677
47.222052,39.715387,47.252899,39.764581,9.859536
47.222052,39.715387,47.214927,39.705652,4.798977
47.222052,39.715387,47.273902,39.684949,21.396357
47.222052,39.715387,47.226024,39.729858,5.0152736
47.222052,39.715387,47.229064,39.628654,15.578471
47.222052,39.715387,47.219161,39.705761,4.5712376
47.222052,39.715387,47.249401,39.735175,9.859536
47.222052,39.715387,47.245568,39.680052,9.578626
47.222052,39.715387,47.219812,39.715458,1.9534026
47.222052,39.715387,47.238981,39.694731,8.178406
47.222052,39.715387,47.22192,39.724959,3.129194
47.222052,39.715387,47.230965,39.686521,6.7503934
47.222052,39.715387,47.226262,39.73101,5.0302463
47.222052,39.715387,47.256223,39.704661,10.807428
47.222052,39.715387,47.297733,39.701845,20.862164
47.222052,39.715387,47.296659,39.717094,20.844814
47.222052,39.715387,47.21889,39.713986,1.9534026
47.222052,39.715387,47.223083,39.698421,4.2379255
47.222052,39.715387,47.222549,39.72163,2.2374585
47.222052,39.715387,47.231065,39.75563,6.969653
47.222052,39.715387,47.284506,39.720996,20.07344
47.222052,39.715387,47.208051,39.634353,15.698397
47.222052,39.715387,47.252037,39.795119,17.465124
47.222052,39.715387,47.2102,39.693253,7.173593
47.222052,39.715387,47.252637,39.713811,9.631136
47.222052,39.715387,47.214527,39.618866,14.903024
47.222052,39.715387,47.25344,39.70265,9.446402
47.222052,39.715387,47.23422,39.601897,18.147005
47.222052,39.715387,47.157576,39.548447,15.737074
47.222052,39.715387,47.225003,39.701557,3.7098315
47.222052,39.715387,47.246689,39.768088,9.859536
47.222052,39.715387,47.192543,39.619834,15.737074
47.222052,39.715387,47.208258,39.655767,8.521459
47.222052,39.715387,47.269791,39.70937,19.97534
47.222052,39.715387,47.259806,39.797556,20.831177
47.222052,39.715387,47.220417,39.710437,1.9875964
47.222052,39.715387,47.335456,39.726704,20.874315
47.222052,39.715387,47.264228,39.782109,20.07344
47.222052,39.715387,47.245067,39.768986,9.859536
47.222052,39.715387,47.235766,39.709952,6.76436
47.222052,39.715387,47.22715,39.697301,4.5060244
47.222052,39.715387,47.351676,39.715568,20.844814
47.222052,39.715387,47.228341,39.750748,6.969653
47.222052,39.715387,47.25395,39.859736,18.42834
47.222052,39.715387,47.236558,39.808849,17.385561
47.222052,39.715387,47.255083,39.784906,17.758934
47.222052,39.715387,47.237471,39.683453,8.2349615
47.222052,39.715387,47.292527,39.713823,20.80168
47.222052,39.715387,47.302238,39.733057,20.874315
47.222052,39.715387,47.300208,39.773554,20.874315
47.222052,39.715387,47.281576,39.757079,20.12703
47.222052,39.715387,47.235766,39.709952,6.76436
47.222052,39.715387,47.247937,39.739602,9.859536
47.222052,39.715387,47.265936,39.666501,21.396357
47.222052,39.715387,47.279361,39.682489,20.191214
47.222052,39.715387,47.245582,39.768551,9.859536
47.222052,39.715387,47.235766,39.709952,6.76436
47.222052,39.715387,47.198113,39.631899,14.934811
47.222052,39.715387,47.247054,39.748018,9.859536
47.222052,39.715387,47.247697,39.772563,9.859536
47.222052,39.715387,47.28076,39.819036,20.874315
47.222052,39.715387,47.241503,39.774149,9.859536
47.222052,39.715387,47.218686,39.618666,15.311929
47.222052,39.715387,47.235766,39.709952,6.76436
47.222052,39.715387,47.221331,39.70597,2.824531
47.222052,39.715387,47.259644,39.77309,19.715708
47.222052,39.715387,47.220683,39.730255,4.661826
47.222052,39.715387,47.235766,39.709952,6.76436
47.222052,39.715387,47.237471,39.683453,8.2349615
47.222052,39.715387,47.301125,39.719899,20.874315
47.222052,39.715387,47.236875,39.739626,8.4817915
47.222052,39.715387,47.207524,39.630705,14.934811
47.222052,39.715387,47.282544,39.715706,20.04804
47.222052,39.715387,47.280988,39.808406,20.874315
47.222052,39.715387,47.304403,39.642289,20.707737
47.222052,39.715387,47.291651,39.826587,20.874315
47.222052,39.715387,47.288683,39.696426,20.951065
47.222052,39.715387,47.350817,39.72822,20.874315
47.222052,39.715387,47.314746,39.776991,20.874315
47.297733,39.701845,47.21805,39.697207,18.411497
47.297733,39.701845,47.217621,39.707611,18.566376
47.297733,39.701845,47.221096,39.69097,19.43999
47.297733,39.701845,47.225482,39.717826,19.291407
47.297733,39.701845,47.255549,39.644401,19.525448
47.297733,39.701845,47.224904,39.711349,18.43676
47.297733,39.701845,47.210328,39.692724,18.897022
47.297733,39.701845,47.233896,39.61461,18.840315
47.297733,39.701845,47.223208,39.697369,18.548767
47.297733,39.701845,47.218795,39.707842,18.420044
47.297733,39.701845,47.252899,39.764581,17.891947
47.297733,39.701845,47.214927,39.705652,18.127207
47.297733,39.701845,47.273902,39.684949,7.903973
47.297733,39.701845,47.226024,39.729858,19.291407
47.297733,39.701845,47.229064,39.628654,19.70458
47.297733,39.701845,47.219161,39.705761,18.44177
47.297733,39.701845,47.249401,39.735175,17.205223
47.297733,39.701845,47.245568,39.680052,18.65745
47.297733,39.701845,47.219812,39.715458,18.403385
47.297733,39.701845,47.238981,39.694731,18.272844
47.297733,39.701845,47.22192,39.724959,18.625229
47.297733,39.701845,47.230965,39.686521,19.84132
47.297733,39.701845,47.226262,39.73101,19.291407
47.297733,39.701845,47.256223,39.704661,9.320513
47.297733,39.701845,47.222052,39.715387,18.517315
47.297733,39.701845,47.296659,39.717094,5.3697224
47.297733,39.701845,47.21889,39.713986,18.403385
47.297733,39.701845,47.223083,39.698421,18.584047
47.297733,39.701845,47.222549,39.72163,18.625229
47.297733,39.701845,47.231065,39.75563,19.291407
47.297733,39.701845,47.284506,39.720996,7.9892607
47.297733,39.701845,47.208051,39.634353,18.585205
47.297733,39.701845,47.252037,39.795119,18.760965
47.297733,39.701845,47.2102,39.693253,18.897022
47.297733,39.701845,47.252637,39.713811,9.277906
47.297733,39.701845,47.214527,39.618866,18.585205
47.297733,39.701845,47.25344,39.70265,9.125433
47.297733,39.701845,47.23422,39.601897,18.840315
47.297733,39.701845,47.157576,39.548447,18.585205
47.297733,39.701845,47.225003,39.701557,18.504032
47.297733,39.701845,47.246689,39.768088,18.668316
47.297733,39.701845,47.192543,39.619834,18.585205
47.297733,39.701845,47.208258,39.655767,18.72452
47.297733,39.701845,47.269791,39.70937,7.724024
47.297733,39.701845,47.259806,39.797556,19.548782
47.297733,39.701845,47.220417,39.710437,18.420044
47.297733,39.701845,47.335456,39.726704,9.830748
47.297733,39.701845,47.264228,39.782109,18.846601
47.297733,39.701845,47.245067,39.768986,18.668316
47.297733,39.701845,47.235766,39.709952,17.818077
47.297733,39.701845,47.22715,39.697301,19.080738
47.297733,39.701845,47.351676,39.715568,18.32852
47.297733,39.701845,47.228341,39.750748,19.291407
47.297733,39.701845,47.25395,39.859736,18.760965
47.297733,39.701845,47.236558,39.808849,18.760965
47.297733,39.701845,47.255083,39.784906,18.760965
47.297733,39.701845,47.237471,39.683453,18.185575
47.297733,39.701845,47.292527,39.713823,5.3697224
47.297733,39.701845,47.302238,39.733057,8.140136
47.297733,39.701845,47.300208,39.773554,18.39337
47.297733,39.701845,47.281576,39.757079,9.830748
47.297733,39.701845,47.235766,39.709952,17.818077
47.297733,39.701845,47.247937,39.739602,19.65515
47.297733,39.701845,47.265936,39.666501,9.704691
47.297733,39.701845,47.279361,39.682489,7.932135
47.297733,39.701845,47.245582,39.768551,18.668316
47.297733,39.701845,47.235766,39.709952,17.818077
47.297733,39.701845,47.198113,39.631899,18.585205
47.297733,39.701845,47.247054,39.748018,17.891947
47.297733,39.701845,47.247697,39.772563,18.668316
47.297733,39.701845,47.28076,39.819036,19.548782
47.297733,39.701845,47.241503,39.774149,18.760965
47.297733,39.701845,47.218686,39.618666,19.052639
47.297733,39.701845,47.235766,39.709952,17.818077
47.297733,39.701845,47.221331,39.70597,18.584047
47.297733,39.701845,47.259644,39.77309,18.846601
47.297733,39.701845,47.220683,39.730255,18.507818
47.297733,39.701845,47.235766,39.709952,17.818077
47.297733,39.701845,47.237471,39.683453,18.185575
47.297733,39.701845,47.301125,39.719899,6.124394
47.297733,39.701845,47.236875,39.739626,17.939377
47.297733,39.701845,47.207524,39.630705,18.585205
47.297733,39.701845,47.282544,39.715706,7.4966307
47.297733,39.701845,47.280988,39.808406,19.548782
47.297733,39.701845,47.304403,39.642289,9.558199
47.297733,39.701845,47.291651,39.826587,19.548782
47.297733,39.701845,47.288683,39.696426,5.500784
47.297733,39.701845,47.350817,39.72822,20.488955
47.297733,39.701845,47.314746,39.776991,18.360607
47.296659,39.717094,47.21805,39.697207,18.677372
47.296659,39.717094,47.217621,39.707611,18.934376
47.296659,39.717094,47.221096,39.69097,19.757164
47.296659,39.717094,47.225482,39.717826,19.478428
47.296659,39.717094,47.255549,39.644401,19.358587
47.296659,39.717094,47.224904,39.711349,18.725538
47.296659,39.717094,47.210328,39.692724,19.196575
47.296659,39.717094,47.233896,39.61461,19.271845
47.296659,39.717094,47.223208,39.697369,18.7854
47.296659,39.717094,47.218795,39.707842,18.72397
47.296659,39.717094,47.252899,39.764581,17.063934
47.296659,39.717094,47.214927,39.705652,18.429388
47.296659,39.717094,47.273902,39.684949,9.815413
47.296659,39.717094,47.226024,39.729858,19.478428
47.296659,39.717094,47.229064,39.628654,20.099932
47.296659,39.717094,47.219161,39.705761,18.70613
47.296659,39.717094,47.249401,39.735175,17.09789
47.296659,39.717094,47.245568,39.680052,20.323751
47.296659,39.717094,47.219812,39.715458,18.712862
47.296659,39.717094,47.238981,39.694731,18.505583
47.296659,39.717094,47.22192,39.724959,18.853474
47.296659,39.717094,47.230965,39.686521,20.193449
47.296659,39.717094,47.226262,39.73101,19.478428
47.296659,39.717094,47.256223,39.704661,9.34771
47.296659,39.717094,47.222052,39.715387,18.795876
47.296659,39.717094,47.297733,39.701845,5.07127
47.296659,39.717094,47.21889,39.713986,18.712862
47.296659,39.717094,47.223083,39.698421,18.82544
47.296659,39.717094,47.222549,39.72163,18.853474
47.296659,39.717094,47.231065,39.75563,19.478428
47.296659,39.717094,47.284506,39.720996,5.958458
47.296659,39.717094,47.208051,39.634353,18.970413
47.296659,39.717094,47.252037,39.795119,18.926962
47.296659,39.717094,47.2102,39.693253,19.196575
47.296659,39.717094,47.252637,39.713811,9.3675995
47.296659,39.717094,47.214527,39.618866,18.970413
47.296659,39.717094,47.25344,39.70265,9.148402
47.296659,39.717094,47.23422,39.601897,19.271845
47.296659,39.717094,47.157576,39.548447,18.970413
47.296659,39.717094,47.225003,39.701557,18.756876
47.296659,39.717094,47.246689,39.768088,18.016094
47.296659,39.717094,47.192543,39.619834,18.970413
47.296659,39.717094,47.208258,39.655767,19.037506
47.296659,39.717094,47.269791,39.70937,7.7645597
47.296659,39.717094,47.259806,39.797556,19.024992
47.296659,39.717094,47.220417,39.710437,18.72397
47.296659,39.717094,47.335456,39.726704,9.809234
47.296659,39.717094,47.264228,39.782109,18.404316
47.296659,39.717094,47.245067,39.768986,18.016094
47.296659,39.717094,47.235766,39.709952,17.972015
47.296659,39.717094,47.22715,39.697301,19.335646
47.296659,39.717094,47.351676,39.715568,18.672564
47.296659,39.717094,47.228341,39.750748,19.478428
47.296659,39.717094,47.25395,39.859736,18.976906
47.296659,39.717094,47.236558,39.808849,18.976906
47.296659,39.717094,47.255083,39.784906,18.016094
47.296659,39.717094,47.237471,39.683453,18.427755
47.296659,39.717094,47.292527,39.713823,4.3841157
47.296659,39.717094,47.302238,39.733057,5.958458
47.296659,39.717094,47.300208,39.773554,9.809234
47.296659,39.717094,47.281576,39.757079,9.809234
47.296659,39.717094,47.235766,39.709952,17.972015
47.296659,39.717094,47.247937,39.739602,17.09789
47.296659,39.717094,47.265936,39.666501,9.815413
47.296659,39.717094,47.279361,39.682489,7.9729853
47.296659,39.717094,47.245582,39.768551,18.016094
47.296659,39.717094,47.235766,39.709952,17.972015
47.296659,39.717094,47.198113,39.631899,18.970413
47.296659,39.717094,47.247054,39.748018,17.063934
47.296659,39.717094,47.247697,39.772563,18.016094
47.296659,39.717094,47.28076,39.819036,19.741856
47.296659,39.717094,47.241503,39.774149,18.926962
47.296659,39.717094,47.218686,39.618666,19.436401
47.296659,39.717094,47.235766,39.709952,17.972015
47.296659,39.717094,47.221331,39.70597,18.82544
47.296659,39.717094,47.259644,39.77309,18.582588
47.296659,39.717094,47.220683,39.730255,18.769411
47.296659,39.717094,47.235766,39.709952,17.972015
47.296659,39.717094,47.237471,39.683453,18.427755
47.296659,39.717094,47.301125,39.719899,4.8433876
47.296659,39.717094,47.236875,39.739626,18.016094
47.296659,39.717094,47.207524,39.630705,18.970413
47.296659,39.717094,47.282544,39.715706,5.9474735
47.296659,39.717094,47.280988,39.808406,18.977095
47.296659,39.717094,47.304403,39.642289,18.67304
47.296659,39.717094,47.291651,39.826587,19.741856
47.296659,39.717094,47.288683,39.696426,7.459625
47.296659,39.717094,47.350817,39.72822,18.404316
47.296659,39.717094,47.314746,39.776991,9.809234
47.21889,39.713986,47.21805,39.697207,3.9664602
47.21889,39.713986,47.217621,39.707611,3.1765501
47.21889,39.713986,47.221096,39.69097,5.68587
47.21889,39.713986,47.225482,39.717826,5.2130775
47.21889,39.713986,47.255549,39.644401,20.434013
47.21889,39.713986,47.224904,39.711349,2.981746
47.21889,39.713986,47.210328,39.692724,6.7404666
47.21889,39.713986,47.233896,39.61461,17.8653
47.21889,39.713986,47.223208,39.697369,4.3588114
47.21889,39.713986,47.218795,39.707842,2.0532618
47.21889,39.713986,47.252899,39.764581,17.320745
47.21889,39.713986,47.214927,39.705652,4.984626
47.21889,39.713986,47.273902,39.684949,20.434013
47.21889,39.713986,47.226024,39.729858,5.174572
47.21889,39.713986,47.229064,39.628654,15.469698
47.21889,39.713986,47.219161,39.705761,2.9706771
47.21889,39.713986,47.249401,39.735175,9.824909
47.21889,39.713986,47.245568,39.680052,9.573596
47.21889,39.713986,47.219812,39.715458,2.0295997
47.21889,39.713986,47.238981,39.694731,8.193337
47.21889,39.713986,47.22192,39.724959,4.655696
47.21889,39.713986,47.230965,39.686521,6.777935
47.21889,39.713986,47.226262,39.73101,5.184684
47.21889,39.713986,47.256223,39.704661,11.035274
47.21889,39.713986,47.222052,39.715387,2.099127
47.21889,39.713986,47.297733,39.701845,20.999458
47.21889,39.713986,47.296659,39.717094,20.980602
47.21889,39.713986,47.223083,39.698421,4.266904
47.21889,39.713986,47.222549,39.72163,3.1470666
47.21889,39.713986,47.231065,39.75563,8.347935
47.21889,39.713986,47.284506,39.720996,20.260624
47.21889,39.713986,47.208051,39.634353,15.192062
47.21889,39.713986,47.252037,39.795119,17.348843
47.21889,39.713986,47.2102,39.693253,6.7404666
47.21889,39.713986,47.252637,39.713811,9.609303
47.21889,39.713986,47.214527,39.618866,14.808477
47.21889,39.713986,47.25344,39.70265,9.470309
47.21889,39.713986,47.23422,39.601897,17.913752
47.21889,39.713986,47.157576,39.548447,15.523363
47.21889,39.713986,47.225003,39.701557,3.9188879
47.21889,39.713986,47.246689,39.768088,9.824909
47.21889,39.713986,47.192543,39.619834,15.485824
47.21889,39.713986,47.208258,39.655767,8.408421
47.21889,39.713986,47.269791,39.70937,20.139397
47.21889,39.713986,47.259806,39.797556,20.964783
47.21889,39.713986,47.220417,39.710437,2.0532618
47.21889,39.713986,47.335456,39.726704,21.00862
47.21889,39.713986,47.264228,39.782109,20.307798
47.21889,39.713986,47.245067,39.768986,9.824909
47.21889,39.713986,47.235766,39.709952,8.001597
47.21889,39.713986,47.22715,39.697301,4.3655148
47.21889,39.713986,47.351676,39.715568,20.980602
47.21889,39.713986,47.228341,39.750748,6.967946
47.21889,39.713986,47.25395,39.859736,18.21239
47.21889,39.713986,47.236558,39.808849,18.160627
47.21889,39.713986,47.255083,39.784906,17.348843
47.21889,39.713986,47.237471,39.683453,8.228267
47.21889,39.713986,47.292527,39.713823,20.980602
47.21889,39.713986,47.302238,39.733057,21.00862
47.21889,39.713986,47.300208,39.773554,21.00862
47.21889,39.713986,47.281576,39.757079,20.964783
47.21889,39.713986,47.235766,39.709952,8.001597
47.21889,39.713986,47.247937,39.739602,9.824909
47.21889,39.713986,47.265936,39.666501,22.344278
47.21889,39.713986,47.279361,39.682489,20.434013
47.21889,39.713986,47.245582,39.768551,9.824909
47.21889,39.713986,47.235766,39.709952,8.001597
47.21889,39.713986,47.198113,39.631899,14.808477
47.21889,39.713986,47.247054,39.748018,9.824909
47.21889,39.713986,47.247697,39.772563,17.037998
47.21889,39.713986,47.28076,39.819036,21.00862
47.21889,39.713986,47.241503,39.774149,9.824909
47.21889,39.713986,47.218686,39.618666,15.22875
47.21889,39.713986,47.235766,39.709952,8.001597
47.21889,39.713986,47.221331,39.70597,2.9513524
47.21889,39.713986,47.259644,39.77309,21.21777
47.21889,39.713986,47.220683,39.730255,4.799833
47.21889,39.713986,47.235766,39.709952,8.001597
47.21889,39.713986,47.237471,39.683453,8.228267
47.21889,39.713986,47.301125,39.719899,21.00862
47.21889,39.713986,47.236875,39.739626,8.444929
47.21889,39.713986,47.207524,39.630705,14.937942
47.21889,39.713986,47.282544,39.715706,20.28388
47.21889,39.713986,47.280988,39.808406,21.00862
47.21889,39.713986,47.304403,39.642289,20.845062
47.21889,39.713986,47.291651,39.826587,21.00862
47.21889,39.713986,47.288683,39.696426,21.141031
47.21889,39.713986,47.350817,39.72822,21.00862
47.21889,39.713986,47.314746,39.776991,21.00862
47.223083,39.698421,47.21805,39.697207,1.7636578
47.223083,39.698421,47.217621,39.707611,4.1082397
47.223083,39.698421,47.221096,39.69097,3.2564569
47.223083,39.698421,47.225482,39.717826,5.6180387
47.223083,39.698421,47.255549,39.644401,20.978624
47.223083,39.698421,47.224904,39.711349,3.78719
47.223083,39.698421,47.210328,39.692724,5.379338
47.223083,39.698421,47.233896,39.61461,16.799269
47.223083,39.698421,47.223208,39.697369,1.9608532
47.223083,39.698421,47.218795,39.707842,4.41292
47.223083,39.698421,47.252899,39.764581,17.009146
47.223083,39.698421,47.214927,39.705652,4.4048657
47.223083,39.698421,47.273902,39.684949,20.978624
47.223083,39.698421,47.226024,39.729858,7.308885
47.223083,39.698421,47.229064,39.628654,15.556341
47.223083,39.698421,47.219161,39.705761,2.5239947
47.223083,39.698421,47.249401,39.735175,9.978846
47.223083,39.698421,47.245568,39.680052,8.299433
47.223083,39.698421,47.219812,39.715458,4.6831617
47.223083,39.698421,47.238981,39.694731,8.136558
47.223083,39.698421,47.22192,39.724959,6.6383696
47.223083,39.698421,47.230965,39.686521,4.904558
47.223083,39.698421,47.226262,39.73101,7.308885
47.223083,39.698421,47.256223,39.704661,10.830994
47.223083,39.698421,47.222052,39.715387,4.4425287
47.223083,39.698421,47.297733,39.701845,20.597301
47.223083,39.698421,47.296659,39.717094,20.566427
47.223083,39.698421,47.21889,39.713986,4.4504547
47.223083,39.698421,47.222549,39.72163,5.933978
47.223083,39.698421,47.231065,39.75563,8.567402
47.223083,39.698421,47.284506,39.720996,19.930847
47.223083,39.698421,47.208051,39.634353,8.3125925
47.223083,39.698421,47.252037,39.795119,18.274569
47.223083,39.698421,47.2102,39.693253,5.379338
47.223083,39.698421,47.252637,39.713811,9.634396
47.223083,39.698421,47.214527,39.618866,14.842838
47.223083,39.698421,47.25344,39.70265,9.525064
47.223083,39.698421,47.23422,39.601897,17.701427
47.223083,39.698421,47.157576,39.548447,15.359833
47.223083,39.698421,47.225003,39.701557,1.8871757
47.223083,39.698421,47.246689,39.768088,17.246368
47.223083,39.698421,47.192543,39.619834,14.683255
47.223083,39.698421,47.208258,39.655767,8.4980755
47.223083,39.698421,47.269791,39.70937,19.911196
47.223083,39.698421,47.259806,39.797556,20.657887
47.223083,39.698421,47.220417,39.710437,4.04475
47.223083,39.698421,47.335456,39.726704,20.657887
47.223083,39.698421,47.264228,39.782109,20.57204
47.223083,39.698421,47.245067,39.768986,17.246368
47.223083,39.698421,47.235766,39.709952,7.5188155
47.223083,39.698421,47.22715,39.697301,3.2288768
47.223083,39.698421,47.351676,39.715568,20.566427
47.223083,39.698421,47.228341,39.750748,8.567402
47.223083,39.698421,47.25395,39.859736,18.274569
47.223083,39.698421,47.236558,39.808849,18.274569
47.223083,39.698421,47.255083,39.784906,18.180855
47.223083,39.698421,47.237471,39.683453,8.194487
47.223083,39.698421,47.292527,39.713823,20.48134
47.223083,39.698421,47.302238,39.733057,20.657887
47.223083,39.698421,47.300208,39.773554,20.657887
47.223083,39.698421,47.281576,39.757079,20.657887
47.223083,39.698421,47.235766,39.709952,7.5188155
47.223083,39.698421,47.247937,39.739602,9.978846
47.223083,39.698421,47.265936,39.666501,21.149164
47.223083,39.698421,47.279361,39.682489,20.333538
47.223083,39.698421,47.245582,39.768551,17.246368
47.223083,39.698421,47.235766,39.709952,7.5188155
47.223083,39.698421,47.198113,39.631899,14.799675
47.223083,39.698421,47.247054,39.748018,9.978846
47.223083,39.698421,47.247697,39.772563,19.327242
47.223083,39.698421,47.28076,39.819036,20.657887
47.223083,39.698421,47.241503,39.774149,17.009146
47.223083,39.698421,47.218686,39.618666,14.972542
47.223083,39.698421,47.235766,39.709952,7.5188155
47.223083,39.698421,47.221331,39.70597,2.6860147
47.223083,39.698421,47.259644,39.77309,19.930847
47.223083,39.698421,47.220683,39.730255,6.633018
47.223083,39.698421,47.235766,39.709952,7.5188155
47.223083,39.698421,47.237471,39.683453,8.194487
47.223083,39.698421,47.301125,39.719899,20.657887
47.223083,39.698421,47.236875,39.739626,9.978846
47.223083,39.698421,47.207524,39.630705,14.799675
47.223083,39.698421,47.282544,39.715706,19.867609
47.223083,39.698421,47.280988,39.808406,20.657887
47.223083,39.698421,47.304403,39.642289,20.300644
47.223083,39.698421,47.291651,39.826587,20.657887
47.223083,39.698421,47.288683,39.696426,19.996714
47.223083,39.698421,47.350817,39.72822,20.657887
47.223083,39.698421,47.314746,39.776991,20.657887
47.222549,39.72163,47.21805,39.697207,4.855394
47.222549,39.72163,47.217621,39.707611,4.922528
47.222549,39.72163,47.221096,39.69097,7.0316157
47.222549,39.72163,47.225482,39.717826,3.5866485
47.222549,39.72163,47.255549,39.644401,20.17995
47.222549,39.72163,47.224904,39.711349,4.403866
47.222549,39.72163,47.210328,39.692724,7.4244494
47.222549,39.72163,47.233896,39.61461,18.129805
47.222549,39.72163,47.223208,39.697369,5.6795645
47.222549,39.72163,47.218795,39.707842,4.613419
47.222549,39.72163,47.252899,39.764581,9.8375435
47.222549,39.72163,47.214927,39.705652,5.086126
47.222549,39.72163,47.273902,39.684949,22.003752
47.222549,39.72163,47.226024,39.729858,4.9113507
47.222549,39.72163,47.229064,39.628654,15.561312
47.222549,39.72163,47.219161,39.705761,4.35734
47.222549,39.72163,47.249401,39.735175,8.45923
47.222549,39.72163,47.245568,39.680052,9.684251
47.222549,39.72163,47.219812,39.715458,2.536205
47.222549,39.72163,47.238981,39.694731,8.278703
47.222549,39.72163,47.22192,39.724959,2.2079415
47.222549,39.72163,47.230965,39.686521,6.870509
47.222549,39.72163,47.226262,39.73101,5.2127323
47.222549,39.72163,47.256223,39.704661,10.823587
47.222549,39.72163,47.222052,39.715387,1.9922636
47.222549,39.72163,47.297733,39.701845,20.849953
47.222549,39.72163,47.296659,39.717094,20.827118
47.222549,39.72163,47.21889,39.713986,2.9868722
47.222549,39.72163,47.223083,39.698421,5.1174464
47.222549,39.72163,47.231065,39.75563,6.951688
47.222549,39.72163,47.284506,39.720996,20.058378
47.222549,39.72163,47.208051,39.634353,14.939527
47.222549,39.72163,47.252037,39.795119,17.746288
47.222549,39.72163,47.2102,39.693253,7.4244494
47.222549,39.72163,47.252637,39.713811,9.637452
47.222549,39.72163,47.214527,39.618866,15.69997
47.222549,39.72163,47.25344,39.70265,9.46528
47.222549,39.72163,47.23422,39.601897,18.129805
47.222549,39.72163,47.157576,39.548447,15.735441
47.222549,39.72163,47.225003,39.701557,3.9837277
47.222549,39.72163,47.246689,39.768088,9.8375435
47.222549,39.72163,47.192543,39.619834,15.735441
47.222549,39.72163,47.208258,39.655767,16.61199
47.222549,39.72163,47.269791,39.70937,19.956896
47.222549,39.72163,47.259806,39.797556,20.058378
47.222549,39.72163,47.220417,39.710437,4.7638116
47.222549,39.72163,47.335456,39.726704,20.856619
47.222549,39.72163,47.264228,39.782109,20.058378
47.222549,39.72163,47.245067,39.768986,9.8375435
47.222549,39.72163,47.235766,39.709952,7.358596
47.222549,39.72163,47.22715,39.697301,5.9536066
47.222549,39.72163,47.351676,39.715568,20.827118
47.222549,39.72163,47.228341,39.750748,6.9508743
47.222549,39.72163,47.25395,39.859736,18.410645
47.222549,39.72163,47.236558,39.808849,17.451273
47.222549,39.72163,47.255083,39.784906,16.916563
47.222549,39.72163,47.237471,39.683453,9.684251
47.222549,39.72163,47.292527,39.713823,20.78407
47.222549,39.72163,47.302238,39.733057,20.856619
47.222549,39.72163,47.300208,39.773554,20.856619
47.222549,39.72163,47.281576,39.757079,20.058378
47.222549,39.72163,47.235766,39.709952,7.358596
47.222549,39.72163,47.247937,39.739602,8.45923
47.222549,39.72163,47.265936,39.666501,20.64083
47.222549,39.72163,47.279361,39.682489,20.17995
47.222549,39.72163,47.245582,39.768551,9.8375435
47.222549,39.72163,47.235766,39.709952,7.358596
47.222549,39.72163,47.198113,39.631899,14.904713
47.222549,39.72163,47.247054,39.748018,9.8375435
47.222549,39.72163,47.247697,39.772563,9.8375435
47.222549,39.72163,47.28076,39.819036,20.856619
47.222549,39.72163,47.241503,39.774149,9.8375435
47.222549,39.72163,47.218686,39.618666,16.051458
47.222549,39.72163,47.235766,39.709952,7.358596
47.222549,39.72163,47.221331,39.70597,4.2656403
47.222549,39.72163,47.259644,39.77309,19.789694
47.222549,39.72163,47.220683,39.730255,3.177412
47.222549,39.72163,47.235766,39.709952,7.358596
47.222549,39.72163,47.237471,39.683453,9.684251
47.222549,39.72163,47.301125,39.719899,20.856619
47.222549,39.72163,47.236875,39.739626,8.349881
47.222549,39.72163,47.207524,39.630705,14.939527
47.222549,39.72163,47.282544,39.715706,20.032978
47.222549,39.72163,47.280988,39.808406,20.856619
47.222549,39.72163,47.304403,39.642289,20.691227
47.222549,39.72163,47.291651,39.826587,20.856619
47.222549,39.72163,47.288683,39.696426,20.935858
47.222549,39.72163,47.350817,39.72822,20.856619
47.222549,39.72163,47.314746,39.776991,20.856619
47.231065,39.75563,47.21805,39.697207,7.0437794
47.231065,39.75563,47.217621,39.707611,8.312864
47.231065,39.75563,47.221096,39.69097,8.533373
47.231065,39.75563,47.225482,39.717826,6.7979193
47.231065,39.75563,47.255549,39.644401,20.293196
47.231065,39.75563,47.224904,39.711349,7.6948357
47.231065,39.75563,47.210328,39.692724,17.009356
47.231065,39.75563,47.233896,39.61461,19.203896
47.231065,39.75563,47.223208,39.697369,7.6217327
47.231065,39.75563,47.218795,39.707842,8.199681
47.231065,39.75563,47.252899,39.764581,8.138682
47.231065,39.75563,47.214927,39.705652,8.5760355
47.231065,39.75563,47.273902,39.684949,19.53702
47.231065,39.75563,47.226024,39.729858,6.6277857
47.231065,39.75563,47.229064,39.628654,17.886555
47.231065,39.75563,47.219161,39.705761,7.8533883
47.231065,39.75563,47.249401,39.735175,8.147087
47.231065,39.75563,47.245568,39.680052,18.633265
47.231065,39.75563,47.219812,39.715458,6.6246157
47.231065,39.75563,47.238981,39.694731,9.502428
47.231065,39.75563,47.22192,39.724959,6.5974245
47.231065,39.75563,47.230965,39.686521,17.578753
47.231065,39.75563,47.226262,39.73101,6.6277857
47.231065,39.75563,47.256223,39.704661,9.643057
47.231065,39.75563,47.222052,39.715387,6.566022
47.231065,39.75563,47.297733,39.701845,20.162592
47.231065,39.75563,47.296659,39.717094,20.12564
47.231065,39.75563,47.21889,39.713986,8.202415
47.231065,39.75563,47.223083,39.698421,7.8613677
47.231065,39.75563,47.222549,39.72163,6.651646
47.231065,39.75563,47.284506,39.720996,19.427176
47.231065,39.75563,47.208051,39.634353,16.56552
47.231065,39.75563,47.252037,39.795119,9.6116085
47.231065,39.75563,47.2102,39.693253,17.009356
47.231065,39.75563,47.252637,39.713811,9.3974285
47.231065,39.75563,47.214527,39.618866,16.56552
47.231065,39.75563,47.25344,39.70265,9.180736
47.231065,39.75563,47.23422,39.601897,19.203896
47.231065,39.75563,47.157576,39.548447,16.56552
47.231065,39.75563,47.225003,39.701557,7.4170876
47.231065,39.75563,47.246689,39.768088,7.977483
47.231065,39.75563,47.192543,39.619834,16.56552
47.231065,39.75563,47.208258,39.655767,16.629438
47.231065,39.75563,47.269791,39.70937,18.881243
47.231065,39.75563,47.259806,39.797556,10.07774
47.231065,39.75563,47.220417,39.710437,8.199681
47.231065,39.75563,47.335456,39.726704,20.18896
47.231065,39.75563,47.264228,39.782109,10.07774
47.231065,39.75563,47.245067,39.768986,7.977483
47.231065,39.75563,47.235766,39.709952,9.3958025
47.231065,39.75563,47.22715,39.697301,7.5897026
47.231065,39.75563,47.351676,39.715568,20.12564
47.231065,39.75563,47.228341,39.750748,3.4914026
47.231065,39.75563,47.25395,39.859736,19.243864
47.231065,39.75563,47.236558,39.808849,9.6116085
47.231065,39.75563,47.255083,39.784906,9.6116085
47.231065,39.75563,47.237471,39.683453,18.379324
47.231065,39.75563,47.292527,39.713823,20.081852
47.231065,39.75563,47.302238,39.733057,20.18896
47.231065,39.75563,47.300208,39.773554,20.14517
47.231065,39.75563,47.281576,39.757079,18.888514
47.231065,39.75563,47.235766,39.709952,9.3958025
47.231065,39.75563,47.247937,39.739602,8.138682
47.231065,39.75563,47.265936,39.666501,20.252417
47.231065,39.75563,47.279361,39.682489,20.252417
47.231065,39.75563,47.245582,39.768551,7.977483
47.231065,39.75563,47.235766,39.709952,9.3958025
47.231065,39.75563,47.198113,39.631899,16.56552
47.231065,39.75563,47.247054,39.748018,7.977483
47.231065,39.75563,47.247697,39.772563,8.138682
47.231065,39.75563,47.28076,39.819036,19.470015
47.231065,39.75563,47.241503,39.774149,7.977483
47.231065,39.75563,47.218686,39.618666,16.881998
47.231065,39.75563,47.235766,39.709952,9.3958025
47.231065,39.75563,47.221331,39.70597,7.8613677
47.231065,39.75563,47.259644,39.77309,10.07774
47.231065,39.75563,47.220683,39.730255,6.6475143
47.231065,39.75563,47.235766,39.709952,9.3958025
47.231065,39.75563,47.237471,39.683453,18.379324
47.231065,39.75563,47.301125,39.719899,20.18896
47.231065,39.75563,47.236875,39.739626,6.4602084
47.231065,39.75563,47.207524,39.630705,16.56552
47.231065,39.75563,47.282544,39.715706,19.126928
47.231065,39.75563,47.280988,39.808406,19.427176
47.231065,39.75563,47.304403,39.642289,20.143353
47.231065,39.75563,47.291651,39.826587,20.18896
47.231065,39.75563,47.288683,39.696426,20.206646
47.231065,39.75563,47.350817,39.72822,20.18896
47.231065,39.75563,47.314746,39.776991,20.18896
47.284506,39.720996,47.21805,39.697207,18.57303
47.284506,39.720996,47.217621,39.707611,18.88094
47.284506,39.720996,47.221096,39.69097,19.722141
47.284506,39.720996,47.225482,39.717826,18.50567
47.284506,39.720996,47.255549,39.644401,19.346472
47.284506,39.720996,47.224904,39.711349,18.03293
47.284506,39.720996,47.210328,39.692724,19.183918
47.284506,39.720996,47.233896,39.61461,19.252
47.284506,39.720996,47.223208,39.697369,18.17748
47.284506,39.720996,47.218795,39.707842,18.675062
47.284506,39.720996,47.252899,39.764581,9.598072
47.284506,39.720996,47.214927,39.705652,18.389687
47.284506,39.720996,47.273902,39.684949,8.098633
47.284506,39.720996,47.226024,39.729858,18.50567
47.284506,39.720996,47.229064,39.628654,20.090113
47.284506,39.720996,47.219161,39.705761,18.06532
47.284506,39.720996,47.249401,39.735175,9.598072
47.284506,39.720996,47.245568,39.680052,19.068645
47.284506,39.720996,47.219812,39.715458,18.036922
47.284506,39.720996,47.238981,39.694731,18.509298
47.284506,39.720996,47.22192,39.724959,18.166044
47.284506,39.720996,47.230965,39.686521,19.25968
47.284506,39.720996,47.226262,39.73101,18.50567
47.284506,39.720996,47.256223,39.704661,9.3871
47.284506,39.720996,47.222052,39.715387,18.129698
47.284506,39.720996,47.297733,39.701845,6.9878545
47.284506,39.720996,47.296659,39.717094,5.711691
47.284506,39.720996,47.21889,39.713986,18.066645
47.284506,39.720996,47.223083,39.698421,18.172052
47.284506,39.720996,47.222549,39.72163,18.166044
47.284506,39.720996,47.231065,39.75563,18.50567
47.284506,39.720996,47.208051,39.634353,18.956623
47.284506,39.720996,47.252037,39.795119,17.993765
47.284506,39.720996,47.2102,39.693253,19.183918
47.284506,39.720996,47.252637,39.713811,9.38787
47.284506,39.720996,47.214527,39.618866,18.956623
47.284506,39.720996,47.25344,39.70265,9.184274
47.284506,39.720996,47.23422,39.601897,19.252
47.284506,39.720996,47.157576,39.548447,18.956623
47.284506,39.720996,47.225003,39.701557,18.124481
47.284506,39.720996,47.246689,39.768088,17.07517
47.284506,39.720996,47.192543,39.619834,18.956623
47.284506,39.720996,47.208258,39.655767,19.024849
47.284506,39.720996,47.269791,39.70937,7.3738008
47.284506,39.720996,47.259806,39.797556,19.289896
47.284506,39.720996,47.220417,39.710437,18.045208
47.284506,39.720996,47.335456,39.726704,18.41869
47.284506,39.720996,47.264228,39.782109,9.804712
47.284506,39.720996,47.245067,39.768986,17.07517
47.284506,39.720996,47.235766,39.709952,17.06048
47.284506,39.720996,47.22715,39.697301,18.422096
47.284506,39.720996,47.351676,39.715568,19.621037
47.284506,39.720996,47.228341,39.750748,18.50567
47.284506,39.720996,47.25395,39.859736,18.950726
47.284506,39.720996,47.236558,39.808849,18.950726
47.284506,39.720996,47.255083,39.784906,17.19275
47.284506,39.720996,47.237471,39.683453,18.69445
47.284506,39.720996,47.292527,39.713823,5.4592767
47.284506,39.720996,47.302238,39.733057,7.996033
47.284506,39.720996,47.300208,39.773554,9.804712
47.284506,39.720996,47.281576,39.757079,8.005466
47.284506,39.720996,47.235766,39.709952,17.06048
47.284506,39.720996,47.247937,39.739602,9.598072
47.284506,39.720996,47.265936,39.666501,9.941053
47.284506,39.720996,47.279361,39.682489,8.098633
47.284506,39.720996,47.245582,39.768551,17.07517
47.284506,39.720996,47.235766,39.709952,17.06048
47.284506,39.720996,47.198113,39.631899,18.956623
47.284506,39.720996,47.247054,39.748018,9.598072
47.284506,39.720996,47.247697,39.772563,17.07517
47.284506,39.720996,47.28076,39.819036,19.67966
47.284506,39.720996,47.241503,39.774149,19.658798
47.284506,39.720996,47.218686,39.618666,19.385744
47.284506,39.720996,47.235766,39.709952,17.06048
47.284506,39.720996,47.221331,39.70597,18.172052
47.284506,39.720996,47.259644,39.77309,9.804712
47.284506,39.720996,47.220683,39.730255,18.072605
47.284506,39.720996,47.235766,39.709952,17.06048
47.284506,39.720996,47.237471,39.683453,18.69445
47.284506,39.720996,47.301125,39.719899,7.755061
47.284506,39.720996,47.236875,39.739626,17.07517
47.284506,39.720996,47.207524,39.630705,18.956623
47.284506,39.720996,47.282544,39.715706,4.2503667
47.284506,39.720996,47.280988,39.808406,18.95979
47.284506,39.720996,47.304403,39.642289,19.566256
47.284506,39.720996,47.291651,39.826587,19.721916
47.284506,39.720996,47.288683,39.696426,7.5214095
47.284506,39.720996,47.350817,39.72822,19.67966
47.284506,39.720996,47.314746,39.776991,18.41869
47.208051,39.634353,47.21805,39.697207,6.958374
47.208051,39.634353,47.217621,39.707611,13.083725
47.208051,39.634353,47.221096,39.69097,7.9058957
47.208051,39.634353,47.225482,39.717826,14.192076
47.208051,39.634353,47.255549,39.644401,19.847826
47.208051,39.634353,47.224904,39.711349,13.972736
47.208051,39.634353,47.210328,39.692724,7.629553
47.208051,39.634353,47.233896,39.61461,7.8624315
47.208051,39.634353,47.223208,39.697369,7.531018
47.208051,39.634353,47.218795,39.707842,13.281165
47.208051,39.634353,47.252899,39.764581,16.44484
47.208051,39.634353,47.214927,39.705652,13.4093275
47.208051,39.634353,47.273902,39.684949,19.950434
47.208051,39.634353,47.226024,39.729858,15.00687
47.208051,39.634353,47.229064,39.628654,6.702788
47.208051,39.634353,47.219161,39.705761,13.832145
47.208051,39.634353,47.249401,39.735175,16.44484
47.208051,39.634353,47.245568,39.680052,15.671627
47.208051,39.634353,47.219812,39.715458,15.5527525
47.208051,39.634353,47.238981,39.694731,15.869688
47.208051,39.634353,47.22192,39.724959,13.850968
47.208051,39.634353,47.230965,39.686521,7.840287
47.208051,39.634353,47.226262,39.73101,15.00687
47.208051,39.634353,47.256223,39.704661,19.936275
47.208051,39.634353,47.222052,39.715387,14.718438
47.208051,39.634353,47.297733,39.701845,20.037798
47.208051,39.634353,47.296659,39.717094,19.935347
47.208051,39.634353,47.21889,39.713986,13.483721
47.208051,39.634353,47.223083,39.698421,7.519303
47.208051,39.634353,47.222549,39.72163,13.850968
47.208051,39.634353,47.231065,39.75563,15.118485
47.208051,39.634353,47.284506,39.720996,19.995638
47.208051,39.634353,47.252037,39.795119,16.44484
47.208051,39.634353,47.2102,39.693253,7.629553
47.208051,39.634353,47.252637,39.713811,16.259098
47.208051,39.634353,47.214527,39.618866,5.2247176
47.208051,39.634353,47.25344,39.70265,15.607434
47.208051,39.634353,47.23422,39.601897,8.616163
47.208051,39.634353,47.157576,39.548447,13.237922
47.208051,39.634353,47.225003,39.701557,14.266556
47.208051,39.634353,47.246689,39.768088,16.44484
47.208051,39.634353,47.192543,39.619834,6.8771944
47.208051,39.634353,47.208258,39.655767,6.1046915
47.208051,39.634353,47.269791,39.70937,19.956453
47.208051,39.634353,47.259806,39.797556,19.995638
47.208051,39.634353,47.220417,39.710437,13.394783
47.208051,39.634353,47.335456,39.726704,19.995638
47.208051,39.634353,47.264228,39.782109,19.995638
47.208051,39.634353,47.245067,39.768986,16.44484
47.208051,39.634353,47.235766,39.709952,15.4889
47.208051,39.634353,47.22715,39.697301,14.640394
47.208051,39.634353,47.351676,39.715568,19.935347
47.208051,39.634353,47.228341,39.750748,15.118485
47.208051,39.634353,47.25395,39.859736,16.44484
47.208051,39.634353,47.236558,39.808849,16.44484
47.208051,39.634353,47.255083,39.784906,16.44484
47.208051,39.634353,47.237471,39.683453,9.026096
47.208051,39.634353,47.292527,39.713823,19.935347
47.208051,39.634353,47.302238,39.733057,19.995638
47.208051,39.634353,47.300208,39.773554,19.995638
47.208051,39.634353,47.281576,39.757079,19.995638
47.208051,39.634353,47.235766,39.709952,15.4889
47.208051,39.634353,47.247937,39.739602,16.44484
47.208051,39.634353,47.265936,39.666501,19.202528
47.208051,39.634353,47.279361,39.682489,19.950434
47.208051,39.634353,47.245582,39.768551,16.44484
47.208051,39.634353,47.235766,39.709952,15.4889
47.208051,39.634353,47.198113,39.631899,5.157402
47.208051,39.634353,47.247054,39.748018,16.44484
47.208051,39.634353,47.247697,39.772563,16.44484
47.208051,39.634353,47.28076,39.819036,19.995638
47.208051,39.634353,47.241503,39.774149,16.44484
47.208051,39.634353,47.218686,39.618666,5.5632515
47.208051,39.634353,47.235766,39.709952,15.4889
47.208051,39.634353,47.221331,39.70597,13.976289
47.208051,39.634353,47.259644,39.77309,19.995638
47.208051,39.634353,47.220683,39.730255,14.178995
47.208051,39.634353,47.235766,39.709952,15.4889
47.208051,39.634353,47.237471,39.683453,9.026096
47.208051,39.634353,47.301125,39.719899,19.995638
47.208051,39.634353,47.236875,39.739626,16.44484
47.208051,39.634353,47.207524,39.630705,3.8208327
47.208051,39.634353,47.282544,39.715706,19.935347
47.208051,39.634353,47.280988,39.808406,19.995638
47.208051,39.634353,47.304403,39.642289,19.375486
47.208051,39.634353,47.291651,39.826587,19.995638
47.208051,39.634353,47.288683,39.696426,19.932438
47.208051,39.634353,47.350817,39.72822,19.995638
47.208051,39.634353,47.314746,39.776991,19.995638
47.252037,39.795119,47.21805,39.697207,18.412008
47.252037,39.795119,47.217621,39.707611,18.773468
47.252037,39.795119,47.221096,39.69097,18.834385
47.252037,39.795119,47.225482,39.717826,18.716429
47.252037,39.795119,47.255549,39.644401,19.904606
47.252037,39.795119,47.224904,39.711349,18.135332
47.252037,39.795119,47.210328,39.692724,18.222271
47.252037,39.795119,47.233896,39.61461,19.016989
47.252037,39.795119,47.223208,39.697369,18.947275
47.252037,39.795119,47.218795,39.707842,18.744925
47.252037,39.795119,47.252899,39.764581,8.147538
47.252037,39.795119,47.214927,39.705652,18.207615
47.252037,39.795119,47.273902,39.684949,19.904606
47.252037,39.795119,47.226024,39.729858,17.675625
47.252037,39.795119,47.229064,39.628654,19.487257
47.252037,39.795119,47.219161,39.705761,18.666666
47.252037,39.795119,47.249401,39.735175,9.620462
47.252037,39.795119,47.245568,39.680052,19.161015
47.252037,39.795119,47.219812,39.715458,18.062054
47.252037,39.795119,47.238981,39.694731,19.208395
47.252037,39.795119,47.22192,39.724959,20.07408
47.252037,39.795119,47.230965,39.686521,19.631195
47.252037,39.795119,47.226262,39.73101,17.675625
47.252037,39.795119,47.256223,39.704661,19.073208
47.252037,39.795119,47.222052,39.715387,18.13884
47.252037,39.795119,47.297733,39.701845,19.759428
47.252037,39.795119,47.296659,39.717094,19.6776
47.252037,39.795119,47.21889,39.713986,18.062054
47.252037,39.795119,47.223083,39.698421,18.819374
47.252037,39.795119,47.222549,39.72163,18.55044
47.252037,39.795119,47.231065,39.75563,10.290183
47.252037,39.795119,47.284506,39.720996,19.023209
47.252037,39.795119,47.208051,39.634353,18.043343
47.252037,39.795119,47.2102,39.693253,18.222271
47.252037,39.795119,47.252637,39.713811,17.3813
47.252037,39.795119,47.214527,39.618866,18.043343
47.252037,39.795119,47.25344,39.70265,18.135635
47.252037,39.795119,47.23422,39.601897,19.016989
47.252037,39.795119,47.157576,39.548447,18.043343
47.252037,39.795119,47.225003,39.701557,18.811186
47.252037,39.795119,47.246689,39.768088,8.040352
47.252037,39.795119,47.192543,39.619834,18.043343
47.252037,39.795119,47.208258,39.655767,18.10799
47.252037,39.795119,47.269791,39.70937,18.988668
47.252037,39.795119,47.259806,39.797556,5.999358
47.252037,39.795119,47.220417,39.710437,18.099918
47.252037,39.795119,47.335456,39.726704,19.784996
47.252037,39.795119,47.264228,39.782109,7.0482755
47.252037,39.795119,47.245067,39.768986,8.040352
47.252037,39.795119,47.235766,39.709952,18.04704
47.252037,39.795119,47.22715,39.697301,19.510626
47.252037,39.795119,47.351676,39.715568,19.72139
47.252037,39.795119,47.228341,39.750748,10.290183
47.252037,39.795119,47.25395,39.859736,9.620462
47.252037,39.795119,47.236558,39.808849,7.9053955
47.252037,39.795119,47.255083,39.784906,6.2144756
47.252037,39.795119,47.237471,39.683453,19.161015
47.252037,39.795119,47.292527,39.713823,19.6776
47.252037,39.795119,47.302238,39.733057,19.066048
47.252037,39.795119,47.300208,39.773554,18.452948
47.252037,39.795119,47.281576,39.757079,9.832979
47.252037,39.795119,47.235766,39.709952,18.04704
47.252037,39.795119,47.247937,39.739602,9.620462
47.252037,39.795119,47.265936,39.666501,19.904606
47.252037,39.795119,47.279361,39.682489,19.904606
47.252037,39.795119,47.245582,39.768551,8.040352
47.252037,39.795119,47.235766,39.709952,18.04704
47.252037,39.795119,47.198113,39.631899,18.043343
47.252037,39.795119,47.247054,39.748018,9.620462
47.252037,39.795119,47.247697,39.772563,7.9053955
47.252037,39.795119,47.28076,39.819036,9.832979
47.252037,39.795119,47.241503,39.774149,7.9053955
47.252037,39.795119,47.218686,39.618666,18.459532
47.252037,39.795119,47.235766,39.709952,18.04704
47.252037,39.795119,47.221331,39.70597,18.780437
47.252037,39.795119,47.259644,39.77309,7.7602572
47.252037,39.795119,47.220683,39.730255,17.280586
47.252037,39.795119,47.235766,39.709952,18.04704
47.252037,39.795119,47.237471,39.683453,19.161015
47.252037,39.795119,47.301125,39.719899,19.784996
47.252037,39.795119,47.236875,39.739626,9.620462
47.252037,39.795119,47.207524,39.630705,18.043343
47.252037,39.795119,47.282544,39.715706,18.981396
47.252037,39.795119,47.280988,39.808406,9.832979
47.252037,39.795119,47.304403,39.642289,19.760572
47.252037,39.795119,47.291651,39.826587,9.832979
47.252037,39.795119,47.288683,39.696426,19.858835
47.252037,39.795119,47.350817,39.72822,19.784996
47.252037,39.795119,47.314746,39.776991,19.023209
47.2102,39.693253,47.21805,39.697207,3.8694708
47.2102,39.693253,47.217621,39.707611,3.2193978
47.2102,39.693253,47.221096,39.69097,5.147312
47.2102,39.693253,47.225482,39.717826,6.5230365
47.2102,39.693253,47.255549,39.644401,23.663254
47.2102,39.693253,47.224904,39.711349,5.9083567
47.2102,39.693253,47.210328,39.692724,3.8059444
47.2102,39.693253,47.233896,39.61461,14.761913
47.2102,39.693253,47.223208,39.697369,4.281922
47.2102,39.693253,47.218795,39.707842,3.2721608
47.2102,39.693253,47.252899,39.764581,15.546953
47.2102,39.693253,47.214927,39.705652,4.3619657
47.2102,39.693253,47.273902,39.684949,19.959822
47.2102,39.693253,47.226024,39.729858,6.453532
47.2102,39.693253,47.229064,39.628654,14.191925
47.2102,39.693253,47.219161,39.705761,4.1520977
47.2102,39.693253,47.249401,39.735175,15.687015
47.2102,39.693253,47.245568,39.680052,9.370188
47.2102,39.693253,47.219812,39.715458,5.7765374
47.2102,39.693253,47.238981,39.694731,7.879405
47.2102,39.693253,47.22192,39.724959,6.1836457
47.2102,39.693253,47.230965,39.686521,7.018821
47.2102,39.693253,47.226262,39.73101,7.635668
47.2102,39.693253,47.256223,39.704661,11.097419
47.2102,39.693253,47.222052,39.715387,6.051779
47.2102,39.693253,47.297733,39.701845,20.312527
47.2102,39.693253,47.296659,39.717094,20.18499
47.2102,39.693253,47.21889,39.713986,5.7765374
47.2102,39.693253,47.223083,39.698421,4.1254873
47.2102,39.693253,47.222549,39.72163,6.1836457
47.2102,39.693253,47.231065,39.75563,14.614114
47.2102,39.693253,47.284506,39.720996,20.23507
47.2102,39.693253,47.208051,39.634353,7.7493033
47.2102,39.693253,47.252037,39.795119,16.429531
47.2102,39.693253,47.252637,39.713811,8.81858
47.2102,39.693253,47.214527,39.618866,13.421879
47.2102,39.693253,47.25344,39.70265,8.866527
47.2102,39.693253,47.23422,39.601897,15.6329365
47.2102,39.693253,47.157576,39.548447,13.60748
47.2102,39.693253,47.225003,39.701557,5.3330703
47.2102,39.693253,47.246689,39.768088,15.546953
47.2102,39.693253,47.192543,39.619834,13.659651
47.2102,39.693253,47.208258,39.655767,7.181848
47.2102,39.693253,47.269791,39.70937,19.510378
47.2102,39.693253,47.259806,39.797556,20.23507
47.2102,39.693253,47.220417,39.710437,4.958278
47.2102,39.693253,47.335456,39.726704,20.23507
47.2102,39.693253,47.264228,39.782109,20.23507
47.2102,39.693253,47.245067,39.768986,15.546953
47.2102,39.693253,47.235766,39.709952,7.620887
47.2102,39.693253,47.22715,39.697301,6.3595057
47.2102,39.693253,47.351676,39.715568,20.18499
47.2102,39.693253,47.228341,39.750748,7.635668
47.2102,39.693253,47.25395,39.859736,16.429531
47.2102,39.693253,47.236558,39.808849,16.429531
47.2102,39.693253,47.255083,39.784906,16.429531
47.2102,39.693253,47.237471,39.683453,8.201611
47.2102,39.693253,47.292527,39.713823,20.18499
47.2102,39.693253,47.302238,39.733057,20.23507
47.2102,39.693253,47.300208,39.773554,20.23507
47.2102,39.693253,47.281576,39.757079,20.23507
47.2102,39.693253,47.235766,39.709952,7.620887
47.2102,39.693253,47.247937,39.739602,15.687015
47.2102,39.693253,47.265936,39.666501,19.959822
47.2102,39.693253,47.279361,39.682489,20.568531
47.2102,39.693253,47.245582,39.768551,15.546953
47.2102,39.693253,47.235766,39.709952,7.620887
47.2102,39.693253,47.198113,39.631899,7.7493033
47.2102,39.693253,47.247054,39.748018,15.827713
47.2102,39.693253,47.247697,39.772563,15.526371
47.2102,39.693253,47.28076,39.819036,20.23507
47.2102,39.693253,47.241503,39.774149,15.546953
47.2102,39.693253,47.218686,39.618666,13.563074
47.2102,39.693253,47.235766,39.709952,7.620887
47.2102,39.693253,47.221331,39.70597,4.7443776
47.2102,39.693253,47.259644,39.77309,20.23507
47.2102,39.693253,47.220683,39.730255,5.939012
47.2102,39.693253,47.235766,39.709952,7.620887
47.2102,39.693253,47.237471,39.683453,8.201611
47.2102,39.693253,47.301125,39.719899,20.23507
47.2102,39.693253,47.236875,39.739626,8.988894
47.2102,39.693253,47.207524,39.630705,7.7493033
47.2102,39.693253,47.282544,39.715706,20.18499
47.2102,39.693253,47.280988,39.808406,20.23507
47.2102,39.693253,47.304403,39.642289,19.844019
47.2102,39.693253,47.291651,39.826587,20.23507
47.2102,39.693253,47.288683,39.696426,20.627687
47.2102,39.693253,47.350817,39.72822,20.23507
47.2102,39.693253,47.314746,39.776991,20.23507
47.252637,39.713811,47.21805,39.697207,9.197773
47.252637,39.713811,47.217621,39.707611,10.127673
47.252637,39.713811,47.221096,39.69097,10.013842
47.252637,39.713811,47.225482,39.717826,8.829597
47.252637,39.713811,47.255549,39.644401,19.920975
47.252637,39.713811,47.224904,39.711349,8.2342415
47.252637,39.713811,47.210328,39.692724,10.634748
47.252637,39.713811,47.233896,39.61461,18.988407
47.252637,39.713811,47.223208,39.697369,9.787571
47.252637,39.713811,47.218795,39.707842,10.172556
47.252637,39.713811,47.252899,39.764581,9.629289
47.252637,39.713811,47.214927,39.705652,10.389255
47.252637,39.713811,47.273902,39.684949,7.749076
47.252637,39.713811,47.226024,39.729858,8.829597
47.252637,39.713811,47.229064,39.628654,18.411211
47.252637,39.713811,47.219161,39.705761,9.882916
47.252637,39.713811,47.249401,39.735175,7.2066097
47.252637,39.713811,47.245568,39.680052,7.895746
47.252637,39.713811,47.219812,39.715458,10.180159
47.252637,39.713811,47.238981,39.694731,7.766201
47.252637,39.713811,47.22192,39.724959,10.241932
47.252637,39.713811,47.230965,39.686521,8.435152
47.252637,39.713811,47.226262,39.73101,8.829597
47.252637,39.713811,47.256223,39.704661,5.574467
47.252637,39.713811,47.222052,39.715387,10.1277075
47.252637,39.713811,47.297733,39.701845,9.372027
47.252637,39.713811,47.296659,39.717094,9.595875
47.252637,39.713811,47.21889,39.713986,10.180159
47.252637,39.713811,47.223083,39.698421,9.87724
47.252637,39.713811,47.222549,39.72163,10.241932
47.252637,39.713811,47.231065,39.75563,10.294119
47.252637,39.713811,47.284506,39.720996,9.838288
47.252637,39.713811,47.208051,39.634353,18.018007
47.252637,39.713811,47.252037,39.795119,17.43668
47.252637,39.713811,47.2102,39.693253,10.634748
47.252637,39.713811,47.214527,39.618866,18.05357
47.252637,39.713811,47.25344,39.70265,5.7268486
47.252637,39.713811,47.23422,39.601897,19.036833
47.252637,39.713811,47.157576,39.548447,18.05357
47.252637,39.713811,47.225003,39.701557,7.8377504
47.252637,39.713811,47.246689,39.768088,9.629289
47.252637,39.713811,47.192543,39.619834,18.05357
47.252637,39.713811,47.208258,39.655767,17.295025
47.252637,39.713811,47.269791,39.70937,7.358988
47.252637,39.713811,47.259806,39.797556,19.370354
47.252637,39.713811,47.220417,39.710437,10.172556
47.252637,39.713811,47.335456,39.726704,19.805721
47.252637,39.713811,47.264228,39.782109,18.657133
47.252637,39.713811,47.245067,39.768986,9.629289
47.252637,39.713811,47.235766,39.709952,7.507398
47.252637,39.713811,47.22715,39.697301,8.039573
47.252637,39.713811,47.351676,39.715568,19.742115
47.252637,39.713811,47.228341,39.750748,10.294119
47.252637,39.713811,47.25395,39.859736,19.120472
47.252637,39.713811,47.236558,39.808849,19.068731
47.252637,39.713811,47.255083,39.784906,17.471422
47.252637,39.713811,47.237471,39.683453,7.895746
47.252637,39.713811,47.292527,39.713823,9.595875
47.252637,39.713811,47.302238,39.733057,18.473902
47.252637,39.713811,47.300208,39.773554,19.041302
47.252637,39.713811,47.281576,39.757079,9.838288
47.252637,39.713811,47.235766,39.709952,7.507398
47.252637,39.713811,47.247937,39.739602,7.9236455
47.252637,39.713811,47.265936,39.666501,9.615606
47.252637,39.713811,47.279361,39.682489,9.615606
47.252637,39.713811,47.245582,39.768551,9.629289
47.252637,39.713811,47.235766,39.709952,7.507398
47.252637,39.713811,47.198113,39.631899,18.05357
47.252637,39.713811,47.247054,39.748018,8.164765
47.252637,39.713811,47.247697,39.772563,9.629289
47.252637,39.713811,47.28076,39.819036,19.805721
47.252637,39.713811,47.241503,39.774149,9.629289
47.252637,39.713811,47.218686,39.618666,18.534443
47.252637,39.713811,47.235766,39.709952,7.507398
47.252637,39.713811,47.221331,39.70597,9.87724
47.252637,39.713811,47.259644,39.77309,9.838288
47.252637,39.713811,47.220683,39.730255,10.293721
47.252637,39.713811,47.235766,39.709952,7.507398
47.252637,39.713811,47.237471,39.683453,7.895746
47.252637,39.713811,47.301125,39.719899,18.473902
47.252637,39.713811,47.236875,39.739626,8.164765
47.252637,39.713811,47.207524,39.630705,18.05357
47.252637,39.713811,47.282544,39.715706,9.595875
47.252637,39.713811,47.280988,39.808406,19.761843
47.252637,39.713811,47.304403,39.642289,19.779734
47.252637,39.713811,47.291651,39.826587,19.805721
47.252637,39.713811,47.288683,39.696426,9.586627
47.252637,39.713811,47.350817,39.72822,19.805721
47.252637,39.713811,47.314746,39.776991,19.805721
47.214527,39.618866,47.21805,39.697207,13.716317
47.214527,39.618866,47.217621,39.707611,13.52954
47.214527,39.618866,47.221096,39.69097,14.04703
47.214527,39.618866,47.225482,39.717826,15.00687
47.214527,39.618866,47.255549,39.644401,11.152252
47.214527,39.618866,47.224904,39.711349,13.889183
47.214527,39.618866,47.210328,39.692724,13.748904
47.214527,39.618866,47.233896,39.61461,7.889623
47.214527,39.618866,47.223208,39.697369,14.234673
47.214527,39.618866,47.218795,39.707842,13.605891
47.214527,39.618866,47.252899,39.764581,16.44484
47.214527,39.618866,47.214927,39.705652,13.241055
47.214527,39.618866,47.273902,39.684949,19.950434
47.214527,39.618866,47.226024,39.729858,15.118485
47.214527,39.618866,47.229064,39.628654,6.8228
47.214527,39.618866,47.219161,39.705761,13.8593645
47.214527,39.618866,47.249401,39.735175,16.44484
47.214527,39.618866,47.245568,39.680052,15.671627
47.214527,39.618866,47.219812,39.715458,13.536726
47.214527,39.618866,47.238981,39.694731,17.021606
47.214527,39.618866,47.22192,39.724959,14.519863
47.214527,39.618866,47.230965,39.686521,14.4749155
47.214527,39.618866,47.226262,39.73101,15.118485
47.214527,39.618866,47.256223,39.704661,20.037798
47.214527,39.618866,47.222052,39.715387,13.766063
47.214527,39.618866,47.297733,39.701845,20.037798
47.214527,39.618866,47.296659,39.717094,19.935347
47.214527,39.618866,47.21889,39.713986,13.586778
47.214527,39.618866,47.223083,39.698421,13.84898
47.214527,39.618866,47.222549,39.72163,14.412719
47.214527,39.618866,47.231065,39.75563,15.118485
47.214527,39.618866,47.284506,39.720996,19.995638
47.214527,39.618866,47.208051,39.634353,5.2247176
47.214527,39.618866,47.252037,39.795119,16.44484
47.214527,39.618866,47.2102,39.693253,13.748904
47.214527,39.618866,47.252637,39.713811,16.370726
47.214527,39.618866,47.25344,39.70265,16.359749
47.214527,39.618866,47.23422,39.601897,7.8624315
47.214527,39.618866,47.157576,39.548447,13.237922
47.214527,39.618866,47.225003,39.701557,15.51362
47.214527,39.618866,47.246689,39.768088,16.44484
47.214527,39.618866,47.192543,39.619834,6.8487864
47.214527,39.618866,47.208258,39.655767,6.9562407
47.214527,39.618866,47.269791,39.70937,19.956453
47.214527,39.618866,47.259806,39.797556,19.995638
47.214527,39.618866,47.220417,39.710437,13.605891
47.214527,39.618866,47.335456,39.726704,19.995638
47.214527,39.618866,47.264228,39.782109,19.995638
47.214527,39.618866,47.245067,39.768986,16.44484
47.214527,39.618866,47.235766,39.709952,15.478922
47.214527,39.618866,47.22715,39.697301,14.26915
47.214527,39.618866,47.351676,39.715568,19.935347
47.214527,39.618866,47.228341,39.750748,15.118485
47.214527,39.618866,47.25395,39.859736,16.44484
47.214527,39.618866,47.236558,39.808849,16.44484
47.214527,39.618866,47.255083,39.784906,16.44484
47.214527,39.618866,47.237471,39.683453,15.671627
47.214527,39.618866,47.292527,39.713823,19.935347
47.214527,39.618866,47.302238,39.733057,19.995638
47.214527,39.618866,47.300208,39.773554,19.995638
47.214527,39.618866,47.281576,39.757079,19.995638
47.214527,39.618866,47.235766,39.709952,15.478922
47.214527,39.618866,47.247937,39.739602,16.44484
47.214527,39.618866,47.265936,39.666501,19.202528
47.214527,39.618866,47.279361,39.682489,19.950434
47.214527,39.618866,47.245582,39.768551,16.44484
47.214527,39.618866,47.235766,39.709952,15.478922
47.214527,39.618866,47.198113,39.631899,6.8771944
47.214527,39.618866,47.247054,39.748018,16.44484
47.214527,39.618866,47.247697,39.772563,16.44484
47.214527,39.618866,47.28076,39.819036,19.995638
47.214527,39.618866,47.241503,39.774149,16.44484
47.214527,39.618866,47.218686,39.618666,2.8972864
47.214527,39.618866,47.235766,39.709952,15.478922
47.214527,39.618866,47.221331,39.70597,13.993491
47.214527,39.618866,47.259644,39.77309,19.995638
47.214527,39.618866,47.220683,39.730255,14.279206
47.214527,39.618866,47.235766,39.709952,15.478922
47.214527,39.618866,47.237471,39.683453,15.671627
47.214527,39.618866,47.301125,39.719899,19.995638
47.214527,39.618866,47.236875,39.739626,16.44484
47.214527,39.618866,47.207524,39.630705,5.235115
47.214527,39.618866,47.282544,39.715706,19.935347
47.214527,39.618866,47.280988,39.808406,19.995638
47.214527,39.618866,47.304403,39.642289,19.375486
47.214527,39.618866,47.291651,39.826587,19.995638
47.214527,39.618866,47.288683,39.696426,19.932438
47.214527,39.618866,47.350817,39.72822,19.995638
47.214527,39.618866,47.314746,39.776991,19.995638
47.25344,39.70265,47.21805,39.697207,9.0827265
47.25344,39.70265,47.217621,39.707611,9.698614
47.25344,39.70265,47.221096,39.69097,9.978632
47.25344,39.70265,47.225482,39.717826,10.351578
47.25344,39.70265,47.255549,39.644401,9.505571
47.25344,39.70265,47.224904,39.711349,8.1625
47.25344,39.70265,47.210328,39.692724,10.613334
47.25344,39.70265,47.233896,39.61461,17.596495
47.25344,39.70265,47.223208,39.697369,9.829687
47.25344,39.70265,47.218795,39.707842,9.969689
47.25344,39.70265,47.252899,39.764581,9.656879
47.25344,39.70265,47.214927,39.705652,10.338768
47.25344,39.70265,47.273902,39.684949,7.68075
47.25344,39.70265,47.226024,39.729858,10.351578
47.25344,39.70265,47.229064,39.628654,17.818117
47.25344,39.70265,47.219161,39.705761,9.833088
47.25344,39.70265,47.249401,39.735175,8.302017
47.25344,39.70265,47.245568,39.680052,7.555715
47.25344,39.70265,47.219812,39.715458,9.986475
47.25344,39.70265,47.238981,39.694731,6.697468
47.25344,39.70265,47.22192,39.724959,10.234397
47.25344,39.70265,47.230965,39.686521,8.40723
47.25344,39.70265,47.226262,39.73101,10.351578
47.25344,39.70265,47.256223,39.704661,4.084711
47.25344,39.70265,47.222052,39.715387,10.010636
47.25344,39.70265,47.297733,39.701845,9.341742
47.25344,39.70265,47.296659,39.717094,9.500551
47.25344,39.70265,47.21889,39.713986,9.986475
47.25344,39.70265,47.223083,39.698421,9.8848
47.25344,39.70265,47.222549,39.72163,10.234397
47.25344,39.70265,47.231065,39.75563,10.351578
47.25344,39.70265,47.284506,39.720996,9.863337
47.25344,39.70265,47.208051,39.634353,16.923922
47.25344,39.70265,47.252037,39.795119,17.982674
47.25344,39.70265,47.2102,39.693253,10.613334
47.25344,39.70265,47.252637,39.713811,5.6592965
47.25344,39.70265,47.214527,39.618866,17.583979
47.25344,39.70265,47.23422,39.601897,18.595953
47.25344,39.70265,47.157576,39.548447,17.644775
47.25344,39.70265,47.225003,39.701557,7.93439
47.25344,39.70265,47.246689,39.768088,9.656879
47.25344,39.70265,47.192543,39.619834,17.644775
47.25344,39.70265,47.208258,39.655767,18.597013
47.25344,39.70265,47.269791,39.70937,7.448381
47.25344,39.70265,47.259806,39.797556,18.902197
47.25344,39.70265,47.220417,39.710437,9.969689
47.25344,39.70265,47.335456,39.726704,19.607885
47.25344,39.70265,47.264228,39.782109,18.637415
47.25344,39.70265,47.245067,39.768986,9.656879
47.25344,39.70265,47.235766,39.709952,7.600218
47.25344,39.70265,47.22715,39.697301,8.106808
47.25344,39.70265,47.351676,39.715568,19.478064
47.25344,39.70265,47.228341,39.750748,10.351578
47.25344,39.70265,47.25395,39.859736,18.899775
47.25344,39.70265,47.236558,39.808849,18.899775
47.25344,39.70265,47.255083,39.784906,17.425117
47.25344,39.70265,47.237471,39.683453,7.859034
47.25344,39.70265,47.292527,39.713823,9.500551
47.25344,39.70265,47.302238,39.733057,18.578419
47.25344,39.70265,47.300208,39.773554,19.521294
47.25344,39.70265,47.281576,39.757079,9.863337
47.25344,39.70265,47.235766,39.709952,7.600218
47.25344,39.70265,47.247937,39.739602,8.25441
47.25344,39.70265,47.265936,39.666501,7.68075
47.25344,39.70265,47.279361,39.682489,7.68075
47.25344,39.70265,47.245582,39.768551,9.656879
47.25344,39.70265,47.235766,39.709952,7.600218
47.25344,39.70265,47.198113,39.631899,17.644775
47.25344,39.70265,47.247054,39.748018,9.656879
47.25344,39.70265,47.247697,39.772563,17.46799
47.25344,39.70265,47.28076,39.819036,19.607885
47.25344,39.70265,47.241503,39.774149,17.031343
47.25344,39.70265,47.218686,39.618666,18.041777
47.25344,39.70265,47.235766,39.709952,7.600218
47.25344,39.70265,47.221331,39.70597,9.8848
47.25344,39.70265,47.259644,39.77309,18.620935
47.25344,39.70265,47.220683,39.730255,10.211422
47.25344,39.70265,47.235766,39.709952,7.600218
47.25344,39.70265,47.237471,39.683453,7.859034
47.25344,39.70265,47.301125,39.719899,18.431948
47.25344,39.70265,47.236875,39.739626,9.656879
47.25344,39.70265,47.207524,39.630705,17.583979
47.25344,39.70265,47.282544,39.715706,9.500551
47.25344,39.70265,47.280988,39.808406,19.607885
47.25344,39.70265,47.304403,39.642289,18.67802
47.25344,39.70265,47.291651,39.826587,19.607885
47.25344,39.70265,47.288683,39.696426,9.496029
47.25344,39.70265,47.350817,39.72822,19.607885
47.25344,39.70265,47.314746,39.776991,19.607885
47.23422,39.601897,47.21805,39.697207,17.73173
47.23422,39.601897,47.217621,39.707611,18.03305
47.23422,39.601897,47.221096,39.69097,16.981236
47.23422,39.601897,47.225482,39.717826,19.565943
47.23422,39.601897,47.255549,39.644401,8.833379
47.23422,39.601897,47.224904,39.711349,18.525095
47.23422,39.601897,47.210328,39.692724,16.29335
47.23422,39.601897,47.233896,39.61461,5.1669836
47.23422,39.601897,47.223208,39.697369,18.199766
47.23422,39.601897,47.218795,39.707842,18.158726
47.23422,39.601897,47.252899,39.764581,18.527933
47.23422,39.601897,47.214927,39.705652,17.372211
47.23422,39.601897,47.273902,39.684949,18.931965
47.23422,39.601897,47.226024,39.729858,19.565943
47.23422,39.601897,47.229064,39.628654,7.721804
47.23422,39.601897,47.219161,39.705761,18.222473
47.23422,39.601897,47.249401,39.735175,18.527933
47.23422,39.601897,47.245568,39.680052,16.20516
47.23422,39.601897,47.219812,39.715458,18.133701
47.23422,39.601897,47.238981,39.694731,17.259354
47.23422,39.601897,47.22192,39.724959,18.424911
47.23422,39.601897,47.230965,39.686521,18.234964
47.23422,39.601897,47.226262,39.73101,19.565943
47.23422,39.601897,47.256223,39.704661,19.311674
47.23422,39.601897,47.222052,39.715387,18.303772
47.23422,39.601897,47.297733,39.701845,19.311674
47.23422,39.601897,47.296659,39.717094,19.224144
47.23422,39.601897,47.21889,39.713986,18.133701
47.23422,39.601897,47.223083,39.698421,18.311527
47.23422,39.601897,47.222549,39.72163,18.424911
47.23422,39.601897,47.231065,39.75563,19.565943
47.23422,39.601897,47.284506,39.720996,19.367512
47.23422,39.601897,47.208051,39.634353,9.643036
47.23422,39.601897,47.252037,39.795119,18.527933
47.23422,39.601897,47.2102,39.693253,16.947523
47.23422,39.601897,47.252637,39.713811,18.371407
47.23422,39.601897,47.214527,39.618866,8.702032
47.23422,39.601897,47.25344,39.70265,18.460672
47.23422,39.601897,47.157576,39.548447,16.722057
47.23422,39.601897,47.225003,39.701557,18.540464
47.23422,39.601897,47.246689,39.768088,18.527933
47.23422,39.601897,47.192543,39.619834,9.643036
47.23422,39.601897,47.208258,39.655767,9.809987
47.23422,39.601897,47.269791,39.70937,19.24509
47.23422,39.601897,47.259806,39.797556,19.367512
47.23422,39.601897,47.220417,39.710437,18.158726
47.23422,39.601897,47.335456,39.726704,19.367512
47.23422,39.601897,47.264228,39.782109,19.367512
47.23422,39.601897,47.245067,39.768986,18.527933
47.23422,39.601897,47.235766,39.709952,18.393192
47.23422,39.601897,47.22715,39.697301,18.348726
47.23422,39.601897,47.351676,39.715568,19.224144
47.23422,39.601897,47.228341,39.750748,19.565943
47.23422,39.601897,47.25395,39.859736,18.527933
47.23422,39.601897,47.236558,39.808849,18.527933
47.23422,39.601897,47.255083,39.784906,18.527933
47.23422,39.601897,47.237471,39.683453,16.77183
47.23422,39.601897,47.292527,39.713823,19.224144
47.23422,39.601897,47.302238,39.733057,19.367512
47.23422,39.601897,47.300208,39.773554,19.367512
47.23422,39.601897,47.281576,39.757079,19.367512
47.23422,39.601897,47.235766,39.709952,18.393192
47.23422,39.601897,47.247937,39.739602,18.527933
47.23422,39.601897,47.265936,39.666501,17.92143
47.23422,39.601897,47.279361,39.682489,19.028847
47.23422,39.601897,47.245582,39.768551,18.527933
47.23422,39.601897,47.235766,39.709952,18.393192
47.23422,39.601897,47.198113,39.631899,9.643036
47.23422,39.601897,47.247054,39.748018,18.527933
47.23422,39.601897,47.247697,39.772563,18.527933
47.23422,39.601897,47.28076,39.819036,19.367512
47.23422,39.601897,47.241503,39.774149,18.527933
47.23422,39.601897,47.218686,39.618666,7.5842943
47.23422,39.601897,47.235766,39.709952,18.393192
47.23422,39.601897,47.221331,39.70597,18.407822
47.23422,39.601897,47.259644,39.77309,19.367512
47.23422,39.601897,47.220683,39.730255,18.24961
47.23422,39.601897,47.235766,39.709952,18.393192
47.23422,39.601897,47.237471,39.683453,16.77183
47.23422,39.601897,47.301125,39.719899,19.367512
47.23422,39.601897,47.236875,39.739626,18.527933
47.23422,39.601897,47.207524,39.630705,9.643036
47.23422,39.601897,47.282544,39.715706,19.224144
47.23422,39.601897,47.280988,39.808406,19.367512
47.23422,39.601897,47.304403,39.642289,18.835587
47.23422,39.601897,47.291651,39.826587,19.367512
47.23422,39.601897,47.288683,39.696426,19.036663
47.23422,39.601897,47.350817,39.72822,19.367512
47.23422,39.601897,47.314746,39.776991,19.367512
47.157576,39.548447,47.21805,39.697207,14.357552
47.157576,39.548447,47.217621,39.707611,14.179852
47.157576,39.548447,47.221096,39.69097,14.315783
47.157576,39.548447,47.225482,39.717826,15.118485
47.157576,39.548447,47.255549,39.644401,19.950434
47.157576,39.548447,47.224904,39.711349,14.539672
47.157576,39.548447,47.210328,39.692724,13.794868
47.157576,39.548447,47.233896,39.61461,15.599262
47.157576,39.548447,47.223208,39.697369,14.855565
47.157576,39.548447,47.218795,39.707842,14.228451
47.157576,39.548447,47.252899,39.764581,16.44484
47.157576,39.548447,47.214927,39.705652,13.888395
47.157576,39.548447,47.273902,39.684949,19.950434
47.157576,39.548447,47.226024,39.729858,15.118485
47.157576,39.548447,47.229064,39.628654,14.406325
47.157576,39.548447,47.219161,39.705761,14.484845
47.157576,39.548447,47.249401,39.735175,16.44484
47.157576,39.548447,47.245568,39.680052,16.174189
47.157576,39.548447,47.219812,39.715458,14.205069
47.157576,39.548447,47.238981,39.694731,16.295998
47.157576,39.548447,47.22192,39.724959,14.519863
47.157576,39.548447,47.230965,39.686521,14.982104
47.157576,39.548447,47.226262,39.73101,15.118485
47.157576,39.548447,47.256223,39.704661,20.037798
47.157576,39.548447,47.222052,39.715387,14.441342
47.157576,39.548447,47.297733,39.701845,20.037798
47.157576,39.548447,47.296659,39.717094,19.935347
47.157576,39.548447,47.21889,39.713986,14.205069
47.157576,39.548447,47.223083,39.698421,14.639982
47.157576,39.548447,47.222549,39.72163,14.519863
47.157576,39.548447,47.231065,39.75563,15.118485
47.157576,39.548447,47.284506,39.720996,19.995638
47.157576,39.548447,47.208051,39.634353,13.237922
47.157576,39.548447,47.252037,39.795119,16.44484
47.157576,39.548447,47.2102,39.693253,13.794868
47.157576,39.548447,47.252637,39.713811,16.370726
47.157576,39.548447,47.214527,39.618866,13.237922
47.157576,39.548447,47.25344,39.70265,16.461573
47.157576,39.548447,47.23422,39.601897,15.599262
47.157576,39.548447,47.225003,39.701557,14.761721
47.157576,39.548447,47.246689,39.768088,16.44484
47.157576,39.548447,47.192543,39.619834,12.500873
47.157576,39.548447,47.208258,39.655767,13.6808605
47.157576,39.548447,47.269791,39.70937,19.956453
47.157576,39.548447,47.259806,39.797556,19.995638
47.157576,39.548447,47.220417,39.710437,14.228451
47.157576,39.548447,47.335456,39.726704,19.995638
47.157576,39.548447,47.264228,39.782109,19.995638
47.157576,39.548447,47.245067,39.768986,16.44484
47.157576,39.548447,47.235766,39.709952,16.392023
47.157576,39.548447,47.22715,39.697301,15.133619
47.157576,39.548447,47.351676,39.715568,19.935347
47.157576,39.548447,47.228341,39.750748,15.118485
47.157576,39.548447,47.25395,39.859736,16.44484
47.157576,39.548447,47.236558,39.808849,16.44484
47.157576,39.548447,47.255083,39.784906,16.44484
47.157576,39.548447,47.237471,39.683453,16.174189
47.157576,39.548447,47.292527,39.713823,19.935347
47.157576,39.548447,47.302238,39.733057,19.995638
47.157576,39.548447,47.300208,39.773554,19.995638
47.157576,39.548447,47.281576,39.757079,19.995638
47.157576,39.548447,47.235766,39.709952,16.392023
47.157576,39.548447,47.247937,39.739602,16.44484
47.157576,39.548447,47.265936,39.666501,19.950434
47.157576,39.548447,47.279361,39.682489,19.950434
47.157576,39.548447,47.245582,39.768551,16.44484
47.157576,39.548447,47.235766,39.709952,16.392023
47.157576,39.548447,47.198113,39.631899,13.153577
47.157576,39.548447,47.247054,39.748018,16.44484
47.157576,39.548447,47.247697,39.772563,16.44484
47.157576,39.548447,47.28076,39.819036,19.995638
47.157576,39.548447,47.241503,39.774149,16.44484
47.157576,39.548447,47.218686,39.618666,13.663008
47.157576,39.548447,47.235766,39.709952,16.392023
47.157576,39.548447,47.221331,39.70597,14.639982
47.157576,39.548447,47.259644,39.77309,19.995638
47.157576,39.548447,47.220683,39.730255,14.279206
47.157576,39.548447,47.235766,39.709952,16.392023
47.157576,39.548447,47.237471,39.683453,16.174189
47.157576,39.548447,47.301125,39.719899,19.995638
47.157576,39.548447,47.236875,39.739626,16.44484
47.157576,39.548447,47.207524,39.630705,13.237922
47.157576,39.548447,47.282544,39.715706,19.935347
47.157576,39.548447,47.280988,39.808406,19.995638
47.157576,39.548447,47.304403,39.642289,19.375486
47.157576,39.548447,47.291651,39.826587,19.995638
47.157576,39.548447,47.288683,39.696426,19.932438
47.157576,39.548447,47.350817,39.72822,19.995638
47.157576,39.548447,47.314746,39.776991,19.995638
47.225003,39.701557,47.21805,39.697207,4.006829
47.225003,39.701557,47.217621,39.707611,4.0946136
47.225003,39.701557,47.221096,39.69097,5.1802936
47.225003,39.701557,47.225482,39.717826,5.31379
47.225003,39.701557,47.255549,39.644401,20.283472
47.225003,39.701557,47.224904,39.711349,3.7137046
47.225003,39.701557,47.210328,39.692724,7.3489475
47.225003,39.701557,47.233896,39.61461,18.016916
47.225003,39.701557,47.223208,39.697369,1.9415517
47.225003,39.701557,47.218795,39.707842,4.518532
47.225003,39.701557,47.252899,39.764581,17.394907
47.225003,39.701557,47.214927,39.705652,4.9595594
47.225003,39.701557,47.273902,39.684949,20.283472
47.225003,39.701557,47.226024,39.729858,7.1919594
47.225003,39.701557,47.229064,39.628654,15.804916
47.225003,39.701557,47.219161,39.705761,2.642208
47.225003,39.701557,47.249401,39.735175,9.992071
47.225003,39.701557,47.245568,39.680052,8.283947
47.225003,39.701557,47.219812,39.715458,4.440808
47.225003,39.701557,47.238981,39.694731,7.2893224
47.225003,39.701557,47.22192,39.724959,6.5664454
47.225003,39.701557,47.230965,39.686521,5.1178837
47.225003,39.701557,47.226262,39.73101,7.299688
47.225003,39.701557,47.256223,39.704661,9.910025
47.225003,39.701557,47.222052,39.715387,4.1501107
47.225003,39.701557,47.297733,39.701845,20.106253
47.225003,39.701557,47.296659,39.717094,20.070375
47.225003,39.701557,47.21889,39.713986,4.183755
47.225003,39.701557,47.223083,39.698421,1.9449574
47.225003,39.701557,47.222549,39.72163,4.9466434
47.225003,39.701557,47.231065,39.75563,8.651041
47.225003,39.701557,47.284506,39.720996,19.457644
47.225003,39.701557,47.208051,39.634353,15.261844
47.225003,39.701557,47.252037,39.795119,19.15019
47.225003,39.701557,47.2102,39.693253,6.5667686
47.225003,39.701557,47.252637,39.713811,8.226418
47.225003,39.701557,47.214527,39.618866,16.310843
47.225003,39.701557,47.25344,39.70265,7.9776154
47.225003,39.701557,47.23422,39.601897,18.96875
47.225003,39.701557,47.157576,39.548447,16.270977
47.225003,39.701557,47.246689,39.768088,17.394907
47.225003,39.701557,47.192543,39.619834,15.514111
47.225003,39.701557,47.208258,39.655767,8.95097
47.225003,39.701557,47.269791,39.70937,10.043871
47.225003,39.701557,47.259806,39.797556,20.178339
47.225003,39.701557,47.220417,39.710437,4.518532
47.225003,39.701557,47.335456,39.726704,20.178339
47.225003,39.701557,47.264228,39.782109,20.091743
47.225003,39.701557,47.245067,39.768986,17.394907
47.225003,39.701557,47.235766,39.709952,6.471897
47.225003,39.701557,47.22715,39.697301,3.2652676
47.225003,39.701557,47.351676,39.715568,20.070375
47.225003,39.701557,47.228341,39.750748,8.651041
47.225003,39.701557,47.25395,39.859736,19.244642
47.225003,39.701557,47.236558,39.808849,19.244642
47.225003,39.701557,47.255083,39.784906,18.312538
47.225003,39.701557,47.237471,39.683453,8.116318
47.225003,39.701557,47.292527,39.713823,19.984545
47.225003,39.701557,47.302238,39.733057,20.178339
47.225003,39.701557,47.300208,39.773554,20.178339
47.225003,39.701557,47.281576,39.757079,20.091743
47.225003,39.701557,47.235766,39.709952,6.471897
47.225003,39.701557,47.247937,39.739602,9.992071
47.225003,39.701557,47.265936,39.666501,20.479797
47.225003,39.701557,47.279361,39.682489,22.360794
47.225003,39.701557,47.245582,39.768551,17.394907
47.225003,39.701557,47.235766,39.709952,6.471897
47.225003,39.701557,47.198113,39.631899,15.309659
47.225003,39.701557,47.247054,39.748018,9.992071
47.225003,39.701557,47.247697,39.772563,17.50127
47.225003,39.701557,47.28076,39.819036,20.178339
47.225003,39.701557,47.241503,39.774149,17.50127
47.225003,39.701557,47.218686,39.618666,16.548595
47.225003,39.701557,47.235766,39.709952,6.471897
47.225003,39.701557,47.221331,39.70597,2.1557617
47.225003,39.701557,47.259644,39.77309,19.457644
47.225003,39.701557,47.220683,39.730255,6.6512694
47.225003,39.701557,47.235766,39.709952,6.471897
47.225003,39.701557,47.237471,39.683453,8.116318
47.225003,39.701557,47.301125,39.719899,20.178339
47.225003,39.701557,47.236875,39.739626,8.589603
47.225003,39.701557,47.207524,39.630705,15.261844
47.225003,39.701557,47.282544,39.715706,19.377901
47.225003,39.701557,47.280988,39.808406,20.178339
47.225003,39.701557,47.304403,39.642289,20.01869
47.225003,39.701557,47.291651,39.826587,20.178339
47.225003,39.701557,47.288683,39.696426,19.495607
47.225003,39.701557,47.350817,39.72822,20.178339
47.225003,39.701557,47.314746,39.776991,20.178339
47.246689,39.768088,47.21805,39.697207,20.10957
47.246689,39.768088,47.217621,39.707611,17.409073
47.246689,39.768088,47.221096,39.69097,17.787064
47.246689,39.768088,47.225482,39.717826,10.290183
47.246689,39.768088,47.255549,39.644401,19.904606
47.246689,39.768088,47.224904,39.711349,9.853231
47.246689,39.768088,47.210328,39.692724,17.409279
47.246689,39.768088,47.233896,39.61461,19.016989
47.246689,39.768088,47.223208,39.697369,17.566065
47.246689,39.768088,47.218795,39.707842,17.433401
47.246689,39.768088,47.252899,39.764581,5.9073567
47.246689,39.768088,47.214927,39.705652,17.433657
47.246689,39.768088,47.273902,39.684949,19.14843
47.246689,39.768088,47.226024,39.729858,10.290183
47.246689,39.768088,47.229064,39.628654,19.487257
47.246689,39.768088,47.219161,39.705761,17.605392
47.246689,39.768088,47.249401,39.735175,8.147538
47.246689,39.768088,47.245568,39.680052,18.133978
47.246689,39.768088,47.219812,39.715458,10.237678
47.246689,39.768088,47.238981,39.694731,18.060398
47.246689,39.768088,47.22192,39.724959,10.270529
47.246689,39.768088,47.230965,39.686521,19.075645
47.246689,39.768088,47.226262,39.73101,10.290183
47.246689,39.768088,47.256223,39.704661,9.411418
47.246689,39.768088,47.222052,39.715387,10.184613
47.246689,39.768088,47.297733,39.701845,19.718649
47.246689,39.768088,47.296659,39.717094,18.981396
47.246689,39.768088,47.21889,39.713986,10.237678
47.246689,39.768088,47.223083,39.698421,17.690166
47.246689,39.768088,47.222549,39.72163,10.270529
47.246689,39.768088,47.231065,39.75563,8.574596
47.246689,39.768088,47.284506,39.720996,18.452948
47.246689,39.768088,47.208051,39.634353,18.043343
47.246689,39.768088,47.252037,39.795119,8.040352
47.246689,39.768088,47.2102,39.693253,17.409279
47.246689,39.768088,47.252637,39.713811,9.405992
47.246689,39.768088,47.214527,39.618866,18.043343
47.246689,39.768088,47.25344,39.70265,9.202707
47.246689,39.768088,47.23422,39.601897,19.016989
47.246689,39.768088,47.157576,39.548447,18.043343
47.246689,39.768088,47.225003,39.701557,17.608507
47.246689,39.768088,47.192543,39.619834,18.043343
47.246689,39.768088,47.208258,39.655767,18.10799
47.246689,39.768088,47.269791,39.70937,9.617131
47.246689,39.768088,47.259806,39.797556,8.00963
47.246689,39.768088,47.220417,39.710437,18.030647
47.246689,39.768088,47.335456,39.726704,19.784996
47.246689,39.768088,47.264228,39.782109,8.001227
47.246689,39.768088,47.245067,39.768986,4.664165
47.246689,39.768088,47.235766,39.709952,9.404364
47.246689,39.768088,47.22715,39.697301,18.004395
47.246689,39.768088,47.351676,39.715568,19.72139
47.246689,39.768088,47.228341,39.750748,8.817259
47.246689,39.768088,47.25395,39.859736,18.092318
47.246689,39.768088,47.236558,39.808849,8.155939
47.246689,39.768088,47.255083,39.784906,6.469043
47.246689,39.768088,47.237471,39.683453,17.862127
47.246689,39.768088,47.292527,39.713823,18.981396
47.246689,39.768088,47.302238,39.733057,19.023209
47.246689,39.768088,47.300208,39.773554,18.369913
47.246689,39.768088,47.281576,39.757079,9.832979
47.246689,39.768088,47.235766,39.709952,9.404364
47.246689,39.768088,47.247937,39.739602,8.147538
47.246689,39.768088,47.265936,39.666501,19.904606
47.246689,39.768088,47.279361,39.682489,19.86383
47.246689,39.768088,47.245582,39.768551,4.664165
47.246689,39.768088,47.235766,39.709952,9.404364
47.246689,39.768088,47.198113,39.631899,18.043343
47.246689,39.768088,47.247054,39.748018,6.032305
47.246689,39.768088,47.247697,39.772563,4.664165
47.246689,39.768088,47.28076,39.819036,18.452948
47.246689,39.768088,47.241503,39.774149,5.9073567
47.246689,39.768088,47.218686,39.618666,18.459532
47.246689,39.768088,47.235766,39.709952,9.404364
47.246689,39.768088,47.221331,39.70597,17.59582
47.246689,39.768088,47.259644,39.77309,5.8859925
47.246689,39.768088,47.220683,39.730255,10.322931
47.246689,39.768088,47.235766,39.709952,9.404364
47.246689,39.768088,47.237471,39.683453,17.862127
47.246689,39.768088,47.301125,39.719899,19.023209
47.246689,39.768088,47.236875,39.739626,8.147538
47.246689,39.768088,47.207524,39.630705,18.043343
47.246689,39.768088,47.282544,39.715706,18.430952
47.246689,39.768088,47.280988,39.808406,9.832979
47.246689,39.768088,47.304403,39.642289,19.760572
47.246689,39.768088,47.291651,39.826587,19.023209
47.246689,39.768088,47.288683,39.696426,19.106918
47.246689,39.768088,47.350817,39.72822,19.784996
47.246689,39.768088,47.314746,39.776991,19.741207
47.192543,39.619834,47.21805,39.697207,13.695025
47.192543,39.619834,47.217621,39.707611,13.52954
47.192543,39.619834,47.221096,39.69097,16.260275
47.192543,39.619834,47.225482,39.717826,15.118485
47.192543,39.619834,47.255549,39.644401,19.19241
47.192543,39.619834,47.224904,39.711349,14.428101
47.192543,39.619834,47.210328,39.692724,13.854133
47.192543,39.619834,47.233896,39.61461,8.616163
47.192543,39.619834,47.223208,39.697369,14.254816
47.192543,39.619834,47.218795,39.707842,13.557013
47.192543,39.619834,47.252899,39.764581,16.44484
47.192543,39.619834,47.214927,39.705652,13.241055
47.192543,39.619834,47.273902,39.684949,19.950434
47.192543,39.619834,47.226024,39.729858,15.118485
47.192543,39.619834,47.229064,39.628654,7.4293222
47.192543,39.619834,47.219161,39.705761,13.8593645
47.192543,39.619834,47.249401,39.735175,16.44484
47.192543,39.619834,47.245568,39.680052,16.078342
47.192543,39.619834,47.219812,39.715458,14.104857
47.192543,39.619834,47.238981,39.694731,16.19985
47.192543,39.619834,47.22192,39.724959,14.519863
47.192543,39.619834,47.230965,39.686521,14.039166
47.192543,39.619834,47.226262,39.73101,15.118485
47.192543,39.619834,47.256223,39.704661,20.037798
47.192543,39.619834,47.222052,39.715387,14.441342
47.192543,39.619834,47.297733,39.701845,20.037798
47.192543,39.619834,47.296659,39.717094,19.935347
47.192543,39.619834,47.21889,39.713986,14.104857
47.192543,39.619834,47.223083,39.698421,13.993491
47.192543,39.619834,47.222549,39.72163,14.519863
47.192543,39.619834,47.231065,39.75563,15.118485
47.192543,39.619834,47.284506,39.720996,19.995638
47.192543,39.619834,47.208051,39.634353,6.8771944
47.192543,39.619834,47.252037,39.795119,16.44484
47.192543,39.619834,47.2102,39.693253,13.854133
47.192543,39.619834,47.252637,39.713811,16.370726
47.192543,39.619834,47.214527,39.618866,6.8487864
47.192543,39.619834,47.25344,39.70265,16.461573
47.192543,39.619834,47.23422,39.601897,8.616163
47.192543,39.619834,47.157576,39.548447,12.500873
47.192543,39.619834,47.225003,39.701557,14.157737
47.192543,39.619834,47.246689,39.768088,16.44484
47.192543,39.619834,47.208258,39.655767,6.9562407
47.192543,39.619834,47.269791,39.70937,19.956453
47.192543,39.619834,47.259806,39.797556,19.995638
47.192543,39.619834,47.220417,39.710437,14.130349
47.192543,39.619834,47.335456,39.726704,19.995638
47.192543,39.619834,47.264228,39.782109,19.995638
47.192543,39.619834,47.245067,39.768986,16.44484
47.192543,39.619834,47.235766,39.709952,16.392023
47.192543,39.619834,47.22715,39.697301,14.262717
47.192543,39.619834,47.351676,39.715568,19.935347
47.192543,39.619834,47.228341,39.750748,15.118485
47.192543,39.619834,47.25395,39.859736,16.44484
47.192543,39.619834,47.236558,39.808849,16.44484
47.192543,39.619834,47.255083,39.784906,16.44484
47.192543,39.619834,47.237471,39.683453,15.229776
47.192543,39.619834,47.292527,39.713823,19.935347
47.192543,39.619834,47.302238,39.733057,19.995638
47.192543,39.619834,47.300208,39.773554,19.995638
47.192543,39.619834,47.281576,39.757079,19.995638
47.192543,39.619834,47.235766,39.709952,16.392023
47.192543,39.619834,47.247937,39.739602,16.44484
47.192543,39.619834,47.265936,39.666501,19.950434
47.192543,39.619834,47.279361,39.682489,19.950434
47.192543,39.619834,47.245582,39.768551,16.44484
47.192543,39.619834,47.235766,39.709952,16.392023
47.192543,39.619834,47.198113,39.631899,5.157402
47.192543,39.619834,47.247054,39.748018,16.44484
47.192543,39.619834,47.247697,39.772563,16.44484
47.192543,39.619834,47.28076,39.819036,19.995638
47.192543,39.619834,47.241503,39.774149,16.44484
47.192543,39.619834,47.218686,39.618666,6.4221907
47.192543,39.619834,47.235766,39.709952,16.392023
47.192543,39.619834,47.221331,39.70597,13.958198
47.192543,39.619834,47.259644,39.77309,19.995638
47.192543,39.619834,47.220683,39.730255,14.279206
47.192543,39.619834,47.235766,39.709952,16.392023
47.192543,39.619834,47.237471,39.683453,15.229776
47.192543,39.619834,47.301125,39.719899,19.995638
47.192543,39.619834,47.236875,39.739626,16.44484
47.192543,39.619834,47.207524,39.630705,6.8771944
47.192543,39.619834,47.282544,39.715706,19.935347
47.192543,39.619834,47.280988,39.808406,19.995638
47.192543,39.619834,47.304403,39.642289,19.375486
47.192543,39.619834,47.291651,39.826587,19.995638
47.192543,39.619834,47.288683,39.696426,19.932438
47.192543,39.619834,47.350817,39.72822,19.995638
47.192543,39.619834,47.314746,39.776991,19.995638
47.208258,39.655767,47.21805,39.697207,7.0837593
47.208258,39.655767,47.217621,39.707611,6.9772744
47.208258,39.655767,47.221096,39.69097,7.101648
47.208258,39.655767,47.225482,39.717826,7.663511
47.208258,39.655767,47.255549,39.644401,21.482307
47.208258,39.655767,47.224904,39.711349,7.343456
47.208258,39.655767,47.210328,39.692724,6.78317
47.208258,39.655767,47.233896,39.61461,8.817899
47.208258,39.655767,47.223208,39.697369,7.612062
47.208258,39.655767,47.218795,39.707842,7.288059
47.208258,39.655767,47.252899,39.764581,16.354641
47.208258,39.655767,47.214927,39.705652,7.3726573
47.208258,39.655767,47.273902,39.684949,20.318588
47.208258,39.655767,47.226024,39.729858,14.369236
47.208258,39.655767,47.229064,39.628654,6.8262773
47.208258,39.655767,47.219161,39.705761,7.492927
47.208258,39.655767,47.249401,39.735175,16.244844
47.208258,39.655767,47.245568,39.680052,9.34767
47.208258,39.655767,47.219812,39.715458,7.312733
47.208258,39.655767,47.238981,39.694731,9.170561
47.208258,39.655767,47.22192,39.724959,14.183876
47.208258,39.655767,47.230965,39.686521,8.1543665
47.208258,39.655767,47.226262,39.73101,14.170769
47.208258,39.655767,47.256223,39.704661,19.416388
47.208258,39.655767,47.222052,39.715387,7.5272946
47.208258,39.655767,47.297733,39.701845,20.063053
47.208258,39.655767,47.296659,39.717094,19.952297
47.208258,39.655767,47.21889,39.713986,7.312733
47.208258,39.655767,47.223083,39.698421,7.6272807
47.208258,39.655767,47.222549,39.72163,14.594525
47.208258,39.655767,47.231065,39.75563,15.021219
47.208258,39.655767,47.284506,39.720996,20.004642
47.208258,39.655767,47.208051,39.634353,6.142683
47.208258,39.655767,47.252037,39.795119,16.354641
47.208258,39.655767,47.2102,39.693253,6.78317
47.208258,39.655767,47.252637,39.713811,15.43084
47.208258,39.655767,47.214527,39.618866,7.005676
47.208258,39.655767,47.25344,39.70265,16.31476
47.208258,39.655767,47.23422,39.601897,8.817899
47.208258,39.655767,47.157576,39.548447,13.5641165
47.208258,39.655767,47.225003,39.701557,7.457704
47.208258,39.655767,47.246689,39.768088,16.354641
47.208258,39.655767,47.192543,39.619834,7.005676
47.208258,39.655767,47.269791,39.70937,19.967903
47.208258,39.655767,47.259806,39.797556,20.004642
47.208258,39.655767,47.220417,39.710437,7.288059
47.208258,39.655767,47.335456,39.726704,20.004642
47.208258,39.655767,47.264228,39.782109,20.004642
47.208258,39.655767,47.245067,39.768986,16.354641
47.208258,39.655767,47.235766,39.709952,8.809833
47.208258,39.655767,47.22715,39.697301,7.471424
47.208258,39.655767,47.351676,39.715568,19.952297
47.208258,39.655767,47.228341,39.750748,14.911427
47.208258,39.655767,47.25395,39.859736,16.354641
47.208258,39.655767,47.236558,39.808849,16.354641
47.208258,39.655767,47.255083,39.784906,16.354641
47.208258,39.655767,47.237471,39.683453,9.34767
47.208258,39.655767,47.292527,39.713823,19.952297
47.208258,39.655767,47.302238,39.733057,20.004642
47.208258,39.655767,47.300208,39.773554,20.004642
47.208258,39.655767,47.281576,39.757079,20.004642
47.208258,39.655767,47.235766,39.709952,8.809833
47.208258,39.655767,47.247937,39.739602,16.244844
47.208258,39.655767,47.265936,39.666501,19.266254
47.208258,39.655767,47.279361,39.682489,20.41051
47.208258,39.655767,47.245582,39.768551,16.354641
47.208258,39.655767,47.235766,39.709952,8.809833
47.208258,39.655767,47.198113,39.631899,6.9621725
47.208258,39.655767,47.247054,39.748018,16.354641
47.208258,39.655767,47.247697,39.772563,16.354641
47.208258,39.655767,47.28076,39.819036,20.004642
47.208258,39.655767,47.241503,39.774149,16.354641
47.208258,39.655767,47.218686,39.618666,6.546942
47.208258,39.655767,47.235766,39.709952,8.809833
47.208258,39.655767,47.221331,39.70597,7.6272807
47.208258,39.655767,47.259644,39.77309,20.004642
47.208258,39.655767,47.220683,39.730255,14.089215
47.208258,39.655767,47.235766,39.709952,8.809833
47.208258,39.655767,47.237471,39.683453,9.34767
47.208258,39.655767,47.301125,39.719899,20.004642
47.208258,39.655767,47.236875,39.739626,15.467844
47.208258,39.655767,47.207524,39.630705,6.9718323
47.208258,39.655767,47.282544,39.715706,19.952297
47.208258,39.655767,47.280988,39.808406,20.004642
47.208258,39.655767,47.304403,39.642289,19.612162
47.208258,39.655767,47.291651,39.826587,20.004642
47.208258,39.655767,47.288683,39.696426,20.379358
47.208258,39.655767,47.350817,39.72822,20.004642
47.208258,39.655767,47.314746,39.776991,20.004642
47.269791,39.70937,47.21805,39.697207,18.024206
47.269791,39.70937,47.217621,39.707611,17.899864
47.269791,39.70937,47.221096,39.69097,19.709751
47.269791,39.70937,47.225482,39.717826,10.083598
47.269791,39.70937,47.255549,39.644401,9.692413
47.269791,39.70937,47.224904,39.711349,9.709636
47.269791,39.70937,47.210328,39.692724,18.073225
47.269791,39.70937,47.233896,39.61461,18.821255
47.269791,39.70937,47.223208,39.697369,18.173304
47.269791,39.70937,47.218795,39.707842,17.666346
47.269791,39.70937,47.252899,39.764581,9.509724
47.269791,39.70937,47.214927,39.705652,18.245153
47.269791,39.70937,47.273902,39.684949,7.4416194
47.269791,39.70937,47.226024,39.729858,10.083598
47.269791,39.70937,47.229064,39.628654,19.595358
47.269791,39.70937,47.219161,39.705761,17.898497
47.269791,39.70937,47.249401,39.735175,8.022253
47.269791,39.70937,47.245568,39.680052,9.471708
47.269791,39.70937,47.219812,39.715458,17.652716
47.269791,39.70937,47.238981,39.694731,9.54985
47.269791,39.70937,47.22192,39.724959,17.635645
47.269791,39.70937,47.230965,39.686521,10.389869
47.269791,39.70937,47.226262,39.73101,10.083598
47.269791,39.70937,47.256223,39.704661,5.136344
47.269791,39.70937,47.222052,39.715387,18.161224
47.269791,39.70937,47.297733,39.701845,7.3690176
47.269791,39.70937,47.296659,39.717094,7.6788864
47.269791,39.70937,47.21889,39.713986,17.652716
47.269791,39.70937,47.223083,39.698421,18.443764
47.269791,39.70937,47.222549,39.72163,18.165712
47.269791,39.70937,47.231065,39.75563,17.607634
47.269791,39.70937,47.284506,39.720996,7.708623
47.269791,39.70937,47.208051,39.634353,18.546713
47.269791,39.70937,47.252037,39.795119,17.745203
47.269791,39.70937,47.2102,39.693253,18.073225
47.269791,39.70937,47.252637,39.713811,7.4349923
47.269791,39.70937,47.214527,39.618866,18.546713
47.269791,39.70937,47.25344,39.70265,7.059035
47.269791,39.70937,47.23422,39.601897,18.821255
47.269791,39.70937,47.157576,39.548447,18.546713
47.269791,39.70937,47.225003,39.701557,9.529798
47.269791,39.70937,47.246689,39.768088,9.509724
47.269791,39.70937,47.192543,39.619834,18.546713
47.269791,39.70937,47.208258,39.655767,18.692251
47.269791,39.70937,47.259806,39.797556,18.735132
47.269791,39.70937,47.220417,39.710437,17.666346
47.269791,39.70937,47.335456,39.726704,19.450401
47.269791,39.70937,47.264228,39.782109,18.388878
47.269791,39.70937,47.245067,39.768986,17.453295
47.269791,39.70937,47.235766,39.709952,9.263507
47.269791,39.70937,47.22715,39.697301,9.561008
47.269791,39.70937,47.351676,39.715568,19.422197
47.269791,39.70937,47.228341,39.750748,17.607634
47.269791,39.70937,47.25395,39.859736,18.74029
47.269791,39.70937,47.236558,39.808849,18.74029
47.269791,39.70937,47.255083,39.784906,17.164103
47.269791,39.70937,47.237471,39.683453,9.471708
47.269791,39.70937,47.292527,39.713823,7.6788864
47.269791,39.70937,47.302238,39.733057,9.71584
47.269791,39.70937,47.300208,39.773554,18.53293
47.269791,39.70937,47.281576,39.757079,9.71584
47.269791,39.70937,47.235766,39.709952,9.263507
47.269791,39.70937,47.247937,39.739602,9.509724
47.269791,39.70937,47.265936,39.666501,7.8269453
47.269791,39.70937,47.279361,39.682489,7.80831
47.269791,39.70937,47.245582,39.768551,17.453295
47.269791,39.70937,47.235766,39.709952,9.263507
47.269791,39.70937,47.198113,39.631899,18.546713
47.269791,39.70937,47.247054,39.748018,9.509724
47.269791,39.70937,47.247697,39.772563,17.453295
47.269791,39.70937,47.28076,39.819036,19.534166
47.269791,39.70937,47.241503,39.774149,17.164103
47.269791,39.70937,47.218686,39.618666,19.019537
47.269791,39.70937,47.235766,39.709952,9.263507
47.269791,39.70937,47.221331,39.70597,17.904953
47.269791,39.70937,47.259644,39.77309,9.71584
47.269791,39.70937,47.220683,39.730255,17.661844
47.269791,39.70937,47.235766,39.709952,9.263507
47.269791,39.70937,47.237471,39.683453,9.471708
47.269791,39.70937,47.301125,39.719899,9.71584
47.269791,39.70937,47.236875,39.739626,9.509724
47.269791,39.70937,47.207524,39.630705,18.546713
47.269791,39.70937,47.282544,39.715706,5.497784
47.269791,39.70937,47.280988,39.808406,19.450401
47.269791,39.70937,47.304403,39.642289,19.20306
47.269791,39.70937,47.291651,39.826587,19.534166
47.269791,39.70937,47.288683,39.696426,7.7667375
47.269791,39.70937,47.350817,39.72822,19.534166
47.269791,39.70937,47.314746,39.776991,18.735132
47.259806,39.797556,47.21805,39.697207,18.607786
47.259806,39.797556,47.217621,39.707611,18.915691
47.259806,39.797556,47.221096,39.69097,19.760513
47.259806,39.797556,47.225482,39.717826,18.50567
47.259806,39.797556,47.255549,39.644401,20.100044
47.259806,39.797556,47.224904,39.711349,18.655336
47.259806,39.797556,47.210328,39.692724,19.183918
47.259806,39.797556,47.233896,39.61461,19.252
47.259806,39.797556,47.223208,39.697369,18.786114
47.259806,39.797556,47.218795,39.707842,18.712652
47.259806,39.797556,47.252899,39.764581,8.110603
47.259806,39.797556,47.214927,39.705652,18.42519
47.259806,39.797556,47.273902,39.684949,20.100044
47.259806,39.797556,47.226024,39.729858,19.38505
47.259806,39.797556,47.229064,39.628654,20.090113
47.259806,39.797556,47.219161,39.705761,18.696592
47.259806,39.797556,47.249401,39.735175,9.598072
47.259806,39.797556,47.245568,39.680052,19.39603
47.259806,39.797556,47.219812,39.715458,18.66242
47.259806,39.797556,47.238981,39.694731,19.463522
47.259806,39.797556,47.22192,39.724959,18.166044
47.259806,39.797556,47.230965,39.686521,20.234055
47.259806,39.797556,47.226262,39.73101,20.168709
47.259806,39.797556,47.256223,39.704661,19.000092
47.259806,39.797556,47.222052,39.715387,18.744717
47.259806,39.797556,47.297733,39.701845,19.687857
47.259806,39.797556,47.296659,39.717094,18.963863
47.259806,39.797556,47.21889,39.713986,18.66242
47.259806,39.797556,47.223083,39.698421,18.818653
47.259806,39.797556,47.222549,39.72163,18.166044
47.259806,39.797556,47.231065,39.75563,10.155587
47.259806,39.797556,47.284506,39.720996,19.289896
47.259806,39.797556,47.208051,39.634353,18.956623
47.259806,39.797556,47.252037,39.795119,6.0996017
47.259806,39.797556,47.2102,39.693253,19.183918
47.259806,39.797556,47.252637,39.713811,18.298079
47.259806,39.797556,47.214527,39.618866,18.956623
47.259806,39.797556,47.25344,39.70265,18.02738
47.259806,39.797556,47.23422,39.601897,19.252
47.259806,39.797556,47.157576,39.548447,18.956623
47.259806,39.797556,47.225003,39.701557,18.743822
47.259806,39.797556,47.246689,39.768088,8.110603
47.259806,39.797556,47.192543,39.619834,18.956623
47.259806,39.797556,47.208258,39.655767,19.024849
47.259806,39.797556,47.269791,39.70937,18.928837
47.259806,39.797556,47.220417,39.710437,18.712652
47.259806,39.797556,47.335456,39.726704,19.721916
47.259806,39.797556,47.264228,39.782109,5.851424
47.259806,39.797556,47.245067,39.768986,8.110603
47.259806,39.797556,47.235766,39.709952,17.952066
47.259806,39.797556,47.22715,39.697301,19.317186
47.259806,39.797556,47.351676,39.715568,19.663296
47.259806,39.797556,47.228341,39.750748,10.155587
47.259806,39.797556,47.25395,39.859736,9.598072
47.259806,39.797556,47.236558,39.808849,8.110603
47.259806,39.797556,47.255083,39.784906,5.822922
47.259806,39.797556,47.237471,39.683453,19.39603
47.259806,39.797556,47.292527,39.713823,18.963863
47.259806,39.797556,47.302238,39.733057,18.95979
47.259806,39.797556,47.300208,39.773554,9.804712
47.259806,39.797556,47.281576,39.757079,9.804712
47.259806,39.797556,47.235766,39.709952,17.952066
47.259806,39.797556,47.247937,39.739602,9.598072
47.259806,39.797556,47.265936,39.666501,20.100044
47.259806,39.797556,47.279361,39.682489,20.100044
47.259806,39.797556,47.245582,39.768551,8.110603
47.259806,39.797556,47.235766,39.709952,17.952066
47.259806,39.797556,47.198113,39.631899,18.956623
47.259806,39.797556,47.247054,39.748018,9.598072
47.259806,39.797556,47.247697,39.772563,8.101172
47.259806,39.797556,47.28076,39.819036,8.005466
47.259806,39.797556,47.241503,39.774149,8.110603
47.259806,39.797556,47.218686,39.618666,19.385744
47.259806,39.797556,47.235766,39.709952,17.952066
47.259806,39.797556,47.221331,39.70597,18.818653
47.259806,39.797556,47.259644,39.77309,7.755061
47.259806,39.797556,47.220683,39.730255,18.072605
47.259806,39.797556,47.235766,39.709952,17.952066
47.259806,39.797556,47.237471,39.683453,19.39603
47.259806,39.797556,47.301125,39.719899,19.67966
47.259806,39.797556,47.236875,39.739626,9.598072
47.259806,39.797556,47.207524,39.630705,18.956623
47.259806,39.797556,47.282544,39.715706,18.922403
47.259806,39.797556,47.280988,39.808406,7.996033
47.259806,39.797556,47.304403,39.642289,19.95601
47.259806,39.797556,47.291651,39.826587,9.804712
47.259806,39.797556,47.288683,39.696426,20.053755
47.259806,39.797556,47.350817,39.72822,19.721916
47.259806,39.797556,47.314746,39.776991,19.739532
47.220417,39.710437,47.21805,39.697207,3.6705515
47.220417,39.710437,47.217621,39.707611,2.9205968
47.220417,39.710437,47.221096,39.69097,4.691367
47.220417,39.710437,47.225482,39.717826,5.17758
47.220417,39.710437,47.255549,39.644401,22.079153
47.220417,39.710437,47.224904,39.711349,2.1270583
47.220417,39.710437,47.210328,39.692724,5.70044
47.220417,39.710437,47.233896,39.61461,17.369558
47.220417,39.710437,47.223208,39.697369,4.0805397
47.220417,39.710437,47.218795,39.707842,1.9715081
47.220417,39.710437,47.252899,39.764581,16.98256
47.220417,39.710437,47.214927,39.705652,3.7626526
47.220417,39.710437,47.273902,39.684949,23.290014
47.220417,39.710437,47.226024,39.729858,5.6260514
47.220417,39.710437,47.229064,39.628654,17.074232
47.220417,39.710437,47.219161,39.705761,2.0586267
47.220417,39.710437,47.249401,39.735175,9.746447
47.220417,39.710437,47.245568,39.680052,9.464656
47.220417,39.710437,47.219812,39.715458,1.9486941
47.220417,39.710437,47.238981,39.694731,8.048003
47.220417,39.710437,47.22192,39.724959,4.506227
47.220417,39.710437,47.230965,39.686521,6.672301
47.220417,39.710437,47.226262,39.73101,6.221002
47.220417,39.710437,47.256223,39.704661,11.011998
47.220417,39.710437,47.222052,39.715387,2.0399344
47.220417,39.710437,47.297733,39.701845,20.748331
47.220417,39.710437,47.296659,39.717094,20.707605
47.220417,39.710437,47.21889,39.713986,1.9486941
47.220417,39.710437,47.223083,39.698421,4.1069803
47.220417,39.710437,47.222549,39.72163,4.6234527
47.220417,39.710437,47.231065,39.75563,8.288982
47.220417,39.710437,47.284506,39.720996,20.051329
47.220417,39.710437,47.208051,39.634353,14.838299
47.220417,39.710437,47.252037,39.795119,16.942438
47.220417,39.710437,47.2102,39.693253,5.70044
47.220417,39.710437,47.252637,39.713811,9.531999
47.220417,39.710437,47.214527,39.618866,14.370808
47.220417,39.710437,47.25344,39.70265,9.4439335
47.220417,39.710437,47.23422,39.601897,17.45044
47.220417,39.710437,47.157576,39.548447,15.094067
47.220417,39.710437,47.225003,39.701557,4.4666414
47.220417,39.710437,47.246689,39.768088,17.265284
47.220417,39.710437,47.192543,39.619834,15.031287
47.220417,39.710437,47.208258,39.655767,8.208391
47.220417,39.710437,47.269791,39.70937,20.082678
47.220417,39.710437,47.259806,39.797556,20.790268
47.220417,39.710437,47.335456,39.726704,20.790268
47.220417,39.710437,47.264228,39.782109,20.000866
47.220417,39.710437,47.245067,39.768986,17.265284
47.220417,39.710437,47.235766,39.709952,7.2789207
47.220417,39.710437,47.22715,39.697301,4.4960012
47.220417,39.710437,47.351676,39.715568,20.707605
47.220417,39.710437,47.228341,39.750748,6.908993
47.220417,39.710437,47.25395,39.859736,17.965017
47.220417,39.710437,47.236558,39.808849,17.871838
47.220417,39.710437,47.255083,39.784906,17.063349
47.220417,39.710437,47.237471,39.683453,8.096286
47.220417,39.710437,47.292527,39.713823,20.707605
47.220417,39.710437,47.302238,39.733057,20.790268
47.220417,39.710437,47.300208,39.773554,20.790268
47.220417,39.710437,47.281576,39.757079,20.705019
47.220417,39.710437,47.235766,39.709952,7.2789207
47.220417,39.710437,47.247937,39.739602,9.746447
47.220417,39.710437,47.265936,39.666501,21.351278
47.220417,39.710437,47.279361,39.682489,20.091496
47.220417,39.710437,47.245582,39.768551,17.265284
47.220417,39.710437,47.235766,39.709952,7.2789207
47.220417,39.710437,47.198113,39.631899,14.473314
47.220417,39.710437,47.247054,39.748018,9.746447
47.220417,39.710437,47.247697,39.772563,16.98256
47.220417,39.710437,47.28076,39.819036,20.790268
47.220417,39.710437,47.241503,39.774149,17.265284
47.220417,39.710437,47.218686,39.618666,14.771587
47.220417,39.710437,47.235766,39.709952,7.2789207
47.220417,39.710437,47.221331,39.70597,2.1988177
47.220417,39.710437,47.259644,39.77309,20.372946
47.220417,39.710437,47.220683,39.730255,4.795628
47.220417,39.710437,47.235766,39.709952,7.2789207
47.220417,39.710437,47.237471,39.683453,8.096286
47.220417,39.710437,47.301125,39.719899,20.790268
47.220417,39.710437,47.236875,39.739626,8.366468
47.220417,39.710437,47.207524,39.630705,15.086905
47.220417,39.710437,47.282544,39.715706,19.996588
47.220417,39.710437,47.280988,39.808406,20.790268
47.220417,39.710437,47.304403,39.642289,20.426794
47.220417,39.710437,47.291651,39.826587,20.790268
47.220417,39.710437,47.288683,39.696426,20.741732
47.220417,39.710437,47.350817,39.72822,20.790268
47.220417,39.710437,47.314746,39.776991,20.790268
47.335456,39.726704,47.21805,39.697207,18.607786
47.335456,39.726704,47.217621,39.707611,18.915691
47.335456,39.726704,47.221096,39.69097,19.760513
47.335456,39.726704,47.225482,39.717826,19.457134
47.335456,39.726704,47.255549,39.644401,20.100044
47.335456,39.726704,47.224904,39.711349,18.70519
47.335456,39.726704,47.210328,39.692724,19.183918
47.335456,39.726704,47.233896,39.61461,19.252
47.335456,39.726704,47.223208,39.697369,18.786114
47.335456,39.726704,47.218795,39.707842,18.712652
47.335456,39.726704,47.252899,39.764581,18.950726
47.335456,39.726704,47.214927,39.705652,18.42519
47.335456,39.726704,47.273902,39.684949,20.060162
47.335456,39.726704,47.226024,39.729858,19.457134
47.335456,39.726704,47.229064,39.628654,20.090113
47.335456,39.726704,47.219161,39.705761,18.696592
47.335456,39.726704,47.249401,39.735175,18.950726
47.335456,39.726704,47.245568,39.680052,19.39603
47.335456,39.726704,47.219812,39.715458,18.70001
47.335456,39.726704,47.238981,39.694731,19.463522
47.335456,39.726704,47.22192,39.724959,18.84336
47.335456,39.726704,47.230965,39.686521,20.234055
47.335456,39.726704,47.226262,39.73101,19.457134
47.335456,39.726704,47.256223,39.704661,19.687857
47.335456,39.726704,47.222052,39.715387,18.785763
47.335456,39.726704,47.297733,39.701845,9.3871
47.335456,39.726704,47.296659,39.717094,9.594876
47.335456,39.726704,47.21889,39.713986,18.70001
47.335456,39.726704,47.223083,39.698421,18.818653
47.335456,39.726704,47.222549,39.72163,18.84336
47.335456,39.726704,47.231065,39.75563,19.457134
47.335456,39.726704,47.284506,39.720996,18.41869
47.335456,39.726704,47.208051,39.634353,18.956623
47.335456,39.726704,47.252037,39.795119,18.950726
47.335456,39.726704,47.2102,39.693253,19.183918
47.335456,39.726704,47.252637,39.713811,18.88123
47.335456,39.726704,47.214527,39.618866,18.956623
47.335456,39.726704,47.25344,39.70265,18.909975
47.335456,39.726704,47.23422,39.601897,19.252
47.335456,39.726704,47.157576,39.548447,18.956623
47.335456,39.726704,47.225003,39.701557,18.743822
47.335456,39.726704,47.246689,39.768088,18.950726
47.335456,39.726704,47.192543,39.619834,18.956623
47.335456,39.726704,47.208258,39.655767,19.024849
47.335456,39.726704,47.269791,39.70937,19.629435
47.335456,39.726704,47.259806,39.797556,19.721916
47.335456,39.726704,47.220417,39.710437,18.712652
47.335456,39.726704,47.264228,39.782109,19.721916
47.335456,39.726704,47.245067,39.768986,18.950726
47.335456,39.726704,47.235766,39.709952,18.88975
47.335456,39.726704,47.22715,39.697301,19.317186
47.335456,39.726704,47.351676,39.715568,7.405267
47.335456,39.726704,47.228341,39.750748,19.457134
47.335456,39.726704,47.25395,39.859736,18.950726
47.335456,39.726704,47.236558,39.808849,18.950726
47.335456,39.726704,47.255083,39.784906,18.950726
47.335456,39.726704,47.237471,39.683453,19.39603
47.335456,39.726704,47.292527,39.713823,9.594876
47.335456,39.726704,47.302238,39.733057,9.804712
47.335456,39.726704,47.300208,39.773554,18.602503
47.335456,39.726704,47.281576,39.757079,19.289896
47.335456,39.726704,47.235766,39.709952,18.88975
47.335456,39.726704,47.247937,39.739602,18.950726
47.335456,39.726704,47.265936,39.666501,20.100044
47.335456,39.726704,47.279361,39.682489,19.346472
47.335456,39.726704,47.245582,39.768551,18.950726
47.335456,39.726704,47.235766,39.709952,18.88975
47.335456,39.726704,47.198113,39.631899,18.956623
47.335456,39.726704,47.247054,39.748018,18.950726
47.335456,39.726704,47.247697,39.772563,18.950726
47.335456,39.726704,47.28076,39.819036,19.721916
47.335456,39.726704,47.241503,39.774149,18.950726
47.335456,39.726704,47.218686,39.618666,19.385744
47.335456,39.726704,47.235766,39.709952,18.88975
47.335456,39.726704,47.221331,39.70597,18.818653
47.335456,39.726704,47.259644,39.77309,19.721916
47.335456,39.726704,47.220683,39.730255,18.756556
47.335456,39.726704,47.235766,39.709952,18.88975
47.335456,39.726704,47.237471,39.683453,19.39603
47.335456,39.726704,47.301125,39.719899,9.804712
47.335456,39.726704,47.236875,39.739626,18.950726
47.335456,39.726704,47.207524,39.630705,18.956623
47.335456,39.726704,47.282544,39.715706,18.36427
47.335456,39.726704,47.280988,39.808406,19.721916
47.335456,39.726704,47.304403,39.642289,19.124994
47.335456,39.726704,47.291651,39.826587,19.721916
47.335456,39.726704,47.288683,39.696426,19.760012
47.335456,39.726704,47.350817,39.72822,7.0430794
47.335456,39.726704,47.314746,39.776991,9.804712
47.264228,39.782109,47.21805,39.697207,18.607786
47.264228,39.782109,47.217621,39.707611,18.88094
47.264228,39.782109,47.221096,39.69097,19.760513
47.264228,39.782109,47.225482,39.717826,18.50567
47.264228,39.782109,47.255549,39.644401,20.100044
47.264228,39.782109,47.224904,39.711349,18.03293
47.264228,39.782109,47.210328,39.692724,19.183918
47.264228,39.782109,47.233896,39.61461,19.252
47.264228,39.782109,47.223208,39.697369,18.786114
47.264228,39.782109,47.218795,39.707842,18.675062
47.264228,39.782109,47.252899,39.764581,7.8590307
47.264228,39.782109,47.214927,39.705652,18.42519
47.264228,39.782109,47.273902,39.684949,20.060162
47.264228,39.782109,47.226024,39.729858,17.718975
47.264228,39.782109,47.229064,39.628654,20.090113
47.264228,39.782109,47.219161,39.705761,18.661089
47.264228,39.782109,47.249401,39.735175,9.598072
47.264228,39.782109,47.245568,39.680052,19.39603
47.264228,39.782109,47.219812,39.715458,18.036922
47.264228,39.782109,47.238981,39.694731,18.4876
47.264228,39.782109,47.22192,39.724959,18.541601
47.264228,39.782109,47.230965,39.686521,20.234055
47.264228,39.782109,47.226262,39.73101,17.62167
47.264228,39.782109,47.256223,39.704661,18.882027
47.264228,39.782109,47.222052,39.715387,18.129698
47.264228,39.782109,47.297733,39.701845,19.000092
47.264228,39.782109,47.296659,39.717094,18.36427
47.264228,39.782109,47.21889,39.713986,18.036922
47.264228,39.782109,47.223083,39.698421,18.779984
47.264228,39.782109,47.222549,39.72163,18.166044
47.264228,39.782109,47.231065,39.75563,10.155587
47.264228,39.782109,47.284506,39.720996,9.804712
47.264228,39.782109,47.208051,39.634353,18.956623
47.264228,39.782109,47.252037,39.795119,7.1477523
47.264228,39.782109,47.2102,39.693253,19.183918
47.264228,39.782109,47.252637,39.713811,17.46594
47.264228,39.782109,47.214527,39.618866,18.956623
47.264228,39.782109,47.25344,39.70265,17.769367
47.264228,39.782109,47.23422,39.601897,19.252
47.264228,39.782109,47.157576,39.548447,18.956623
47.264228,39.782109,47.225003,39.701557,18.69634
47.264228,39.782109,47.246689,39.768088,8.101172
47.264228,39.782109,47.192543,39.619834,18.956623
47.264228,39.782109,47.208258,39.655767,19.024849
47.264228,39.782109,47.269791,39.70937,18.414734
47.264228,39.782109,47.259806,39.797556,5.851424
47.264228,39.782109,47.220417,39.710437,18.074926
47.264228,39.782109,47.335456,39.726704,19.721916
47.264228,39.782109,47.245067,39.768986,8.101172
47.264228,39.782109,47.235766,39.709952,18.851116
47.264228,39.782109,47.22715,39.697301,19.269705
47.264228,39.782109,47.351676,39.715568,19.663296
47.264228,39.782109,47.228341,39.750748,10.155587
47.264228,39.782109,47.25395,39.859736,17.039925
47.264228,39.782109,47.236558,39.808849,9.598072
47.264228,39.782109,47.255083,39.784906,5.8444448
47.264228,39.782109,47.237471,39.683453,19.39603
47.264228,39.782109,47.292527,39.713823,18.36427
47.264228,39.782109,47.302238,39.733057,18.41869
47.264228,39.782109,47.300208,39.773554,9.804712
47.264228,39.782109,47.281576,39.757079,8.005466
47.264228,39.782109,47.235766,39.709952,18.851116
47.264228,39.782109,47.247937,39.739602,9.598072
47.264228,39.782109,47.265936,39.666501,20.100044
47.264228,39.782109,47.279361,39.682489,20.060162
47.264228,39.782109,47.245582,39.768551,8.101172
47.264228,39.782109,47.235766,39.709952,18.851116
47.264228,39.782109,47.198113,39.631899,18.956623
47.264228,39.782109,47.247054,39.748018,8.110603
47.264228,39.782109,47.247697,39.772563,7.8590307
47.264228,39.782109,47.28076,39.819036,9.804712
47.264228,39.782109,47.241503,39.774149,8.110603
47.264228,39.782109,47.218686,39.618666,19.385744
47.264228,39.782109,47.235766,39.709952,18.851116
47.264228,39.782109,47.221331,39.70597,18.779984
47.264228,39.782109,47.259644,39.77309,6.0720186
47.264228,39.782109,47.220683,39.730255,20.090631
47.264228,39.782109,47.235766,39.709952,18.851116
47.264228,39.782109,47.237471,39.683453,19.39603
47.264228,39.782109,47.301125,39.719899,20.524107
47.264228,39.782109,47.236875,39.739626,9.598072
47.264228,39.782109,47.207524,39.630705,18.956623
47.264228,39.782109,47.282544,39.715706,18.400963
47.264228,39.782109,47.280988,39.808406,8.005466
47.264228,39.782109,47.304403,39.642289,19.95601
47.264228,39.782109,47.291651,39.826587,9.804712
47.264228,39.782109,47.288683,39.696426,19.304443
47.264228,39.782109,47.350817,39.72822,19.721916
47.264228,39.782109,47.314746,39.776991,18.41869
47.245067,39.768986,47.21805,39.697207,17.760612
47.245067,39.768986,47.217621,39.707611,17.409073
47.245067,39.768986,47.221096,39.69097,17.787064
47.245067,39.768986,47.225482,39.717826,10.290183
47.245067,39.768986,47.255549,39.644401,19.904606
47.245067,39.768986,47.224904,39.711349,9.853231
47.245067,39.768986,47.210328,39.692724,17.409279
47.245067,39.768986,47.233896,39.61461,19.016989
47.245067,39.768986,47.223208,39.697369,17.77041
47.245067,39.768986,47.218795,39.707842,17.433401
47.245067,39.768986,47.252899,39.764581,5.8922963
47.245067,39.768986,47.214927,39.705652,17.433657
47.245067,39.768986,47.273902,39.684949,19.14843
47.245067,39.768986,47.226024,39.729858,10.290183
47.245067,39.768986,47.229064,39.628654,19.487257
47.245067,39.768986,47.219161,39.705761,17.605392
47.245067,39.768986,47.249401,39.735175,8.155939
47.245067,39.768986,47.245568,39.680052,18.133978
47.245067,39.768986,47.219812,39.715458,10.237678
47.245067,39.768986,47.238981,39.694731,18.060398
47.245067,39.768986,47.22192,39.724959,10.270529
47.245067,39.768986,47.230965,39.686521,19.075645
47.245067,39.768986,47.226262,39.73101,10.290183
47.245067,39.768986,47.256223,39.704661,9.411418
47.245067,39.768986,47.222052,39.715387,10.184613
47.245067,39.768986,47.297733,39.701845,19.718649
47.245067,39.768986,47.296659,39.717094,18.981396
47.245067,39.768986,47.21889,39.713986,10.237678
47.245067,39.768986,47.223083,39.698421,17.690166
47.245067,39.768986,47.222549,39.72163,10.270529
47.245067,39.768986,47.231065,39.75563,8.574596
47.245067,39.768986,47.284506,39.720996,18.452948
47.245067,39.768986,47.208051,39.634353,18.043343
47.245067,39.768986,47.252037,39.795119,8.040352
47.245067,39.768986,47.2102,39.693253,17.409279
47.245067,39.768986,47.252637,39.713811,9.405992
47.245067,39.768986,47.214527,39.618866,18.043343
47.245067,39.768986,47.25344,39.70265,9.202707
47.245067,39.768986,47.23422,39.601897,19.016989
47.245067,39.768986,47.157576,39.548447,18.043343
47.245067,39.768986,47.225003,39.701557,17.608507
47.245067,39.768986,47.246689,39.768088,4.664165
47.245067,39.768986,47.192543,39.619834,18.043343
47.245067,39.768986,47.208258,39.655767,18.10799
47.245067,39.768986,47.269791,39.70937,18.630299
47.245067,39.768986,47.259806,39.797556,8.00963
47.245067,39.768986,47.220417,39.710437,18.030647
47.245067,39.768986,47.335456,39.726704,19.784996
47.245067,39.768986,47.264228,39.782109,8.001227
47.245067,39.768986,47.235766,39.709952,9.404364
47.245067,39.768986,47.22715,39.697301,17.867725
47.245067,39.768986,47.351676,39.715568,19.72139
47.245067,39.768986,47.228341,39.750748,8.817259
47.245067,39.768986,47.25395,39.859736,18.092318
47.245067,39.768986,47.236558,39.808849,8.155939
47.245067,39.768986,47.255083,39.784906,7.194117
47.245067,39.768986,47.237471,39.683453,18.133978
47.245067,39.768986,47.292527,39.713823,18.981396
47.245067,39.768986,47.302238,39.733057,19.023209
47.245067,39.768986,47.300208,39.773554,18.657932
47.245067,39.768986,47.281576,39.757079,9.832979
47.245067,39.768986,47.235766,39.709952,9.404364
47.245067,39.768986,47.247937,39.739602,8.147538
47.245067,39.768986,47.265936,39.666501,19.904606
47.245067,39.768986,47.279361,39.682489,19.86383
47.245067,39.768986,47.245582,39.768551,4.664165
47.245067,39.768986,47.235766,39.709952,9.404364
47.245067,39.768986,47.198113,39.631899,18.043343
47.245067,39.768986,47.247054,39.748018,7.194117
47.245067,39.768986,47.247697,39.772563,4.664165
47.245067,39.768986,47.28076,39.819036,18.452948
47.245067,39.768986,47.241503,39.774149,4.933155
47.245067,39.768986,47.218686,39.618666,18.459532
47.245067,39.768986,47.235766,39.709952,9.404364
47.245067,39.768986,47.221331,39.70597,17.59582
47.245067,39.768986,47.259644,39.77309,7.0482755
47.245067,39.768986,47.220683,39.730255,10.322931
47.245067,39.768986,47.235766,39.709952,9.404364
47.245067,39.768986,47.237471,39.683453,18.133978
47.245067,39.768986,47.301125,39.719899,19.022377
47.245067,39.768986,47.236875,39.739626,8.147538
47.245067,39.768986,47.207524,39.630705,18.043343
47.245067,39.768986,47.282544,39.715706,18.576218
47.245067,39.768986,47.280988,39.808406,9.832979
47.245067,39.768986,47.304403,39.642289,19.760572
47.245067,39.768986,47.291651,39.826587,19.023209
47.245067,39.768986,47.288683,39.696426,19.153547
47.245067,39.768986,47.350817,39.72822,19.784996
47.245067,39.768986,47.314746,39.776991,19.741207
47.235766,39.709952,47.21805,39.697207,7.294851
47.235766,39.709952,47.217621,39.707611,7.588879
47.235766,39.709952,47.221096,39.69097,8.529342
47.235766,39.709952,47.225482,39.717826,6.643821
47.235766,39.709952,47.255549,39.644401,19.666824
47.235766,39.709952,47.224904,39.711349,5.9790435
47.235766,39.709952,47.210328,39.692724,9.138217
47.235766,39.709952,47.233896,39.61461,17.452667
47.235766,39.709952,47.223208,39.697369,6.819083
47.235766,39.709952,47.218795,39.707842,7.8949013
47.235766,39.709952,47.252899,39.764581,9.536253
47.235766,39.709952,47.214927,39.705652,8.608323
47.235766,39.709952,47.273902,39.684949,9.493562
47.235766,39.709952,47.226024,39.729858,8.549851
47.235766,39.709952,47.229064,39.628654,17.789358
47.235766,39.709952,47.219161,39.705761,7.4715533
47.235766,39.709952,47.249401,39.735175,8.066222
47.235766,39.709952,47.245568,39.680052,7.72903
47.235766,39.709952,47.219812,39.715458,7.9307466
47.235766,39.709952,47.238981,39.694731,5.5618243
47.235766,39.709952,47.22192,39.724959,8.227023
47.235766,39.709952,47.230965,39.686521,7.9286666
47.235766,39.709952,47.226262,39.73101,8.549851
47.235766,39.709952,47.256223,39.704661,7.3504457
47.235766,39.709952,47.222052,39.715387,6.5384493
47.235766,39.709952,47.297733,39.701845,18.814566
47.235766,39.709952,47.296659,39.717094,18.711025
47.235766,39.709952,47.21889,39.713986,7.9307466
47.235766,39.709952,47.223083,39.698421,6.8146973
47.235766,39.709952,47.222549,39.72163,7.5035667
47.235766,39.709952,47.231065,39.75563,10.222333
47.235766,39.709952,47.284506,39.720996,18.427277
47.235766,39.709952,47.208051,39.634353,16.777367
47.235766,39.709952,47.252037,39.795119,17.835758
47.235766,39.709952,47.2102,39.693253,9.138217
47.235766,39.709952,47.252637,39.713811,7.47506
47.235766,39.709952,47.214527,39.618866,16.809233
47.235766,39.709952,47.25344,39.70265,7.0975976
47.235766,39.709952,47.23422,39.601897,18.576893
47.235766,39.709952,47.157576,39.548447,17.623934
47.235766,39.709952,47.225003,39.701557,5.8607807
47.235766,39.709952,47.246689,39.768088,9.536253
47.235766,39.709952,47.192543,39.619834,17.623934
47.235766,39.709952,47.208258,39.655767,10.327089
47.235766,39.709952,47.269791,39.70937,9.492501
47.235766,39.709952,47.259806,39.797556,18.79055
47.235766,39.709952,47.220417,39.710437,7.193211
47.235766,39.709952,47.335456,39.726704,19.593092
47.235766,39.709952,47.264228,39.782109,19.640368
47.235766,39.709952,47.245067,39.768986,9.536253
47.235766,39.709952,47.22715,39.697301,6.098241
47.235766,39.709952,47.351676,39.715568,19.467947
47.235766,39.709952,47.228341,39.750748,8.757812
47.235766,39.709952,47.25395,39.859736,18.878923
47.235766,39.709952,47.236558,39.808849,18.785763
47.235766,39.709952,47.255083,39.784906,16.894844
47.235766,39.709952,47.237471,39.683453,7.3626924
47.235766,39.709952,47.292527,39.713823,19.584167
47.235766,39.709952,47.302238,39.733057,19.507801
47.235766,39.709952,47.300208,39.773554,19.593092
47.235766,39.709952,47.281576,39.757079,18.631763
47.235766,39.709952,47.235766,39.709952,4.3991637
47.235766,39.709952,47.247937,39.739602,8.071732
47.235766,39.709952,47.265936,39.666501,9.493562
47.235766,39.709952,47.279361,39.682489,19.862944
47.235766,39.709952,47.245582,39.768551,9.536253
47.235766,39.709952,47.235766,39.709952,4.3991637
47.235766,39.709952,47.198113,39.631899,16.777367
47.235766,39.709952,47.247054,39.748018,8.071732
47.235766,39.709952,47.247697,39.772563,9.536253
47.235766,39.709952,47.28076,39.819036,19.593092
47.235766,39.709952,47.241503,39.774149,9.536253
47.235766,39.709952,47.218686,39.618666,17.261677
47.235766,39.709952,47.235766,39.709952,4.3991637
47.235766,39.709952,47.221331,39.70597,6.8146973
47.235766,39.709952,47.259644,39.77309,18.427277
47.235766,39.709952,47.220683,39.730255,8.577996
47.235766,39.709952,47.235766,39.709952,4.3991637
47.235766,39.709952,47.237471,39.683453,7.3626924
47.235766,39.709952,47.301125,39.719899,18.831871
47.235766,39.709952,47.236875,39.739626,8.066222
47.235766,39.709952,47.207524,39.630705,16.777367
47.235766,39.709952,47.282544,39.715706,18.578949
47.235766,39.709952,47.280988,39.808406,19.593092
47.235766,39.709952,47.304403,39.642289,19.364735
47.235766,39.709952,47.291651,39.826587,19.593092
47.235766,39.709952,47.288683,39.696426,19.501774
47.235766,39.709952,47.350817,39.72822,19.593092
47.235766,39.709952,47.314746,39.776991,19.593092
47.22715,39.697301,47.21805,39.697207,4.080764
47.22715,39.697301,47.217621,39.707611,5.5058093
47.22715,39.697301,47.221096,39.69097,5.24809
47.22715,39.697301,47.225482,39.717826,5.8207526
47.22715,39.697301,47.255549,39.644401,9.868927
47.22715,39.697301,47.224904,39.711349,4.5743265
47.22715,39.697301,47.210328,39.692724,7.4533863
47.22715,39.697301,47.233896,39.61461,19.738268
47.22715,39.697301,47.223208,39.697369,3.2153661
47.22715,39.697301,47.218795,39.707842,5.1463504
47.22715,39.697301,47.252899,39.764581,17.43995
47.22715,39.697301,47.214927,39.705652,5.77356
47.22715,39.697301,47.273902,39.684949,20.567244
47.22715,39.697301,47.226024,39.729858,7.4460716
47.22715,39.697301,47.229064,39.628654,8.0543995
47.22715,39.697301,47.219161,39.705761,4.7644224
47.22715,39.697301,47.249401,39.735175,9.69017
47.22715,39.697301,47.245568,39.680052,7.874482
47.22715,39.697301,47.219812,39.715458,5.381113
47.22715,39.697301,47.238981,39.694731,6.269562
47.22715,39.697301,47.22192,39.724959,7.1311264
47.22715,39.697301,47.230965,39.686521,5.1955605
47.22715,39.697301,47.226262,39.73101,7.3961506
47.22715,39.697301,47.256223,39.704661,7.831018
47.22715,39.697301,47.222052,39.715387,5.1424556
47.22715,39.697301,47.297733,39.701845,20.120483
47.22715,39.697301,47.296659,39.717094,20.051884
47.22715,39.697301,47.21889,39.713986,5.0368023
47.22715,39.697301,47.223083,39.698421,3.0592706
47.22715,39.697301,47.222549,39.72163,7.009683
47.22715,39.697301,47.231065,39.75563,8.801298
47.22715,39.697301,47.284506,39.720996,19.482006
47.22715,39.697301,47.208051,39.634353,15.998445
47.22715,39.697301,47.252037,39.795119,19.255863
47.22715,39.697301,47.2102,39.693253,7.4533863
47.22715,39.697301,47.252637,39.713811,7.9065924
47.22715,39.697301,47.214527,39.618866,15.493609
47.22715,39.697301,47.25344,39.70265,7.7405252
47.22715,39.697301,47.23422,39.601897,18.035809
47.22715,39.697301,47.157576,39.548447,16.420326
47.22715,39.697301,47.225003,39.701557,3.0844522
47.22715,39.697301,47.246689,39.768088,17.43995
47.22715,39.697301,47.192543,39.619834,15.728839
47.22715,39.697301,47.208258,39.655767,9.136793
47.22715,39.697301,47.269791,39.70937,9.762611
47.22715,39.697301,47.259806,39.797556,20.173517
47.22715,39.697301,47.220417,39.710437,5.1463504
47.22715,39.697301,47.335456,39.726704,20.173517
47.22715,39.697301,47.264228,39.782109,20.089256
47.22715,39.697301,47.245067,39.768986,17.292269
47.22715,39.697301,47.235766,39.709952,6.3390746
47.22715,39.697301,47.351676,39.715568,20.051884
47.22715,39.697301,47.228341,39.750748,8.801298
47.22715,39.697301,47.25395,39.859736,19.255863
47.22715,39.697301,47.236558,39.808849,19.255863
47.22715,39.697301,47.255083,39.784906,18.41608
47.22715,39.697301,47.237471,39.683453,6.0200925
47.22715,39.697301,47.292527,39.713823,19.97036
47.22715,39.697301,47.302238,39.733057,20.173517
47.22715,39.697301,47.300208,39.773554,20.173517
47.22715,39.697301,47.281576,39.757079,20.089256
47.22715,39.697301,47.235766,39.709952,6.3390746
47.22715,39.697301,47.247937,39.739602,9.69017
47.22715,39.697301,47.265936,39.666501,9.868927
47.22715,39.697301,47.279361,39.682489,20.762861
47.22715,39.697301,47.245582,39.768551,17.292269
47.22715,39.697301,47.235766,39.709952,6.3390746
47.22715,39.697301,47.198113,39.631899,15.642772
47.22715,39.697301,47.247054,39.748018,9.69017
47.22715,39.697301,47.247697,39.772563,17.665865
47.22715,39.697301,47.28076,39.819036,20.173517
47.22715,39.697301,47.241503,39.774149,17.162403
47.22715,39.697301,47.218686,39.618666,15.5224905
47.22715,39.697301,47.235766,39.709952,6.3390746
47.22715,39.697301,47.221331,39.70597,5.0519676
47.22715,39.697301,47.259644,39.77309,19.482006
47.22715,39.697301,47.220683,39.730255,7.1774225
47.22715,39.697301,47.235766,39.709952,6.3390746
47.22715,39.697301,47.237471,39.683453,6.0200925
47.22715,39.697301,47.301125,39.719899,20.173517
47.22715,39.697301,47.236875,39.739626,9.69017
47.22715,39.697301,47.207524,39.630705,15.428969
47.22715,39.697301,47.282544,39.715706,20.084955
47.22715,39.697301,47.280988,39.808406,20.173517
47.22715,39.697301,47.304403,39.642289,19.958996
47.22715,39.697301,47.291651,39.826587,20.173517
47.22715,39.697301,47.288683,39.696426,19.551699
47.22715,39.697301,47.350817,39.72822,20.173517
47.22715,39.697301,47.314746,39.776991,20.173517
47.351676,39.715568,47.21805,39.697207,18.677372
47.351676,39.715568,47.217621,39.707611,18.934376
47.351676,39.715568,47.221096,39.69097,19.757164
47.351676,39.715568,47.225482,39.717826,19.478428
47.351676,39.715568,47.255549,39.644401,20.116043
47.351676,39.715568,47.224904,39.711349,18.725538
47.351676,39.715568,47.210328,39.692724,19.196575
47.351676,39.715568,47.233896,39.61461,19.271845
47.351676,39.715568,47.223208,39.697369,18.7854
47.351676,39.715568,47.218795,39.707842,18.72397
47.351676,39.715568,47.252899,39.764581,18.976906
47.351676,39.715568,47.214927,39.705652,18.429388
47.351676,39.715568,47.273902,39.684949,20.116043
47.351676,39.715568,47.226024,39.729858,19.478428
47.351676,39.715568,47.229064,39.628654,20.099932
47.351676,39.715568,47.219161,39.705761,18.70613
47.351676,39.715568,47.249401,39.735175,18.976906
47.351676,39.715568,47.245568,39.680052,19.412724
47.351676,39.715568,47.219812,39.715458,18.712862
47.351676,39.715568,47.238981,39.694731,19.486597
47.351676,39.715568,47.22192,39.724959,18.853474
47.351676,39.715568,47.230965,39.686521,20.240719
47.351676,39.715568,47.226262,39.73101,19.478428
47.351676,39.715568,47.256223,39.704661,19.69974
47.351676,39.715568,47.222052,39.715387,18.795876
47.351676,39.715568,47.297733,39.701845,18.709118
47.351676,39.715568,47.296659,39.717094,18.672564
47.351676,39.715568,47.21889,39.713986,18.712862
47.351676,39.715568,47.223083,39.698421,18.82544
47.351676,39.715568,47.222549,39.72163,18.853474
47.351676,39.715568,47.231065,39.75563,19.478428
47.351676,39.715568,47.284506,39.720996,19.69951
47.351676,39.715568,47.208051,39.634353,18.970413
47.351676,39.715568,47.252037,39.795119,18.976906
47.351676,39.715568,47.2102,39.693253,19.196575
47.351676,39.715568,47.252637,39.713811,18.907413
47.351676,39.715568,47.214527,39.618866,18.970413
47.351676,39.715568,47.25344,39.70265,18.928095
47.351676,39.715568,47.23422,39.601897,19.271845
47.351676,39.715568,47.157576,39.548447,18.970413
47.351676,39.715568,47.225003,39.701557,18.756876
47.351676,39.715568,47.246689,39.768088,18.976906
47.351676,39.715568,47.192543,39.619834,18.970413
47.351676,39.715568,47.208258,39.655767,19.037506
47.351676,39.715568,47.269791,39.70937,19.690096
47.351676,39.715568,47.259806,39.797556,19.741856
47.351676,39.715568,47.220417,39.710437,18.72397
47.351676,39.715568,47.335456,39.726704,7.769006
47.351676,39.715568,47.264228,39.782109,19.741856
47.351676,39.715568,47.245067,39.768986,18.976906
47.351676,39.715568,47.235766,39.709952,18.914389
47.351676,39.715568,47.22715,39.697301,19.335646
47.351676,39.715568,47.228341,39.750748,19.478428
47.351676,39.715568,47.25395,39.859736,18.976906
47.351676,39.715568,47.236558,39.808849,18.976906
47.351676,39.715568,47.255083,39.784906,18.976906
47.351676,39.715568,47.237471,39.683453,19.412724
47.351676,39.715568,47.292527,39.713823,18.939709
47.351676,39.715568,47.302238,39.733057,18.438854
47.351676,39.715568,47.300208,39.773554,18.977095
47.351676,39.715568,47.281576,39.757079,19.741856
47.351676,39.715568,47.235766,39.709952,18.914389
47.351676,39.715568,47.247937,39.739602,18.976906
47.351676,39.715568,47.265936,39.666501,20.116043
47.351676,39.715568,47.279361,39.682489,20.116043
47.351676,39.715568,47.245582,39.768551,18.976906
47.351676,39.715568,47.235766,39.709952,18.914389
47.351676,39.715568,47.198113,39.631899,18.970413
47.351676,39.715568,47.247054,39.748018,18.976906
47.351676,39.715568,47.247697,39.772563,18.976906
47.351676,39.715568,47.28076,39.819036,19.741856
47.351676,39.715568,47.241503,39.774149,18.976906
47.351676,39.715568,47.218686,39.618666,19.436401
47.351676,39.715568,47.235766,39.709952,18.914389
47.351676,39.715568,47.221331,39.70597,18.82544
47.351676,39.715568,47.259644,39.77309,19.741856
47.351676,39.715568,47.220683,39.730255,18.769411
47.351676,39.715568,47.235766,39.709952,18.914389
47.351676,39.715568,47.237471,39.683453,19.412724
47.351676,39.715568,47.301125,39.719899,18.438854
47.351676,39.715568,47.236875,39.739626,18.976906
47.351676,39.715568,47.207524,39.630705,18.970413
47.351676,39.715568,47.282544,39.715706,19.640894
47.351676,39.715568,47.280988,39.808406,19.741856
47.351676,39.715568,47.304403,39.642289,19.935196
47.351676,39.715568,47.291651,39.826587,19.741856
47.351676,39.715568,47.288683,39.696426,19.316704
47.351676,39.715568,47.350817,39.72822,5.748905
47.351676,39.715568,47.314746,39.776991,18.689909
47.228341,39.750748,47.21805,39.697207,7.0437794
47.228341,39.750748,47.217621,39.707611,8.312864
47.228341,39.750748,47.221096,39.69097,8.533373
47.228341,39.750748,47.225482,39.717826,6.789513
47.228341,39.750748,47.255549,39.644401,20.293196
47.228341,39.750748,47.224904,39.711349,6.1014023
47.228341,39.750748,47.210328,39.692724,9.076281
47.228341,39.750748,47.233896,39.61461,19.203896
47.228341,39.750748,47.223208,39.697369,7.6217327
47.228341,39.750748,47.218795,39.707842,8.199681
47.228341,39.750748,47.252899,39.764581,8.147087
47.228341,39.750748,47.214927,39.705652,8.5760355
47.228341,39.750748,47.273902,39.684949,19.53702
47.228341,39.750748,47.226024,39.729858,5.996014
47.228341,39.750748,47.229064,39.628654,17.886555
47.228341,39.750748,47.219161,39.705761,7.8533883
47.228341,39.750748,47.249401,39.735175,8.147087
47.228341,39.750748,47.245568,39.680052,18.379324
47.228341,39.750748,47.219812,39.715458,6.6246157
47.228341,39.750748,47.238981,39.694731,9.502428
47.228341,39.750748,47.22192,39.724959,6.326063
47.228341,39.750748,47.230965,39.686521,8.220661
47.228341,39.750748,47.226262,39.73101,5.040011
47.228341,39.750748,47.256223,39.704661,9.643057
47.228341,39.750748,47.222052,39.715387,6.566022
47.228341,39.750748,47.297733,39.701845,20.162592
47.228341,39.750748,47.296659,39.717094,20.12564
47.228341,39.750748,47.21889,39.713986,6.6246157
47.228341,39.750748,47.223083,39.698421,7.8613677
47.228341,39.750748,47.222549,39.72163,6.5974245
47.228341,39.750748,47.231065,39.75563,3.4914026
47.228341,39.750748,47.284506,39.720996,19.427176
47.228341,39.750748,47.208051,39.634353,16.56552
47.228341,39.750748,47.252037,39.795119,9.6116085
47.228341,39.750748,47.2102,39.693253,9.076281
47.228341,39.750748,47.252637,39.713811,9.3974285
47.228341,39.750748,47.214527,39.618866,16.56552
47.228341,39.750748,47.25344,39.70265,9.180736
47.228341,39.750748,47.23422,39.601897,19.203896
47.228341,39.750748,47.157576,39.548447,16.56552
47.228341,39.750748,47.225003,39.701557,7.4170876
47.228341,39.750748,47.246689,39.768088,8.138682
47.228341,39.750748,47.192543,39.619834,16.56552
47.228341,39.750748,47.208258,39.655767,16.593966
47.228341,39.750748,47.269791,39.70937,18.881243
47.228341,39.750748,47.259806,39.797556,10.07774
47.228341,39.750748,47.220417,39.710437,6.6218815
47.228341,39.750748,47.335456,39.726704,20.18896
47.228341,39.750748,47.264228,39.782109,10.07774
47.228341,39.750748,47.245067,39.768986,8.138682
47.228341,39.750748,47.235766,39.709952,7.931279
47.228341,39.750748,47.22715,39.697301,7.5897026
47.228341,39.750748,47.351676,39.715568,20.12564
47.228341,39.750748,47.25395,39.859736,19.243864
47.228341,39.750748,47.236558,39.808849,9.6116085
47.228341,39.750748,47.255083,39.784906,9.6116085
47.228341,39.750748,47.237471,39.683453,9.47465
47.228341,39.750748,47.292527,39.713823,20.081852
47.228341,39.750748,47.302238,39.733057,20.18896
47.228341,39.750748,47.300208,39.773554,20.18896
47.228341,39.750748,47.281576,39.757079,19.032623
47.228341,39.750748,47.235766,39.709952,7.931279
47.228341,39.750748,47.247937,39.739602,8.138682
47.228341,39.750748,47.265936,39.666501,20.252417
47.228341,39.750748,47.279361,39.682489,20.252417
47.228341,39.750748,47.245582,39.768551,8.138682
47.228341,39.750748,47.235766,39.709952,7.931279
47.228341,39.750748,47.198113,39.631899,16.56552
47.228341,39.750748,47.247054,39.748018,8.031498
47.228341,39.750748,47.247697,39.772563,8.147087
47.228341,39.750748,47.28076,39.819036,20.14517
47.228341,39.750748,47.241503,39.774149,8.138682
47.228341,39.750748,47.218686,39.618666,16.881998
47.228341,39.750748,47.235766,39.709952,7.931279
47.228341,39.750748,47.221331,39.70597,7.8613677
47.228341,39.750748,47.259644,39.77309,10.07774
47.228341,39.750748,47.220683,39.730255,6.3554144
47.228341,39.750748,47.235766,39.709952,7.931279
47.228341,39.750748,47.237471,39.683453,9.47465
47.228341,39.750748,47.301125,39.719899,20.18896
47.228341,39.750748,47.236875,39.739626,6.341681
47.228341,39.750748,47.207524,39.630705,16.56552
47.228341,39.750748,47.282544,39.715706,19.385654
47.228341,39.750748,47.280988,39.808406,19.470015
47.228341,39.750748,47.304403,39.642289,20.143353
47.228341,39.750748,47.291651,39.826587,20.18896
47.228341,39.750748,47.288683,39.696426,20.247421
47.228341,39.750748,47.350817,39.72822,20.18896
47.228341,39.750748,47.314746,39.776991,20.18896
47.25395,39.859736,47.21805,39.697207,18.412008
47.25395,39.859736,47.217621,39.707611,18.808487
47.25395,39.859736,47.221096,39.69097,18.834385
47.25395,39.859736,47.225482,39.717826,19.712128
47.25395,39.859736,47.255549,39.644401,19.904606
47.25395,39.859736,47.224904,39.711349,18.851248
47.25395,39.859736,47.210328,39.692724,18.222271
47.25395,39.859736,47.233896,39.61461,19.016989
47.25395,39.859736,47.223208,39.697369,18.947275
47.25395,39.859736,47.218795,39.707842,18.783415
47.25395,39.859736,47.252899,39.764581,18.092318
47.25395,39.859736,47.214927,39.705652,18.207615
47.25395,39.859736,47.273902,39.684949,19.904606
47.25395,39.859736,47.226024,39.729858,19.712128
47.25395,39.859736,47.229064,39.628654,19.487257
47.25395,39.859736,47.219161,39.705761,18.702433
47.25395,39.859736,47.249401,39.735175,19.09351
47.25395,39.859736,47.245568,39.680052,19.161015
47.25395,39.859736,47.219812,39.715458,18.769354
47.25395,39.859736,47.238981,39.694731,19.257032
47.25395,39.859736,47.22192,39.724959,18.895554
47.25395,39.859736,47.230965,39.686521,19.631195
47.25395,39.859736,47.226262,39.73101,19.712128
47.25395,39.859736,47.256223,39.704661,19.759428
47.25395,39.859736,47.222052,39.715387,18.836838
47.25395,39.859736,47.297733,39.701845,19.759428
47.25395,39.859736,47.296659,39.717094,19.72139
47.25395,39.859736,47.21889,39.713986,18.769354
47.25395,39.859736,47.223083,39.698421,18.819374
47.25395,39.859736,47.222549,39.72163,18.895554
47.25395,39.859736,47.231065,39.75563,19.712128
47.25395,39.859736,47.284506,39.720996,19.784996
47.25395,39.859736,47.208051,39.634353,18.043343
47.25395,39.859736,47.252037,39.795119,9.620462
47.25395,39.859736,47.2102,39.693253,18.222271
47.25395,39.859736,47.252637,39.713811,19.019024
47.25395,39.859736,47.214527,39.618866,18.043343
47.25395,39.859736,47.25344,39.70265,19.061247
47.25395,39.859736,47.23422,39.601897,19.016989
47.25395,39.859736,47.157576,39.548447,18.043343
47.25395,39.859736,47.225003,39.701557,18.859823
47.25395,39.859736,47.246689,39.768088,18.092318
47.25395,39.859736,47.192543,39.619834,18.043343
47.25395,39.859736,47.208258,39.655767,18.10799
47.25395,39.859736,47.269791,39.70937,19.730616
47.25395,39.859736,47.259806,39.797556,9.832979
47.25395,39.859736,47.220417,39.710437,18.783415
47.25395,39.859736,47.335456,39.726704,19.784996
47.25395,39.859736,47.264228,39.782109,18.369913
47.25395,39.859736,47.245067,39.768986,18.092318
47.25395,39.859736,47.235766,39.709952,19.028372
47.25395,39.859736,47.22715,39.697301,19.510626
47.25395,39.859736,47.351676,39.715568,19.72139
47.25395,39.859736,47.228341,39.750748,19.712128
47.25395,39.859736,47.236558,39.808849,9.620462
47.25395,39.859736,47.255083,39.784906,17.016914
47.25395,39.859736,47.237471,39.683453,19.161015
47.25395,39.859736,47.292527,39.713823,19.72139
47.25395,39.859736,47.302238,39.733057,19.784996
47.25395,39.859736,47.300208,39.773554,19.784996
47.25395,39.859736,47.281576,39.757079,19.784996
47.25395,39.859736,47.235766,39.709952,19.028372
47.25395,39.859736,47.247937,39.739602,19.09351
47.25395,39.859736,47.265936,39.666501,19.904606
47.25395,39.859736,47.279361,39.682489,19.904606
47.25395,39.859736,47.245582,39.768551,18.092318
47.25395,39.859736,47.235766,39.709952,19.028372
47.25395,39.859736,47.198113,39.631899,18.043343
47.25395,39.859736,47.247054,39.748018,19.09351
47.25395,39.859736,47.247697,39.772563,18.092318
47.25395,39.859736,47.28076,39.819036,9.832979
47.25395,39.859736,47.241503,39.774149,18.092318
47.25395,39.859736,47.218686,39.618666,18.459532
47.25395,39.859736,47.235766,39.709952,19.028372
47.25395,39.859736,47.221331,39.70597,18.819374
47.25395,39.859736,47.259644,39.77309,19.023209
47.25395,39.859736,47.220683,39.730255,18.82702
47.25395,39.859736,47.235766,39.709952,19.028372
47.25395,39.859736,47.237471,39.683453,19.161015
47.25395,39.859736,47.301125,39.719899,19.784996
47.25395,39.859736,47.236875,39.739626,19.09351
47.25395,39.859736,47.207524,39.630705,18.043343
47.25395,39.859736,47.282544,39.715706,19.72139
47.25395,39.859736,47.280988,39.808406,9.832979
47.25395,39.859736,47.304403,39.642289,19.760572
47.25395,39.859736,47.291651,39.826587,9.832979
47.25395,39.859736,47.288683,39.696426,19.858835
47.25395,39.859736,47.350817,39.72822,19.784996
47.25395,39.859736,47.314746,39.776991,19.784996
47.236558,39.808849,47.21805,39.697207,18.412008
47.236558,39.808849,47.217621,39.707611,18.808487
47.236558,39.808849,47.221096,39.69097,18.834385
47.236558,39.808849,47.225482,39.717826,18.716429
47.236558,39.808849,47.255549,39.644401,19.904606
47.236558,39.808849,47.224904,39.711349,18.7996
47.236558,39.808849,47.210328,39.692724,18.222271
47.236558,39.808849,47.233896,39.61461,19.016989
47.236558,39.808849,47.223208,39.697369,18.947275
47.236558,39.808849,47.218795,39.707842,18.783415
47.236558,39.808849,47.252899,39.764581,9.620462
47.236558,39.808849,47.214927,39.705652,18.207615
47.236558,39.808849,47.273902,39.684949,19.904606
47.236558,39.808849,47.226024,39.729858,17.560501
47.236558,39.808849,47.229064,39.628654,19.487257
47.236558,39.808849,47.219161,39.705761,18.702433
47.236558,39.808849,47.249401,39.735175,17.016914
47.236558,39.808849,47.245568,39.680052,19.161015
47.236558,39.808849,47.219812,39.715458,18.090214
47.236558,39.808849,47.238981,39.694731,19.257032
47.236558,39.808849,47.22192,39.724959,18.175741
47.236558,39.808849,47.230965,39.686521,19.631195
47.236558,39.808849,47.226262,39.73101,17.560501
47.236558,39.808849,47.256223,39.704661,19.759428
47.236558,39.808849,47.222052,39.715387,18.134813
47.236558,39.808849,47.297733,39.701845,19.759428
47.236558,39.808849,47.296659,39.717094,19.72139
47.236558,39.808849,47.21889,39.713986,18.730864
47.236558,39.808849,47.223083,39.698421,18.819374
47.236558,39.808849,47.222549,39.72163,18.175741
47.236558,39.808849,47.231065,39.75563,10.290183
47.236558,39.808849,47.284506,39.720996,19.784996
47.236558,39.808849,47.208051,39.634353,18.043343
47.236558,39.808849,47.252037,39.795119,7.9053955
47.236558,39.808849,47.2102,39.693253,18.222271
47.236558,39.808849,47.252637,39.713811,18.967373
47.236558,39.808849,47.214527,39.618866,18.043343
47.236558,39.808849,47.25344,39.70265,19.061247
47.236558,39.808849,47.23422,39.601897,19.016989
47.236558,39.808849,47.157576,39.548447,18.043343
47.236558,39.808849,47.225003,39.701557,18.859823
47.236558,39.808849,47.246689,39.768088,8.155939
47.236558,39.808849,47.192543,39.619834,18.043343
47.236558,39.808849,47.208258,39.655767,18.10799
47.236558,39.808849,47.269791,39.70937,19.730616
47.236558,39.808849,47.259806,39.797556,8.00963
47.236558,39.808849,47.220417,39.710437,18.744925
47.236558,39.808849,47.335456,39.726704,19.784996
47.236558,39.808849,47.264228,39.782109,9.832979
47.236558,39.808849,47.245067,39.768986,8.155939
47.236558,39.808849,47.235766,39.709952,18.97672
47.236558,39.808849,47.22715,39.697301,19.510626
47.236558,39.808849,47.351676,39.715568,19.72139
47.236558,39.808849,47.228341,39.750748,10.290183
47.236558,39.808849,47.25395,39.859736,9.620462
47.236558,39.808849,47.255083,39.784906,8.155939
47.236558,39.808849,47.237471,39.683453,19.161015
47.236558,39.808849,47.292527,39.713823,19.72139
47.236558,39.808849,47.302238,39.733057,19.784996
47.236558,39.808849,47.300208,39.773554,19.741207
47.236558,39.808849,47.281576,39.757079,19.8072
47.236558,39.808849,47.235766,39.709952,18.97672
47.236558,39.808849,47.247937,39.739602,17.016914
47.236558,39.808849,47.265936,39.666501,19.904606
47.236558,39.808849,47.279361,39.682489,19.904606
47.236558,39.808849,47.245582,39.768551,8.155939
47.236558,39.808849,47.235766,39.709952,18.97672
47.236558,39.808849,47.198113,39.631899,18.043343
47.236558,39.808849,47.247054,39.748018,9.620462
47.236558,39.808849,47.247697,39.772563,8.155939
47.236558,39.808849,47.28076,39.819036,9.832979
47.236558,39.808849,47.241503,39.774149,8.155939
47.236558,39.808849,47.218686,39.618666,18.459532
47.236558,39.808849,47.235766,39.709952,18.97672
47.236558,39.808849,47.221331,39.70597,18.819374
47.236558,39.808849,47.259644,39.77309,9.832979
47.236558,39.808849,47.220683,39.730255,17.817673
47.236558,39.808849,47.235766,39.709952,18.97672
47.236558,39.808849,47.237471,39.683453,19.161015
47.236558,39.808849,47.301125,39.719899,19.784996
47.236558,39.808849,47.236875,39.739626,17.447016
47.236558,39.808849,47.207524,39.630705,18.043343
47.236558,39.808849,47.282544,39.715706,19.72139
47.236558,39.808849,47.280988,39.808406,9.832979
47.236558,39.808849,47.304403,39.642289,19.760572
47.236558,39.808849,47.291651,39.826587,20.591778
47.236558,39.808849,47.288683,39.696426,19.858835
47.236558,39.808849,47.350817,39.72822,19.784996
47.236558,39.808849,47.314746,39.776991,19.784996
47.255083,39.784906,47.21805,39.697207,18.376986
47.255083,39.784906,47.217621,39.707611,18.087498
47.255083,39.784906,47.221096,39.69097,18.834385
47.255083,39.784906,47.225482,39.717826,17.560501
47.255083,39.784906,47.255549,39.644401,19.904606
47.255083,39.784906,47.224904,39.711349,18.135332
47.255083,39.784906,47.210328,39.692724,18.222271
47.255083,39.784906,47.233896,39.61461,19.016989
47.255083,39.784906,47.223208,39.697369,18.908342
47.255083,39.784906,47.218795,39.707842,18.071762
47.255083,39.784906,47.252899,39.764581,6.032305
47.255083,39.784906,47.214927,39.705652,18.171848
47.255083,39.784906,47.273902,39.684949,19.86383
47.255083,39.784906,47.226024,39.729858,18.116743
47.255083,39.784906,47.229064,39.628654,19.487257
47.255083,39.784906,47.219161,39.705761,18.002573
47.255083,39.784906,47.249401,39.735175,9.620462
47.255083,39.784906,47.245568,39.680052,19.161015
47.255083,39.784906,47.219812,39.715458,18.062054
47.255083,39.784906,47.238981,39.694731,18.233948
47.255083,39.784906,47.22192,39.724959,17.45662
47.255083,39.784906,47.230965,39.686521,19.631195
47.255083,39.784906,47.226262,39.73101,10.290183
47.255083,39.784906,47.256223,39.704661,18.69813
47.255083,39.784906,47.222052,39.715387,18.537556
47.255083,39.784906,47.297733,39.701845,19.759428
47.255083,39.784906,47.296659,39.717094,18.981396
47.255083,39.784906,47.21889,39.713986,18.062054
47.255083,39.784906,47.223083,39.698421,18.780437
47.255083,39.784906,47.222549,39.72163,17.223225
47.255083,39.784906,47.231065,39.75563,10.290183
47.255083,39.784906,47.284506,39.720996,18.597061
47.255083,39.784906,47.208051,39.634353,18.043343
47.255083,39.784906,47.252037,39.795119,6.2144756
47.255083,39.784906,47.2102,39.693253,18.222271
47.255083,39.784906,47.252637,39.713811,17.426083
47.255083,39.784906,47.214527,39.618866,18.043343
47.255083,39.784906,47.25344,39.70265,17.75099
47.255083,39.784906,47.23422,39.601897,19.016989
47.255083,39.784906,47.157576,39.548447,18.043343
47.255083,39.784906,47.225003,39.701557,18.19746
47.255083,39.784906,47.246689,39.768088,6.469043
47.255083,39.784906,47.192543,39.619834,18.043343
47.255083,39.784906,47.208258,39.655767,18.10799
47.255083,39.784906,47.269791,39.70937,18.59065
47.255083,39.784906,47.259806,39.797556,5.7232723
47.255083,39.784906,47.220417,39.710437,18.071762
47.255083,39.784906,47.335456,39.726704,19.784996
47.255083,39.784906,47.264228,39.782109,5.7457075
47.255083,39.784906,47.245067,39.768986,7.194117
47.255083,39.784906,47.235766,39.709952,16.903137
47.255083,39.784906,47.22715,39.697301,18.616795
47.255083,39.784906,47.351676,39.715568,19.72139
47.255083,39.784906,47.228341,39.750748,10.290183
47.255083,39.784906,47.25395,39.859736,17.016914
47.255083,39.784906,47.236558,39.808849,8.155939
47.255083,39.784906,47.237471,39.683453,19.161015
47.255083,39.784906,47.292527,39.713823,18.981396
47.255083,39.784906,47.302238,39.733057,19.023209
47.255083,39.784906,47.300208,39.773554,9.832979
47.255083,39.784906,47.281576,39.757079,9.832979
47.255083,39.784906,47.235766,39.709952,16.903137
47.255083,39.784906,47.247937,39.739602,9.620462
47.255083,39.784906,47.265936,39.666501,19.904606
47.255083,39.784906,47.279361,39.682489,19.904606
47.255083,39.784906,47.245582,39.768551,7.194117
47.255083,39.784906,47.235766,39.709952,16.903137
47.255083,39.784906,47.198113,39.631899,18.043343
47.255083,39.784906,47.247054,39.748018,8.155939
47.255083,39.784906,47.247697,39.772563,6.010472
47.255083,39.784906,47.28076,39.819036,9.832979
47.255083,39.784906,47.241503,39.774149,7.194117
47.255083,39.784906,47.218686,39.618666,18.459532
47.255083,39.784906,47.235766,39.709952,16.903137
47.255083,39.784906,47.221331,39.70597,18.131489
47.255083,39.784906,47.259644,39.77309,5.7457075
47.255083,39.784906,47.220683,39.730255,17.425278
47.255083,39.784906,47.235766,39.709952,16.903137
47.255083,39.784906,47.237471,39.683453,19.161015
47.255083,39.784906,47.301125,39.719899,19.023209
47.255083,39.784906,47.236875,39.739626,9.620462
47.255083,39.784906,47.207524,39.630705,18.043343
47.255083,39.784906,47.282544,39.715706,18.346884
47.255083,39.784906,47.280988,39.808406,9.832979
47.255083,39.784906,47.304403,39.642289,19.760572
47.255083,39.784906,47.291651,39.826587,9.832979
47.255083,39.784906,47.288683,39.696426,19.818056
47.255083,39.784906,47.350817,39.72822,19.784996
47.255083,39.784906,47.314746,39.776991,19.023209
47.237471,39.683453,47.21805,39.697207,7.666839
47.237471,39.683453,47.217621,39.707611,8.636619
47.237471,39.683453,47.221096,39.69097,7.9593678
47.237471,39.683453,47.225482,39.717826,8.75415
47.237471,39.683453,47.255549,39.644401,9.304274
47.237471,39.683453,47.224904,39.711349,8.195733
47.237471,39.683453,47.210328,39.692724,9.132841
47.237471,39.683453,47.233896,39.61461,16.953148
47.237471,39.683453,47.223208,39.697369,7.896744
47.237471,39.683453,47.218795,39.707842,8.586548
47.237471,39.683453,47.252899,39.764581,18.745892
47.237471,39.683453,47.214927,39.705652,8.975362
47.237471,39.683453,47.273902,39.684949,9.304274
47.237471,39.683453,47.226024,39.729858,10.223404
47.237471,39.683453,47.229064,39.628654,9.43583
47.237471,39.683453,47.219161,39.705761,8.367128
47.237471,39.683453,47.249401,39.735175,9.148961
47.237471,39.683453,47.245568,39.680052,5.5203094
47.237471,39.683453,47.219812,39.715458,8.59388
47.237471,39.683453,47.238981,39.694731,5.729239
47.237471,39.683453,47.22192,39.724959,10.223345
47.237471,39.683453,47.230965,39.686521,6.5092382
47.237471,39.683453,47.226262,39.73101,10.223404
47.237471,39.683453,47.256223,39.704661,7.072775
47.237471,39.683453,47.222052,39.715387,8.548816
47.237471,39.683453,47.297733,39.701845,18.777363
47.237471,39.683453,47.296659,39.717094,18.646328
47.237471,39.683453,47.21889,39.713986,8.59388
47.237471,39.683453,47.223083,39.698421,7.8442717
47.237471,39.683453,47.222549,39.72163,10.223345
47.237471,39.683453,47.231065,39.75563,17.78611
47.237471,39.683453,47.284506,39.720996,18.1506
47.237471,39.683453,47.208051,39.634353,10.194874
47.237471,39.683453,47.252037,39.795119,18.745478
47.237471,39.683453,47.2102,39.693253,9.132841
47.237471,39.683453,47.252637,39.713811,7.361016
47.237471,39.683453,47.214527,39.618866,16.748796
47.237471,39.683453,47.25344,39.70265,7.176859
47.237471,39.683453,47.23422,39.601897,17.07795
47.237471,39.683453,47.157576,39.548447,17.670748
47.237471,39.683453,47.225003,39.701557,7.7028284
47.237471,39.683453,47.246689,39.768088,17.304497
47.237471,39.683453,47.192543,39.619834,16.909384
47.237471,39.683453,47.208258,39.655767,10.486435
47.237471,39.683453,47.269791,39.70937,9.119587
47.237471,39.683453,47.259806,39.797556,19.49325
47.237471,39.683453,47.220417,39.710437,8.586548
47.237471,39.683453,47.335456,39.726704,19.49325
47.237471,39.683453,47.264228,39.782109,19.49325
47.237471,39.683453,47.245067,39.768986,17.778088
47.237471,39.683453,47.235766,39.709952,7.1640067
47.237471,39.683453,47.22715,39.697301,6.2602234
47.237471,39.683453,47.351676,39.715568,19.356127
47.237471,39.683453,47.228341,39.750748,10.223404
47.237471,39.683453,47.25395,39.859736,18.745478
47.237471,39.683453,47.236558,39.808849,18.745478
47.237471,39.683453,47.255083,39.784906,18.745478
47.237471,39.683453,47.292527,39.713823,18.646328
47.237471,39.683453,47.302238,39.733057,19.49325
47.237471,39.683453,47.300208,39.773554,19.49325
47.237471,39.683453,47.281576,39.757079,19.382711
47.237471,39.683453,47.235766,39.709952,7.1640067
47.237471,39.683453,47.247937,39.739602,9.148961
47.237471,39.683453,47.265936,39.666501,9.304274
47.237471,39.683453,47.279361,39.682489,9.304274
47.237471,39.683453,47.245582,39.768551,17.778088
47.237471,39.683453,47.235766,39.709952,7.1640067
47.237471,39.683453,47.198113,39.631899,16.921112
47.237471,39.683453,47.247054,39.748018,9.148961
47.237471,39.683453,47.247697,39.772563,17.778088
47.237471,39.683453,47.28076,39.819036,19.49325
47.237471,39.683453,47.241503,39.774149,17.778088
47.237471,39.683453,47.218686,39.618666,17.60136
47.237471,39.683453,47.235766,39.709952,7.1640067
47.237471,39.683453,47.221331,39.70597,8.271463
47.237471,39.683453,47.259644,39.77309,18.732471
47.237471,39.683453,47.220683,39.730255,10.261445
47.237471,39.683453,47.235766,39.709952,7.1640067
47.237471,39.683453,47.237471,39.683453,4.8981867
47.237471,39.683453,47.301125,39.719899,19.382711
47.237471,39.683453,47.236875,39.739626,9.148961
47.237471,39.683453,47.207524,39.630705,10.194874
47.237471,39.683453,47.282544,39.715706,18.153177
47.237471,39.683453,47.280988,39.808406,19.49325
47.237471,39.683453,47.304403,39.642289,19.228579
47.237471,39.683453,47.291651,39.826587,19.49325
47.237471,39.683453,47.288683,39.696426,19.957775
47.237471,39.683453,47.350817,39.72822,19.49325
47.237471,39.683453,47.314746,39.776991,19.49325
47.292527,39.713823,47.21805,39.697207,18.677372
47.292527,39.713823,47.217621,39.707611,18.934376
47.292527,39.713823,47.221096,39.69097,19.757164
47.292527,39.713823,47.225482,39.717826,19.428484
47.292527,39.713823,47.255549,39.644401,19.358587
47.292527,39.713823,47.224904,39.711349,18.675598
47.292527,39.713823,47.210328,39.692724,19.196575
47.292527,39.713823,47.233896,39.61461,19.271845
47.292527,39.713823,47.223208,39.697369,18.746637
47.292527,39.713823,47.218795,39.707842,18.72397
47.292527,39.713823,47.252899,39.764581,17.216757
47.292527,39.713823,47.214927,39.705652,18.429388
47.292527,39.713823,47.273902,39.684949,7.9729853
47.292527,39.713823,47.226024,39.729858,19.428484
47.292527,39.713823,47.229064,39.628654,20.099932
47.292527,39.713823,47.219161,39.705761,18.70613
47.292527,39.713823,47.249401,39.735175,9.6061125
47.292527,39.713823,47.245568,39.680052,18.908611
47.292527,39.713823,47.219812,39.715458,18.712862
47.292527,39.713823,47.238981,39.694731,19.061562
47.292527,39.713823,47.22192,39.724959,18.853474
47.292527,39.713823,47.230965,39.686521,19.261251
47.292527,39.713823,47.226262,39.73101,19.428484
47.292527,39.713823,47.256223,39.704661,9.34771
47.292527,39.713823,47.222052,39.715387,18.754744
47.292527,39.713823,47.297733,39.701845,5.07127
47.292527,39.713823,47.296659,39.717094,4.3841157
47.292527,39.713823,47.21889,39.713986,18.712862
47.292527,39.713823,47.223083,39.698421,18.786676
47.292527,39.713823,47.222549,39.72163,18.812342
47.292527,39.713823,47.231065,39.75563,19.428484
47.292527,39.713823,47.284506,39.720996,5.743045
47.292527,39.713823,47.208051,39.634353,18.970413
47.292527,39.713823,47.252037,39.795119,18.926962
47.292527,39.713823,47.2102,39.693253,19.196575
47.292527,39.713823,47.252637,39.713811,9.3675995
47.292527,39.713823,47.214527,39.618866,18.970413
47.292527,39.713823,47.25344,39.70265,9.148402
47.292527,39.713823,47.23422,39.601897,19.271845
47.292527,39.713823,47.157576,39.548447,18.970413
47.292527,39.713823,47.225003,39.701557,18.709312
47.292527,39.713823,47.246689,39.768088,18.016094
47.292527,39.713823,47.192543,39.619834,18.970413
47.292527,39.713823,47.208258,39.655767,19.037506
47.292527,39.713823,47.269791,39.70937,7.7645597
47.292527,39.713823,47.259806,39.797556,19.024992
47.292527,39.713823,47.220417,39.710437,18.72397
47.292527,39.713823,47.335456,39.726704,9.809234
47.292527,39.713823,47.264228,39.782109,18.404316
47.292527,39.713823,47.245067,39.768986,18.016094
47.292527,39.713823,47.235766,39.709952,18.868341
47.292527,39.713823,47.22715,39.697301,19.288078
47.292527,39.713823,47.351676,39.715568,18.939709
47.292527,39.713823,47.228341,39.750748,19.428484
47.292527,39.713823,47.25395,39.859736,18.976906
47.292527,39.713823,47.236558,39.808849,18.976906
47.292527,39.713823,47.255083,39.784906,18.016094
47.292527,39.713823,47.237471,39.683453,18.427755
47.292527,39.713823,47.302238,39.733057,7.769006
47.292527,39.713823,47.300208,39.773554,9.809234
47.292527,39.713823,47.281576,39.757079,9.809234
47.292527,39.713823,47.235766,39.709952,18.868341
47.292527,39.713823,47.247937,39.739602,17.506224
47.292527,39.713823,47.265936,39.666501,9.815413
47.292527,39.713823,47.279361,39.682489,7.9729853
47.292527,39.713823,47.245582,39.768551,18.016094
47.292527,39.713823,47.235766,39.709952,18.868341
47.292527,39.713823,47.198113,39.631899,18.970413
47.292527,39.713823,47.247054,39.748018,17.09789
47.292527,39.713823,47.247697,39.772563,18.016094
47.292527,39.713823,47.28076,39.819036,19.741856
47.292527,39.713823,47.241503,39.774149,18.071495
47.292527,39.713823,47.218686,39.618666,19.436401
47.292527,39.713823,47.235766,39.709952,18.868341
47.292527,39.713823,47.221331,39.70597,18.82544
47.292527,39.713823,47.259644,39.77309,18.582588
47.292527,39.713823,47.220683,39.730255,18.769411
47.292527,39.713823,47.235766,39.709952,18.868341
47.292527,39.713823,47.237471,39.683453,18.427755
47.292527,39.713823,47.301125,39.719899,5.800299
47.292527,39.713823,47.236875,39.739626,18.016094
47.292527,39.713823,47.207524,39.630705,18.970413
47.292527,39.713823,47.282544,39.715706,5.452929
47.292527,39.713823,47.280988,39.808406,18.976263
47.292527,39.713823,47.304403,39.642289,18.67304
47.292527,39.713823,47.291651,39.826587,19.741856
47.292527,39.713823,47.288683,39.696426,5.773517
47.292527,39.713823,47.350817,39.72822,18.977095
47.292527,39.713823,47.314746,39.776991,18.622606
47.302238,39.733057,47.21805,39.697207,18.607786
47.302238,39.733057,47.217621,39.707611,18.915691
47.302238,39.733057,47.221096,39.69097,19.760513
47.302238,39.733057,47.225482,39.717826,19.457134
47.302238,39.733057,47.255549,39.644401,20.100044
47.302238,39.733057,47.224904,39.711349,18.70519
47.302238,39.733057,47.210328,39.692724,19.183918
47.302238,39.733057,47.233896,39.61461,19.252
47.302238,39.733057,47.223208,39.697369,18.786114
47.302238,39.733057,47.218795,39.707842,18.712652
47.302238,39.733057,47.252899,39.764581,17.039925
47.302238,39.733057,47.214927,39.705652,18.42519
47.302238,39.733057,47.273902,39.684949,9.941053
47.302238,39.733057,47.226024,39.729858,19.457134
47.302238,39.733057,47.229064,39.628654,20.090113
47.302238,39.733057,47.219161,39.705761,18.696592
47.302238,39.733057,47.249401,39.735175,17.19275
47.302238,39.733057,47.245568,39.680052,19.348854
47.302238,39.733057,47.219812,39.715458,18.70001
47.302238,39.733057,47.238981,39.694731,19.416048
47.302238,39.733057,47.22192,39.724959,18.84336
47.302238,39.733057,47.230965,39.686521,20.234055
47.302238,39.733057,47.226262,39.73101,19.457134
47.302238,39.733057,47.256223,39.704661,18.689495
47.302238,39.733057,47.222052,39.715387,18.785763
47.302238,39.733057,47.297733,39.701845,7.4318967
47.302238,39.733057,47.296659,39.717094,5.711691
47.302238,39.733057,47.21889,39.713986,18.70001
47.302238,39.733057,47.223083,39.698421,18.818653
47.302238,39.733057,47.222549,39.72163,18.84336
47.302238,39.733057,47.231065,39.75563,19.457134
47.302238,39.733057,47.284506,39.720996,7.996033
47.302238,39.733057,47.208051,39.634353,18.956623
47.302238,39.733057,47.252037,39.795119,18.047392
47.302238,39.733057,47.2102,39.693253,19.183918
47.302238,39.733057,47.252637,39.713811,17.046583
47.302238,39.733057,47.214527,39.618866,18.956623
47.302238,39.733057,47.25344,39.70265,17.506964
47.302238,39.733057,47.23422,39.601897,19.252
47.302238,39.733057,47.157576,39.548447,18.956623
47.302238,39.733057,47.225003,39.701557,18.743822
47.302238,39.733057,47.246689,39.768088,17.993765
47.302238,39.733057,47.192543,39.619834,18.956623
47.302238,39.733057,47.208258,39.655767,19.024849
47.302238,39.733057,47.269791,39.70937,9.592467
47.302238,39.733057,47.259806,39.797556,18.95979
47.302238,39.733057,47.220417,39.710437,18.712652
47.302238,39.733057,47.335456,39.726704,9.804712
47.302238,39.733057,47.264228,39.782109,18.41869
47.302238,39.733057,47.245067,39.768986,17.993765
47.302238,39.733057,47.235766,39.709952,18.8399
47.302238,39.733057,47.22715,39.697301,19.317186
47.302238,39.733057,47.351676,39.715568,18.400963
47.302238,39.733057,47.228341,39.750748,19.457134
47.302238,39.733057,47.25395,39.859736,18.950726
47.302238,39.733057,47.236558,39.808849,18.950726
47.302238,39.733057,47.255083,39.784906,17.993765
47.302238,39.733057,47.237471,39.683453,19.39603
47.302238,39.733057,47.292527,39.713823,7.405267
47.302238,39.733057,47.300208,39.773554,8.005466
47.302238,39.733057,47.281576,39.757079,8.005466
47.302238,39.733057,47.235766,39.709952,18.8399
47.302238,39.733057,47.247937,39.739602,17.039925
47.302238,39.733057,47.265936,39.666501,19.819618
47.302238,39.733057,47.279361,39.682489,9.941053
47.302238,39.733057,47.245582,39.768551,17.993765
47.302238,39.733057,47.235766,39.709952,18.8399
47.302238,39.733057,47.198113,39.631899,18.956623
47.302238,39.733057,47.247054,39.748018,19.658798
47.302238,39.733057,47.247697,39.772563,17.993765
47.302238,39.733057,47.28076,39.819036,18.95979
47.302238,39.733057,47.241503,39.774149,18.900871
47.302238,39.733057,47.218686,39.618666,19.385744
47.302238,39.733057,47.235766,39.709952,18.8399
47.302238,39.733057,47.221331,39.70597,18.818653
47.302238,39.733057,47.259644,39.77309,18.41869
47.302238,39.733057,47.220683,39.730255,18.756556
47.302238,39.733057,47.235766,39.709952,18.8399
47.302238,39.733057,47.237471,39.683453,19.39603
47.302238,39.733057,47.301125,39.719899,5.745236
47.302238,39.733057,47.236875,39.739626,18.047392
47.302238,39.733057,47.207524,39.630705,18.956623
47.302238,39.733057,47.282544,39.715706,7.7956305
47.302238,39.733057,47.280988,39.808406,18.670504
47.302238,39.733057,47.304403,39.642289,19.128998
47.302238,39.733057,47.291651,39.826587,18.95979
47.302238,39.733057,47.288683,39.696426,8.002631
47.302238,39.733057,47.350817,39.72822,18.41869
47.302238,39.733057,47.314746,39.776991,9.804712
47.300208,39.773554,47.21805,39.697207,18.607786
47.300208,39.773554,47.217621,39.707611,18.915691
47.300208,39.773554,47.221096,39.69097,19.760513
47.300208,39.773554,47.225482,39.717826,19.457134
47.300208,39.773554,47.255549,39.644401,20.100044
47.300208,39.773554,47.224904,39.711349,18.70519
47.300208,39.773554,47.210328,39.692724,19.183918
47.300208,39.773554,47.233896,39.61461,19.252
47.300208,39.773554,47.223208,39.697369,18.786114
47.300208,39.773554,47.218795,39.707842,18.712652
47.300208,39.773554,47.252899,39.764581,17.482603
47.300208,39.773554,47.214927,39.705652,18.42519
47.300208,39.773554,47.273902,39.684949,19.394012
47.300208,39.773554,47.226024,39.729858,19.457134
47.300208,39.773554,47.229064,39.628654,20.090113
47.300208,39.773554,47.219161,39.705761,18.696592
47.300208,39.773554,47.249401,39.735175,18.871695
47.300208,39.773554,47.245568,39.680052,19.39603
47.300208,39.773554,47.219812,39.715458,18.70001
47.300208,39.773554,47.238981,39.694731,19.463522
47.300208,39.773554,47.22192,39.724959,18.84336
47.300208,39.773554,47.230965,39.686521,20.234055
47.300208,39.773554,47.226262,39.73101,19.457134
47.300208,39.773554,47.256223,39.704661,19.000092
47.300208,39.773554,47.222052,39.715387,18.785763
47.300208,39.773554,47.297733,39.701845,18.689495
47.300208,39.773554,47.296659,39.717094,9.594876
47.300208,39.773554,47.21889,39.713986,18.70001
47.300208,39.773554,47.223083,39.698421,18.818653
47.300208,39.773554,47.222549,39.72163,18.84336
47.300208,39.773554,47.231065,39.75563,19.40728
47.300208,39.773554,47.284506,39.720996,9.804712
47.300208,39.773554,47.208051,39.634353,18.956623
47.300208,39.773554,47.252037,39.795119,17.07517
47.300208,39.773554,47.2102,39.693253,19.183918
47.300208,39.773554,47.252637,39.713811,17.945518
47.300208,39.773554,47.214527,39.618866,18.956623
47.300208,39.773554,47.25344,39.70265,18.862497
47.300208,39.773554,47.23422,39.601897,19.252
47.300208,39.773554,47.157576,39.548447,18.956623
47.300208,39.773554,47.225003,39.701557,18.743822
47.300208,39.773554,47.246689,39.768088,17.039925
47.300208,39.773554,47.192543,39.619834,18.956623
47.300208,39.773554,47.208258,39.655767,19.024849
47.300208,39.773554,47.269791,39.70937,18.558498
47.300208,39.773554,47.259806,39.797556,9.804712
47.300208,39.773554,47.220417,39.710437,18.712652
47.300208,39.773554,47.335456,39.726704,18.602503
47.300208,39.773554,47.264228,39.782109,9.804712
47.300208,39.773554,47.245067,39.768986,17.442003
47.300208,39.773554,47.235766,39.709952,18.88975
47.300208,39.773554,47.22715,39.697301,19.317186
47.300208,39.773554,47.351676,39.715568,18.922403
47.300208,39.773554,47.228341,39.750748,19.457134
47.300208,39.773554,47.25395,39.859736,18.950726
47.300208,39.773554,47.236558,39.808849,18.900871
47.300208,39.773554,47.255083,39.784906,9.598072
47.300208,39.773554,47.237471,39.683453,19.39603
47.300208,39.773554,47.292527,39.713823,9.594876
47.300208,39.773554,47.302238,39.733057,8.005466
47.300208,39.773554,47.281576,39.757079,7.996033
47.300208,39.773554,47.235766,39.709952,18.88975
47.300208,39.773554,47.247937,39.739602,18.871695
47.300208,39.773554,47.265936,39.666501,20.100044
47.300208,39.773554,47.279361,39.682489,19.342468
47.300208,39.773554,47.245582,39.768551,17.039925
47.300208,39.773554,47.235766,39.709952,18.88975
47.300208,39.773554,47.198113,39.631899,18.956623
47.300208,39.773554,47.247054,39.748018,19.658798
47.300208,39.773554,47.247697,39.772563,17.19275
47.300208,39.773554,47.28076,39.819036,9.804712
47.300208,39.773554,47.241503,39.774149,17.993765
47.300208,39.773554,47.218686,39.618666,19.385744
47.300208,39.773554,47.235766,39.709952,18.88975
47.300208,39.773554,47.221331,39.70597,18.818653
47.300208,39.773554,47.259644,39.77309,9.804712
47.300208,39.773554,47.220683,39.730255,18.756556
47.300208,39.773554,47.235766,39.709952,18.88975
47.300208,39.773554,47.237471,39.683453,19.39603
47.300208,39.773554,47.301125,39.719899,9.804712
47.300208,39.773554,47.236875,39.739626,18.900871
47.300208,39.773554,47.207524,39.630705,18.956623
47.300208,39.773554,47.282544,39.715706,9.594876
47.300208,39.773554,47.280988,39.808406,9.804712
47.300208,39.773554,47.304403,39.642289,19.95601
47.300208,39.773554,47.291651,39.826587,9.804712
47.300208,39.773554,47.288683,39.696426,19.859776
47.300208,39.773554,47.350817,39.72822,18.95979
47.300208,39.773554,47.314746,39.776991,7.0430794
47.281576,39.757079,47.21805,39.697207,18.607786
47.281576,39.757079,47.217621,39.707611,18.915691
47.281576,39.757079,47.221096,39.69097,19.760513
47.281576,39.757079,47.225482,39.717826,18.50567
47.281576,39.757079,47.255549,39.644401,20.100044
47.281576,39.757079,47.224904,39.711349,18.03293
47.281576,39.757079,47.210328,39.692724,19.183918
47.281576,39.757079,47.233896,39.61461,19.252
47.281576,39.757079,47.223208,39.697369,18.786114
47.281576,39.757079,47.218795,39.707842,18.712652
47.281576,39.757079,47.252899,39.764581,8.110603
47.281576,39.757079,47.214927,39.705652,18.42519
47.281576,39.757079,47.273902,39.684949,20.00256
47.281576,39.757079,47.226024,39.729858,18.50567
47.281576,39.757079,47.229064,39.628654,20.090113
47.281576,39.757079,47.219161,39.705761,18.696592
47.281576,39.757079,47.249401,39.735175,9.598072
47.281576,39.757079,47.245568,39.680052,18.416162
47.281576,39.757079,47.219812,39.715458,18.66242
47.281576,39.757079,47.238981,39.694731,18.4876
47.281576,39.757079,47.22192,39.724959,18.166044
47.281576,39.757079,47.230965,39.686521,20.186878
47.281576,39.757079,47.226262,39.73101,18.222946
47.281576,39.757079,47.256223,39.704661,9.3871
47.281576,39.757079,47.222052,39.715387,18.148945
47.281576,39.757079,47.297733,39.701845,9.3871
47.281576,39.757079,47.296659,39.717094,9.594876
47.281576,39.757079,47.21889,39.713986,18.66242
47.281576,39.757079,47.223083,39.698421,18.818653
47.281576,39.757079,47.222549,39.72163,18.166044
47.281576,39.757079,47.231065,39.75563,17.62167
47.281576,39.757079,47.284506,39.720996,8.005466
47.281576,39.757079,47.208051,39.634353,18.956623
47.281576,39.757079,47.252037,39.795119,9.598072
47.281576,39.757079,47.2102,39.693253,19.183918
47.281576,39.757079,47.252637,39.713811,9.38787
47.281576,39.757079,47.214527,39.618866,18.956623
47.281576,39.757079,47.25344,39.70265,9.184274
47.281576,39.757079,47.23422,39.601897,19.252
47.281576,39.757079,47.157576,39.548447,18.956623
47.281576,39.757079,47.225003,39.701557,18.69634
47.281576,39.757079,47.246689,39.768088,9.598072
47.281576,39.757079,47.192543,39.619834,18.956623
47.281576,39.757079,47.208258,39.655767,19.024849
47.281576,39.757079,47.269791,39.70937,9.592467
47.281576,39.757079,47.259806,39.797556,9.804712
47.281576,39.757079,47.220417,39.710437,18.675062
47.281576,39.757079,47.335456,39.726704,19.289896
47.281576,39.757079,47.264228,39.782109,8.005466
47.281576,39.757079,47.245067,39.768986,9.598072
47.281576,39.757079,47.235766,39.709952,17.428204
47.281576,39.757079,47.22715,39.697301,19.269705
47.281576,39.757079,47.351676,39.715568,19.663296
47.281576,39.757079,47.228341,39.750748,17.718975
47.281576,39.757079,47.25395,39.859736,18.950726
47.281576,39.757079,47.236558,39.808849,18.871695
47.281576,39.757079,47.255083,39.784906,9.598072
47.281576,39.757079,47.237471,39.683453,19.348854
47.281576,39.757079,47.292527,39.713823,9.594876
47.281576,39.757079,47.302238,39.733057,8.005466
47.281576,39.757079,47.300208,39.773554,7.996033
47.281576,39.757079,47.235766,39.709952,17.428204
47.281576,39.757079,47.247937,39.739602,9.598072
47.281576,39.757079,47.265936,39.666501,19.346472
47.281576,39.757079,47.279361,39.682489,20.00256
47.281576,39.757079,47.245582,39.768551,9.598072
47.281576,39.757079,47.235766,39.709952,17.428204
47.281576,39.757079,47.198113,39.631899,18.956623
47.281576,39.757079,47.247054,39.748018,9.598072
47.281576,39.757079,47.247697,39.772563,9.598072
47.281576,39.757079,47.28076,39.819036,9.804712
47.281576,39.757079,47.241503,39.774149,9.598072
47.281576,39.757079,47.218686,39.618666,19.385744
47.281576,39.757079,47.235766,39.709952,17.428204
47.281576,39.757079,47.221331,39.70597,18.779984
47.281576,39.757079,47.259644,39.77309,8.005466
47.281576,39.757079,47.220683,39.730255,18.072605
47.281576,39.757079,47.235766,39.709952,17.428204
47.281576,39.757079,47.237471,39.683453,19.348854
47.281576,39.757079,47.301125,39.719899,9.804712
47.281576,39.757079,47.236875,39.739626,9.598072
47.281576,39.757079,47.207524,39.630705,18.956623
47.281576,39.757079,47.282544,39.715706,7.7956305
47.281576,39.757079,47.280988,39.808406,9.804712
47.281576,39.757079,47.304403,39.642289,19.95601
47.281576,39.757079,47.291651,39.826587,18.602503
47.281576,39.757079,47.288683,39.696426,9.84505
47.281576,39.757079,47.350817,39.72822,19.721916
47.281576,39.757079,47.314746,39.776991,9.804712
47.235766,39.709952,47.21805,39.697207,7.294851
47.235766,39.709952,47.217621,39.707611,7.588879
47.235766,39.709952,47.221096,39.69097,8.529342
47.235766,39.709952,47.225482,39.717826,6.643821
47.235766,39.709952,47.255549,39.644401,19.666824
47.235766,39.709952,47.224904,39.711349,5.9790435
47.235766,39.709952,47.210328,39.692724,9.138217
47.235766,39.709952,47.233896,39.61461,17.452667
47.235766,39.709952,47.223208,39.697369,6.819083
47.235766,39.709952,47.218795,39.707842,7.8949013
47.235766,39.709952,47.252899,39.764581,9.536253
47.235766,39.709952,47.214927,39.705652,8.608323
47.235766,39.709952,47.273902,39.684949,9.493562
47.235766,39.709952,47.226024,39.729858,8.549851
47.235766,39.709952,47.229064,39.628654,17.789358
47.235766,39.709952,47.219161,39.705761,7.4715533
47.235766,39.709952,47.249401,39.735175,8.066222
47.235766,39.709952,47.245568,39.680052,7.72903
47.235766,39.709952,47.219812,39.715458,7.9307466
47.235766,39.709952,47.238981,39.694731,5.5618243
47.235766,39.709952,47.22192,39.724959,8.227023
47.235766,39.709952,47.230965,39.686521,7.9286666
47.235766,39.709952,47.226262,39.73101,8.549851
47.235766,39.709952,47.256223,39.704661,7.3504457
47.235766,39.709952,47.222052,39.715387,6.5384493
47.235766,39.709952,47.297733,39.701845,18.814566
47.235766,39.709952,47.296659,39.717094,18.711025
47.235766,39.709952,47.21889,39.713986,7.9307466
47.235766,39.709952,47.223083,39.698421,6.8146973
47.235766,39.709952,47.222549,39.72163,7.5035667
47.235766,39.709952,47.231065,39.75563,10.222333
47.235766,39.709952,47.284506,39.720996,18.427277
47.235766,39.709952,47.208051,39.634353,16.777367
47.235766,39.709952,47.252037,39.795119,17.835758
47.235766,39.709952,47.2102,39.693253,9.138217
47.235766,39.709952,47.252637,39.713811,7.47506
47.235766,39.709952,47.214527,39.618866,16.809233
47.235766,39.709952,47.25344,39.70265,7.0975976
47.235766,39.709952,47.23422,39.601897,18.576893
47.235766,39.709952,47.157576,39.548447,17.623934
47.235766,39.709952,47.225003,39.701557,5.8607807
47.235766,39.709952,47.246689,39.768088,9.536253
47.235766,39.709952,47.192543,39.619834,17.623934
47.235766,39.709952,47.208258,39.655767,10.327089
47.235766,39.709952,47.269791,39.70937,9.492501
47.235766,39.709952,47.259806,39.797556,18.79055
47.235766,39.709952,47.220417,39.710437,7.193211
47.235766,39.709952,47.335456,39.726704,19.593092
47.235766,39.709952,47.264228,39.782109,19.640368
47.235766,39.709952,47.245067,39.768986,9.536253
47.235766,39.709952,47.235766,39.709952,4.3991637
47.235766,39.709952,47.22715,39.697301,6.098241
47.235766,39.709952,47.351676,39.715568,19.467947
47.235766,39.709952,47.228341,39.750748,8.757812
47.235766,39.709952,47.25395,39.859736,18.878923
47.235766,39.709952,47.236558,39.808849,18.785763
47.235766,39.709952,47.255083,39.784906,16.894844
47.235766,39.709952,47.237471,39.683453,7.3626924
47.235766,39.709952,47.292527,39.713823,19.584167
47.235766,39.709952,47.302238,39.733057,19.507801
47.235766,39.709952,47.300208,39.773554,19.593092
47.235766,39.709952,47.281576,39.757079,18.631763
47.235766,39.709952,47.247937,39.739602,8.071732
47.235766,39.709952,47.265936,39.666501,9.493562
47.235766,39.709952,47.279361,39.682489,19.862944
47.235766,39.709952,47.245582,39.768551,9.536253
47.235766,39.709952,47.235766,39.709952,4.3991637
47.235766,39.709952,47.198113,39.631899,16.777367
47.235766,39.709952,47.247054,39.748018,8.071732
47.235766,39.709952,47.247697,39.772563,9.536253
47.235766,39.709952,47.28076,39.819036,19.593092
47.235766,39.709952,47.241503,39.774149,9.536253
47.235766,39.709952,47.218686,39.618666,17.261677
47.235766,39.709952,47.235766,39.709952,4.3991637
47.235766,39.709952,47.221331,39.70597,6.8146973
47.235766,39.709952,47.259644,39.77309,18.427277
47.235766,39.709952,47.220683,39.730255,8.577996
47.235766,39.709952,47.235766,39.709952,4.3991637
47.235766,39.709952,47.237471,39.683453,7.3626924
47.235766,39.709952,47.301125,39.719899,18.831871
47.235766,39.709952,47.236875,39.739626,8.066222
47.235766,39.709952,47.207524,39.630705,16.777367
47.235766,39.709952,47.282544,39.715706,18.578949
47.235766,39.709952,47.280988,39.808406,19.593092
47.235766,39.709952,47.304403,39.642289,19.364735
47.235766,39.709952,47.291651,39.826587,19.593092
47.235766,39.709952,47.288683,39.696426,19.501774
47.235766,39.709952,47.350817,39.72822,19.593092
47.235766,39.709952,47.314746,39.776991,19.593092
47.247937,39.739602,47.21805,39.697207,9.156925
47.247937,39.739602,47.217621,39.707611,10.200131
47.247937,39.739602,47.221096,39.69097,10.159103
47.247937,39.739602,47.225482,39.717826,8.825662
47.247937,39.739602,47.255549,39.644401,19.14843
47.247937,39.739602,47.224904,39.711349,9.853231
47.247937,39.739602,47.210328,39.692724,17.946024
47.247937,39.739602,47.233896,39.61461,19.016989
47.247937,39.739602,47.223208,39.697369,9.829646
47.247937,39.739602,47.218795,39.707842,10.234945
47.247937,39.739602,47.252899,39.764581,7.9053955
47.247937,39.739602,47.214927,39.705652,10.427537
47.247937,39.739602,47.273902,39.684949,9.742115
47.247937,39.739602,47.226024,39.729858,8.825662
47.247937,39.739602,47.229064,39.628654,19.487257
47.247937,39.739602,47.219161,39.705761,9.924352
47.247937,39.739602,47.249401,39.735175,4.664165
47.247937,39.739602,47.245568,39.680052,9.40128
47.247937,39.739602,47.219812,39.715458,10.237678
47.247937,39.739602,47.238981,39.694731,9.463285
47.247937,39.739602,47.22192,39.724959,8.692728
47.247937,39.739602,47.230965,39.686521,9.935234
47.247937,39.739602,47.226262,39.73101,8.817259
47.247937,39.739602,47.256223,39.704661,7.4509735
47.247937,39.739602,47.222052,39.715387,10.184613
47.247937,39.739602,47.297733,39.701845,20.976944
47.247937,39.739602,47.296659,39.717094,18.430952
47.247937,39.739602,47.21889,39.713986,10.237678
47.247937,39.739602,47.223083,39.698421,9.920678
47.247937,39.739602,47.222549,39.72163,8.692728
47.247937,39.739602,47.231065,39.75563,8.817259
47.247937,39.739602,47.284506,39.720996,9.832979
47.247937,39.739602,47.208051,39.634353,18.043343
47.247937,39.739602,47.252037,39.795119,9.620462
47.247937,39.739602,47.2102,39.693253,17.946024
47.247937,39.739602,47.252637,39.713811,7.5509667
47.247937,39.739602,47.214527,39.618866,18.043343
47.247937,39.739602,47.25344,39.70265,7.6010904
47.247937,39.739602,47.23422,39.601897,19.016989
47.247937,39.739602,47.157576,39.548447,18.043343
47.247937,39.739602,47.225003,39.701557,9.594007
47.247937,39.739602,47.246689,39.768088,8.147538
47.247937,39.739602,47.192543,39.619834,18.043343
47.247937,39.739602,47.208258,39.655767,18.072517
47.247937,39.739602,47.269791,39.70937,9.617131
47.247937,39.739602,47.259806,39.797556,9.832979
47.247937,39.739602,47.220417,39.710437,10.234945
47.247937,39.739602,47.335456,39.726704,19.784996
47.247937,39.739602,47.264228,39.782109,9.832979
47.247937,39.739602,47.245067,39.768986,8.147538
47.247937,39.739602,47.235766,39.709952,7.9398365
47.247937,39.739602,47.22715,39.697301,9.6590185
47.247937,39.739602,47.351676,39.715568,19.72139
47.247937,39.739602,47.228341,39.750748,8.817259
47.247937,39.739602,47.25395,39.859736,19.09351
47.247937,39.739602,47.236558,39.808849,17.016914
47.247937,39.739602,47.255083,39.784906,9.620462
47.247937,39.739602,47.237471,39.683453,9.40128
47.247937,39.739602,47.292527,39.713823,18.615675
47.247937,39.739602,47.302238,39.733057,18.369913
47.247937,39.739602,47.300208,39.773554,19.8072
47.247937,39.739602,47.281576,39.757079,9.832979
47.247937,39.739602,47.235766,39.709952,7.9398365
47.247937,39.739602,47.265936,39.666501,20.011717
47.247937,39.739602,47.279361,39.682489,19.720919
47.247937,39.739602,47.245582,39.768551,8.147538
47.247937,39.739602,47.235766,39.709952,7.9398365
47.247937,39.739602,47.198113,39.631899,18.043343
47.247937,39.739602,47.247054,39.748018,5.224683
47.247937,39.739602,47.247697,39.772563,8.147538
47.247937,39.739602,47.28076,39.819036,19.023209
47.247937,39.739602,47.241503,39.774149,8.155939
47.247937,39.739602,47.218686,39.618666,18.459532
47.247937,39.739602,47.235766,39.709952,7.9398365
47.247937,39.739602,47.221331,39.70597,9.920678
47.247937,39.739602,47.259644,39.77309,8.00963
47.247937,39.739602,47.220683,39.730255,8.745129
47.247937,39.739602,47.235766,39.709952,7.9398365
47.247937,39.739602,47.237471,39.683453,9.40128
47.247937,39.739602,47.301125,39.719899,18.657932
47.247937,39.739602,47.236875,39.739626,6.010472
47.247937,39.739602,47.207524,39.630705,18.043343
47.247937,39.739602,47.282544,39.715706,9.618876
47.247937,39.739602,47.280988,39.808406,19.8072
47.247937,39.739602,47.304403,39.642289,19.760572
47.247937,39.739602,47.291651,39.826587,19.784996
47.247937,39.739602,47.288683,39.696426,19.494898
47.247937,39.739602,47.350817,39.72822,19.784996
47.247937,39.739602,47.314746,39.776991,19.784996
47.265936,39.666501,47.21805,39.697207,18.298008
47.265936,39.666501,47.217621,39.707611,18.390541
47.265936,39.666501,47.221096,39.69097,20.844036
47.265936,39.666501,47.225482,39.717826,17.860832
47.265936,39.666501,47.255549,39.644401,7.327188
47.265936,39.666501,47.224904,39.711349,17.47203
47.265936,39.666501,47.210328,39.692724,18.463623
47.265936,39.666501,47.233896,39.61461,17.51984
47.265936,39.666501,47.223208,39.697369,18.335342
47.265936,39.666501,47.218795,39.707842,18.164207
47.265936,39.666501,47.252899,39.764581,18.566687
47.265936,39.666501,47.214927,39.705652,18.031046
47.265936,39.666501,47.273902,39.684949,6.5728045
47.265936,39.666501,47.226024,39.729858,18.583244
47.265936,39.666501,47.229064,39.628654,10.149888
47.265936,39.666501,47.219161,39.705761,18.054867
47.265936,39.666501,47.249401,39.735175,16.85598
47.265936,39.666501,47.245568,39.680052,7.5993257
47.265936,39.666501,47.219812,39.715458,19.22321
47.265936,39.666501,47.238981,39.694731,9.40931
47.265936,39.666501,47.22192,39.724959,18.215755
47.265936,39.666501,47.230965,39.686521,10.509944
47.265936,39.666501,47.226262,39.73101,18.583244
47.265936,39.666501,47.256223,39.704661,7.132624
47.265936,39.666501,47.222052,39.715387,18.141478
47.265936,39.666501,47.297733,39.701845,9.018061
47.265936,39.666501,47.296659,39.717094,9.170828
47.265936,39.666501,47.21889,39.713986,19.22321
47.265936,39.666501,47.223083,39.698421,18.687325
47.265936,39.666501,47.222549,39.72163,18.440107
47.265936,39.666501,47.231065,39.75563,19.382002
47.265936,39.666501,47.284506,39.720996,9.4774885
47.265936,39.666501,47.208051,39.634353,17.953127
47.265936,39.666501,47.252037,39.795119,18.68329
47.265936,39.666501,47.2102,39.693253,18.463623
47.265936,39.666501,47.252637,39.713811,8.894838
47.265936,39.666501,47.214527,39.618866,17.953127
47.265936,39.666501,47.25344,39.70265,7.1721706
47.265936,39.666501,47.23422,39.601897,17.140144
47.265936,39.666501,47.157576,39.548447,18.666662
47.265936,39.666501,47.225003,39.701557,18.312874
47.265936,39.666501,47.246689,39.768088,18.68329
47.265936,39.666501,47.192543,39.619834,18.666662
47.265936,39.666501,47.208258,39.655767,17.856888
47.265936,39.666501,47.269791,39.70937,7.3622694
47.265936,39.666501,47.259806,39.797556,19.500444
47.265936,39.666501,47.220417,39.710437,17.746046
47.265936,39.666501,47.335456,39.726704,19.500444
47.265936,39.666501,47.264228,39.782109,19.500444
47.265936,39.666501,47.245067,39.768986,18.68329
47.265936,39.666501,47.235766,39.709952,8.890156
47.265936,39.666501,47.22715,39.697301,9.51715
47.265936,39.666501,47.351676,39.715568,19.376945
47.265936,39.666501,47.228341,39.750748,19.382002
47.265936,39.666501,47.25395,39.859736,18.68329
47.265936,39.666501,47.236558,39.808849,18.68329
47.265936,39.666501,47.255083,39.784906,18.68329
47.265936,39.666501,47.237471,39.683453,9.301647
47.265936,39.666501,47.292527,39.713823,9.170828
47.265936,39.666501,47.302238,39.733057,18.914747
47.265936,39.666501,47.300208,39.773554,19.500444
47.265936,39.666501,47.281576,39.757079,18.741634
47.265936,39.666501,47.235766,39.709952,8.890156
47.265936,39.666501,47.247937,39.739602,17.03049
47.265936,39.666501,47.279361,39.682489,7.327188
47.265936,39.666501,47.245582,39.768551,18.68329
47.265936,39.666501,47.235766,39.709952,8.890156
47.265936,39.666501,47.198113,39.631899,18.666662
47.265936,39.666501,47.247054,39.748018,17.762432
47.265936,39.666501,47.247697,39.772563,18.68329
47.265936,39.666501,47.28076,39.819036,19.500444
47.265936,39.666501,47.241503,39.774149,18.68329
47.265936,39.666501,47.218686,39.618666,18.576897
47.265936,39.666501,47.235766,39.709952,8.890156
47.265936,39.666501,47.221331,39.70597,18.26252
47.265936,39.666501,47.259644,39.77309,19.500444
47.265936,39.666501,47.220683,39.730255,18.120161
47.265936,39.666501,47.235766,39.709952,8.890156
47.265936,39.666501,47.237471,39.683453,9.301647
47.265936,39.666501,47.301125,39.719899,18.221054
47.265936,39.666501,47.236875,39.739626,17.933397
47.265936,39.666501,47.207524,39.630705,17.953127
47.265936,39.666501,47.282544,39.715706,9.170828
47.265936,39.666501,47.280988,39.808406,19.500444
47.265936,39.666501,47.304403,39.642289,9.247969
47.265936,39.666501,47.291651,39.826587,19.500444
47.265936,39.666501,47.288683,39.696426,9.582407
47.265936,39.666501,47.350817,39.72822,19.500444
47.265936,39.666501,47.314746,39.776991,19.500444
47.279361,39.682489,47.21805,39.697207,18.078262
47.279361,39.682489,47.217621,39.707611,18.225622
47.279361,39.682489,47.221096,39.69097,19.100904
47.279361,39.682489,47.225482,39.717826,18.583244
47.279361,39.682489,47.255549,39.644401,9.595368
47.279361,39.682489,47.224904,39.711349,18.256342
47.279361,39.682489,47.210328,39.692724,19.093134
47.279361,39.682489,47.233896,39.61461,17.742512
47.279361,39.682489,47.223208,39.697369,19.766626
47.279361,39.682489,47.218795,39.707842,18.074102
47.279361,39.682489,47.252899,39.764581,17.762432
47.279361,39.682489,47.214927,39.705652,18.251886
47.279361,39.682489,47.273902,39.684949,5.2476125
47.279361,39.682489,47.226024,39.729858,18.583244
47.279361,39.682489,47.229064,39.628654,18.884941
47.279361,39.682489,47.219161,39.705761,18.15342
47.279361,39.682489,47.249401,39.735175,9.202058
47.279361,39.682489,47.245568,39.680052,9.301647
47.279361,39.682489,47.219812,39.715458,18.061533
47.279361,39.682489,47.238981,39.694731,9.40931
47.279361,39.682489,47.22192,39.724959,18.215755
47.279361,39.682489,47.230965,39.686521,19.98845
47.279361,39.682489,47.226262,39.73101,18.583244
47.279361,39.682489,47.256223,39.704661,7.132624
47.279361,39.682489,47.222052,39.715387,18.155964
47.279361,39.682489,47.297733,39.701845,7.1592436
47.279361,39.682489,47.296659,39.717094,7.3668466
47.279361,39.682489,47.21889,39.713986,18.061533
47.279361,39.682489,47.223083,39.698421,18.537966
47.279361,39.682489,47.222549,39.72163,18.215755
47.279361,39.682489,47.231065,39.75563,19.382002
47.279361,39.682489,47.284506,39.720996,7.6735077
47.279361,39.682489,47.208051,39.634353,18.666662
47.279361,39.682489,47.252037,39.795119,18.68329
47.279361,39.682489,47.2102,39.693253,19.093134
47.279361,39.682489,47.252637,39.713811,8.894838
47.279361,39.682489,47.214527,39.618866,18.666662
47.279361,39.682489,47.25344,39.70265,7.1721706
47.279361,39.682489,47.23422,39.601897,18.732758
47.279361,39.682489,47.157576,39.548447,18.666662
47.279361,39.682489,47.225003,39.701557,20.601326
47.279361,39.682489,47.246689,39.768088,18.566687
47.279361,39.682489,47.192543,39.619834,18.666662
47.279361,39.682489,47.208258,39.655767,18.993446
47.279361,39.682489,47.269791,39.70937,7.392791
47.279361,39.682489,47.259806,39.797556,19.500444
47.279361,39.682489,47.220417,39.710437,18.074102
47.279361,39.682489,47.335456,39.726704,18.741634
47.279361,39.682489,47.264228,39.782109,19.391436
47.279361,39.682489,47.245067,39.768986,18.566687
47.279361,39.682489,47.235766,39.709952,17.271461
47.279361,39.682489,47.22715,39.697301,18.227652
47.279361,39.682489,47.351676,39.715568,19.376945
47.279361,39.682489,47.228341,39.750748,19.382002
47.279361,39.682489,47.25395,39.859736,18.68329
47.279361,39.682489,47.236558,39.808849,18.68329
47.279361,39.682489,47.255083,39.784906,18.68329
47.279361,39.682489,47.237471,39.683453,9.301647
47.279361,39.682489,47.292527,39.713823,7.3668466
47.279361,39.682489,47.302238,39.733057,9.4774885
47.279361,39.682489,47.300208,39.773554,18.736101
47.279361,39.682489,47.281576,39.757079,18.221054
47.279361,39.682489,47.235766,39.709952,17.271461
47.279361,39.682489,47.247937,39.739602,16.85598
47.279361,39.682489,47.265936,39.666501,7.327188
47.279361,39.682489,47.245582,39.768551,18.566687
47.279361,39.682489,47.235766,39.709952,17.271461
47.279361,39.682489,47.198113,39.631899,18.666662
47.279361,39.682489,47.247054,39.748018,17.276083
47.279361,39.682489,47.247697,39.772563,18.566687
47.279361,39.682489,47.28076,39.819036,19.500444
47.279361,39.682489,47.241503,39.774149,18.68329
47.279361,39.682489,47.218686,39.618666,19.214565
47.279361,39.682489,47.235766,39.709952,17.271461
47.279361,39.682489,47.221331,39.70597,18.259542
47.279361,39.682489,47.259644,39.77309,18.741634
47.279361,39.682489,47.220683,39.730255,18.660587
47.279361,39.682489,47.235766,39.709952,17.271461
47.279361,39.682489,47.237471,39.683453,9.301647
47.279361,39.682489,47.301125,39.719899,9.4774885
47.279361,39.682489,47.236875,39.739626,17.933397
47.279361,39.682489,47.207524,39.630705,18.666662
47.279361,39.682489,47.282544,39.715706,7.405519
47.279361,39.682489,47.280988,39.808406,19.500444
47.279361,39.682489,47.304403,39.642289,9.247969
47.279361,39.682489,47.291651,39.826587,19.500444
47.279361,39.682489,47.288683,39.696426,5.7101917
47.279361,39.682489,47.350817,39.72822,19.500444
47.279361,39.682489,47.314746,39.776991,19.500444
47.245582,39.768551,47.21805,39.697207,17.760612
47.245582,39.768551,47.217621,39.707611,17.409073
47.245582,39.768551,47.221096,39.69097,17.787064
47.245582,39.768551,47.225482,39.717826,10.290183
47.245582,39.768551,47.255549,39.644401,19.904606
47.245582,39.768551,47.224904,39.711349,9.853231
47.245582,39.768551,47.210328,39.692724,17.409279
47.245582,39.768551,47.233896,39.61461,19.016989
47.245582,39.768551,47.223208,39.697369,17.77041
47.245582,39.768551,47.218795,39.707842,17.433401
47.245582,39.768551,47.252899,39.764581,6.1413374
47.245582,39.768551,47.214927,39.705652,17.433657
47.245582,39.768551,47.273902,39.684949,19.14843
47.245582,39.768551,47.226024,39.729858,10.290183
47.245582,39.768551,47.229064,39.628654,19.487257
47.245582,39.768551,47.219161,39.705761,17.605392
47.245582,39.768551,47.249401,39.735175,8.155939
47.245582,39.768551,47.245568,39.680052,18.133978
47.245582,39.768551,47.219812,39.715458,10.237678
47.245582,39.768551,47.238981,39.694731,18.060398
47.245582,39.768551,47.22192,39.724959,10.270529
47.245582,39.768551,47.230965,39.686521,19.075645
47.245582,39.768551,47.226262,39.73101,10.290183
47.245582,39.768551,47.256223,39.704661,9.411418
47.245582,39.768551,47.222052,39.715387,10.184613
47.245582,39.768551,47.297733,39.701845,19.718649
47.245582,39.768551,47.296659,39.717094,18.981396
47.245582,39.768551,47.21889,39.713986,10.237678
47.245582,39.768551,47.223083,39.698421,17.690166
47.245582,39.768551,47.222549,39.72163,10.270529
47.245582,39.768551,47.231065,39.75563,8.574596
47.245582,39.768551,47.284506,39.720996,18.452948
47.245582,39.768551,47.208051,39.634353,18.043343
47.245582,39.768551,47.252037,39.795119,8.040352
47.245582,39.768551,47.2102,39.693253,17.409279
47.245582,39.768551,47.252637,39.713811,9.405992
47.245582,39.768551,47.214527,39.618866,18.043343
47.245582,39.768551,47.25344,39.70265,9.202707
47.245582,39.768551,47.23422,39.601897,19.016989
47.245582,39.768551,47.157576,39.548447,18.043343
47.245582,39.768551,47.225003,39.701557,17.608507
47.245582,39.768551,47.246689,39.768088,4.664165
47.245582,39.768551,47.192543,39.619834,18.043343
47.245582,39.768551,47.208258,39.655767,18.10799
47.245582,39.768551,47.269791,39.70937,18.630299
47.245582,39.768551,47.259806,39.797556,8.00963
47.245582,39.768551,47.220417,39.710437,18.030647
47.245582,39.768551,47.335456,39.726704,19.784996
47.245582,39.768551,47.264228,39.782109,8.001227
47.245582,39.768551,47.245067,39.768986,4.664165
47.245582,39.768551,47.235766,39.709952,9.404364
47.245582,39.768551,47.22715,39.697301,17.867725
47.245582,39.768551,47.351676,39.715568,19.72139
47.245582,39.768551,47.228341,39.750748,8.817259
47.245582,39.768551,47.25395,39.859736,18.092318
47.245582,39.768551,47.236558,39.808849,8.155939
47.245582,39.768551,47.255083,39.784906,7.194117
47.245582,39.768551,47.237471,39.683453,18.133978
47.245582,39.768551,47.292527,39.713823,18.981396
47.245582,39.768551,47.302238,39.733057,19.023209
47.245582,39.768551,47.300208,39.773554,18.369913
47.245582,39.768551,47.281576,39.757079,9.832979
47.245582,39.768551,47.235766,39.709952,9.404364
47.245582,39.768551,47.247937,39.739602,8.147538
47.245582,39.768551,47.265936,39.666501,19.904606
47.245582,39.768551,47.279361,39.682489,19.86383
47.245582,39.768551,47.235766,39.709952,9.404364
47.245582,39.768551,47.198113,39.631899,18.043343
47.245582,39.768551,47.247054,39.748018,6.032305
47.245582,39.768551,47.247697,39.772563,4.664165
47.245582,39.768551,47.28076,39.819036,18.452948
47.245582,39.768551,47.241503,39.774149,5.224683
47.245582,39.768551,47.218686,39.618666,18.459532
47.245582,39.768551,47.235766,39.709952,9.404364
47.245582,39.768551,47.221331,39.70597,17.59582
47.245582,39.768551,47.259644,39.77309,7.0482755
47.245582,39.768551,47.220683,39.730255,10.322931
47.245582,39.768551,47.235766,39.709952,9.404364
47.245582,39.768551,47.237471,39.683453,18.133978
47.245582,39.768551,47.301125,39.719899,19.023209
47.245582,39.768551,47.236875,39.739626,8.147538
47.245582,39.768551,47.207524,39.630705,18.043343
47.245582,39.768551,47.282544,39.715706,18.430952
47.245582,39.768551,47.280988,39.808406,9.832979
47.245582,39.768551,47.304403,39.642289,19.760572
47.245582,39.768551,47.291651,39.826587,19.023209
47.245582,39.768551,47.288683,39.696426,19.102915
47.245582,39.768551,47.350817,39.72822,19.784996
47.245582,39.768551,47.314746,39.776991,19.741207
47.235766,39.709952,47.21805,39.697207,7.294851
47.235766,39.709952,47.217621,39.707611,7.588879
47.235766,39.709952,47.221096,39.69097,8.529342
47.235766,39.709952,47.225482,39.717826,6.643821
47.235766,39.709952,47.255549,39.644401,19.666824
47.235766,39.709952,47.224904,39.711349,5.9790435
47.235766,39.709952,47.210328,39.692724,9.138217
47.235766,39.709952,47.233896,39.61461,17.452667
47.235766,39.709952,47.223208,39.697369,6.819083
47.235766,39.709952,47.218795,39.707842,7.8949013
47.235766,39.709952,47.252899,39.764581,9.536253
47.235766,39.709952,47.214927,39.705652,8.608323
47.235766,39.709952,47.273902,39.684949,9.493562
47.235766,39.709952,47.226024,39.729858,8.549851
47.235766,39.709952,47.229064,39.628654,17.789358
47.235766,39.709952,47.219161,39.705761,7.4715533
47.235766,39.709952,47.249401,39.735175,8.066222
47.235766,39.709952,47.245568,39.680052,7.72903
47.235766,39.709952,47.219812,39.715458,7.9307466
47.235766,39.709952,47.238981,39.694731,5.5618243
47.235766,39.709952,47.22192,39.724959,8.227023
47.235766,39.709952,47.230965,39.686521,7.9286666
47.235766,39.709952,47.226262,39.73101,8.549851
47.235766,39.709952,47.256223,39.704661,7.3504457
47.235766,39.709952,47.222052,39.715387,6.5384493
47.235766,39.709952,47.297733,39.701845,18.814566
47.235766,39.709952,47.296659,39.717094,18.711025
47.235766,39.709952,47.21889,39.713986,7.9307466
47.235766,39.709952,47.223083,39.698421,6.8146973
47.235766,39.709952,47.222549,39.72163,7.5035667
47.235766,39.709952,47.231065,39.75563,10.222333
47.235766,39.709952,47.284506,39.720996,18.427277
47.235766,39.709952,47.208051,39.634353,16.777367
47.235766,39.709952,47.252037,39.795119,17.835758
47.235766,39.709952,47.2102,39.693253,9.138217
47.235766,39.709952,47.252637,39.713811,7.47506
47.235766,39.709952,47.214527,39.618866,16.809233
47.235766,39.709952,47.25344,39.70265,7.0975976
47.235766,39.709952,47.23422,39.601897,18.576893
47.235766,39.709952,47.157576,39.548447,17.623934
47.235766,39.709952,47.225003,39.701557,5.8607807
47.235766,39.709952,47.246689,39.768088,9.536253
47.235766,39.709952,47.192543,39.619834,17.623934
47.235766,39.709952,47.208258,39.655767,10.327089
47.235766,39.709952,47.269791,39.70937,9.492501
47.235766,39.709952,47.259806,39.797556,18.79055
47.235766,39.709952,47.220417,39.710437,7.193211
47.235766,39.709952,47.335456,39.726704,19.593092
47.235766,39.709952,47.264228,39.782109,19.640368
47.235766,39.709952,47.245067,39.768986,9.536253
47.235766,39.709952,47.235766,39.709952,4.3991637
47.235766,39.709952,47.22715,39.697301,6.098241
47.235766,39.709952,47.351676,39.715568,19.467947
47.235766,39.709952,47.228341,39.750748,8.757812
47.235766,39.709952,47.25395,39.859736,18.878923
47.235766,39.709952,47.236558,39.808849,18.785763
47.235766,39.709952,47.255083,39.784906,16.894844
47.235766,39.709952,47.237471,39.683453,7.3626924
47.235766,39.709952,47.292527,39.713823,19.584167
47.235766,39.709952,47.302238,39.733057,19.507801
47.235766,39.709952,47.300208,39.773554,19.593092
47.235766,39.709952,47.281576,39.757079,18.631763
47.235766,39.709952,47.235766,39.709952,4.3991637
47.235766,39.709952,47.247937,39.739602,8.071732
47.235766,39.709952,47.265936,39.666501,9.493562
47.235766,39.709952,47.279361,39.682489,19.862944
47.235766,39.709952,47.245582,39.768551,9.536253
47.235766,39.709952,47.198113,39.631899,16.777367
47.235766,39.709952,47.247054,39.748018,8.071732
47.235766,39.709952,47.247697,39.772563,9.536253
47.235766,39.709952,47.28076,39.819036,19.593092
47.235766,39.709952,47.241503,39.774149,9.536253
47.235766,39.709952,47.218686,39.618666,17.261677
47.235766,39.709952,47.235766,39.709952,4.3991637
47.235766,39.709952,47.221331,39.70597,6.8146973
47.235766,39.709952,47.259644,39.77309,18.427277
47.235766,39.709952,47.220683,39.730255,8.577996
47.235766,39.709952,47.235766,39.709952,4.3991637
47.235766,39.709952,47.237471,39.683453,7.3626924
47.235766,39.709952,47.301125,39.719899,18.831871
47.235766,39.709952,47.236875,39.739626,8.066222
47.235766,39.709952,47.207524,39.630705,16.777367
47.235766,39.709952,47.282544,39.715706,18.578949
47.235766,39.709952,47.280988,39.808406,19.593092
47.235766,39.709952,47.304403,39.642289,19.364735
47.235766,39.709952,47.291651,39.826587,19.593092
47.235766,39.709952,47.288683,39.696426,19.501774
47.235766,39.709952,47.350817,39.72822,19.593092
47.235766,39.709952,47.314746,39.776991,19.593092
47.198113,39.631899,47.21805,39.697207,13.604616
47.198113,39.631899,47.217621,39.707611,13.425596
47.198113,39.631899,47.221096,39.69097,7.9058957
47.198113,39.631899,47.225482,39.717826,14.192076
47.198113,39.631899,47.255549,39.644401,18.731686
47.198113,39.631899,47.224904,39.711349,13.889183
47.198113,39.631899,47.210328,39.692724,7.629553
47.198113,39.631899,47.233896,39.61461,8.616163
47.198113,39.631899,47.223208,39.697369,14.298287
47.198113,39.631899,47.218795,39.707842,13.488418
47.198113,39.631899,47.252899,39.764581,16.44484
47.198113,39.631899,47.214927,39.705652,13.520688
47.198113,39.631899,47.273902,39.684949,19.950434
47.198113,39.631899,47.226024,39.729858,15.118485
47.198113,39.631899,47.229064,39.628654,7.4293222
47.198113,39.631899,47.219161,39.705761,13.699731
47.198113,39.631899,47.249401,39.735175,16.44484
47.198113,39.631899,47.245568,39.680052,15.525948
47.198113,39.631899,47.219812,39.715458,13.586778
47.198113,39.631899,47.238981,39.694731,15.351688
47.198113,39.631899,47.22192,39.724959,14.412719
47.198113,39.631899,47.230965,39.686521,14.4749155
47.198113,39.631899,47.226262,39.73101,15.118485
47.198113,39.631899,47.256223,39.704661,20.037798
47.198113,39.631899,47.222052,39.715387,13.797297
47.198113,39.631899,47.297733,39.701845,20.037798
47.198113,39.631899,47.296659,39.717094,19.935347
47.198113,39.631899,47.21889,39.713986,13.586778
47.198113,39.631899,47.223083,39.698421,13.976289
47.198113,39.631899,47.222549,39.72163,13.844249
47.198113,39.631899,47.231065,39.75563,15.118485
47.198113,39.631899,47.284506,39.720996,19.995638
47.198113,39.631899,47.208051,39.634353,5.157402
47.198113,39.631899,47.252037,39.795119,16.44484
47.198113,39.631899,47.2102,39.693253,7.629553
47.198113,39.631899,47.252637,39.713811,16.370726
47.198113,39.631899,47.214527,39.618866,6.8771944
47.198113,39.631899,47.25344,39.70265,16.461573
47.198113,39.631899,47.23422,39.601897,8.616163
47.198113,39.631899,47.157576,39.548447,13.153577
47.198113,39.631899,47.225003,39.701557,14.19415
47.198113,39.631899,47.246689,39.768088,16.44484
47.198113,39.631899,47.192543,39.619834,5.157402
47.198113,39.631899,47.208258,39.655767,6.9140854
47.198113,39.631899,47.269791,39.70937,19.956453
47.198113,39.631899,47.259806,39.797556,19.995638
47.198113,39.631899,47.220417,39.710437,13.727783
47.198113,39.631899,47.335456,39.726704,19.995638
47.198113,39.631899,47.264228,39.782109,19.995638
47.198113,39.631899,47.245067,39.768986,16.44484
47.198113,39.631899,47.235766,39.709952,15.4889
47.198113,39.631899,47.22715,39.697301,14.496303
47.198113,39.631899,47.351676,39.715568,19.935347
47.198113,39.631899,47.228341,39.750748,15.118485
47.198113,39.631899,47.25395,39.859736,16.44484
47.198113,39.631899,47.236558,39.808849,16.44484
47.198113,39.631899,47.255083,39.784906,16.44484
47.198113,39.631899,47.237471,39.683453,15.868023
47.198113,39.631899,47.292527,39.713823,19.935347
47.198113,39.631899,47.302238,39.733057,19.995638
47.198113,39.631899,47.300208,39.773554,19.995638
47.198113,39.631899,47.281576,39.757079,19.995638
47.198113,39.631899,47.235766,39.709952,15.4889
47.198113,39.631899,47.247937,39.739602,16.44484
47.198113,39.631899,47.265936,39.666501,19.950434
47.198113,39.631899,47.279361,39.682489,19.950434
47.198113,39.631899,47.245582,39.768551,16.44484
47.198113,39.631899,47.235766,39.709952,15.4889
47.198113,39.631899,47.247054,39.748018,16.44484
47.198113,39.631899,47.247697,39.772563,16.44484
47.198113,39.631899,47.28076,39.819036,19.995638
47.198113,39.631899,47.241503,39.774149,16.44484
47.198113,39.631899,47.218686,39.618666,6.390094
47.198113,39.631899,47.235766,39.709952,15.4889
47.198113,39.631899,47.221331,39.70597,14.206029
47.198113,39.631899,47.259644,39.77309,19.995638
47.198113,39.631899,47.220683,39.730255,14.178995
47.198113,39.631899,47.235766,39.709952,15.4889
47.198113,39.631899,47.237471,39.683453,15.868023
47.198113,39.631899,47.301125,39.719899,19.995638
47.198113,39.631899,47.236875,39.739626,16.44484
47.198113,39.631899,47.207524,39.630705,5.1440578
47.198113,39.631899,47.282544,39.715706,19.935347
47.198113,39.631899,47.280988,39.808406,19.995638
47.198113,39.631899,47.304403,39.642289,19.375486
47.198113,39.631899,47.291651,39.826587,19.995638
47.198113,39.631899,47.288683,39.696426,19.932438
47.198113,39.631899,47.350817,39.72822,19.995638
47.198113,39.631899,47.314746,39.776991,19.995638
47.247054,39.748018,47.21805,39.697207,9.156925
47.247054,39.748018,47.217621,39.707611,10.200131
47.247054,39.748018,47.221096,39.69097,10.159103
47.247054,39.748018,47.225482,39.717826,10.290183
47.247054,39.748018,47.255549,39.644401,19.904606
47.247054,39.748018,47.224904,39.711349,9.853231
47.247054,39.748018,47.210328,39.692724,18.12223
47.247054,39.748018,47.233896,39.61461,19.016989
47.247054,39.748018,47.223208,39.697369,9.829646
47.247054,39.748018,47.218795,39.707842,10.234945
47.247054,39.748018,47.252899,39.764581,6.0856833
47.247054,39.748018,47.214927,39.705652,10.427537
47.247054,39.748018,47.273902,39.684949,19.720919
47.247054,39.748018,47.226024,39.729858,8.825662
47.247054,39.748018,47.229064,39.628654,19.487257
47.247054,39.748018,47.219161,39.705761,9.924352
47.247054,39.748018,47.249401,39.735175,5.8861732
47.247054,39.748018,47.245568,39.680052,9.40128
47.247054,39.748018,47.219812,39.715458,10.237678
47.247054,39.748018,47.238981,39.694731,9.463285
47.247054,39.748018,47.22192,39.724959,8.692728
47.247054,39.748018,47.230965,39.686521,9.935234
47.247054,39.748018,47.226262,39.73101,8.825662
47.247054,39.748018,47.256223,39.704661,9.411418
47.247054,39.748018,47.222052,39.715387,10.184613
47.247054,39.748018,47.297733,39.701845,19.073208
47.247054,39.748018,47.296659,39.717094,18.346884
47.247054,39.748018,47.21889,39.713986,10.237678
47.247054,39.748018,47.223083,39.698421,9.920678
47.247054,39.748018,47.222549,39.72163,10.270529
47.247054,39.748018,47.231065,39.75563,8.574596
47.247054,39.748018,47.284506,39.720996,9.832979
47.247054,39.748018,47.208051,39.634353,18.043343
47.247054,39.748018,47.252037,39.795119,9.620462
47.247054,39.748018,47.2102,39.693253,18.12223
47.247054,39.748018,47.252637,39.713811,7.9414644
47.247054,39.748018,47.214527,39.618866,18.043343
47.247054,39.748018,47.25344,39.70265,9.202707
47.247054,39.748018,47.23422,39.601897,19.016989
47.247054,39.748018,47.157576,39.548447,18.043343
47.247054,39.748018,47.225003,39.701557,9.594007
47.247054,39.748018,47.246689,39.768088,6.032305
47.247054,39.748018,47.192543,39.619834,18.043343
47.247054,39.748018,47.208258,39.655767,18.10799
47.247054,39.748018,47.269791,39.70937,9.617131
47.247054,39.748018,47.259806,39.797556,9.832979
47.247054,39.748018,47.220417,39.710437,10.234945
47.247054,39.748018,47.335456,39.726704,19.784996
47.247054,39.748018,47.264228,39.782109,8.00963
47.247054,39.748018,47.245067,39.768986,7.194117
47.247054,39.748018,47.235766,39.709952,7.9398365
47.247054,39.748018,47.22715,39.697301,9.6590185
47.247054,39.748018,47.351676,39.715568,19.72139
47.247054,39.748018,47.228341,39.750748,8.709353
47.247054,39.748018,47.25395,39.859736,19.09351
47.247054,39.748018,47.236558,39.808849,9.620462
47.247054,39.748018,47.255083,39.784906,8.155939
47.247054,39.748018,47.237471,39.683453,9.40128
47.247054,39.748018,47.292527,39.713823,18.430952
47.247054,39.748018,47.302238,39.733057,20.591778
47.247054,39.748018,47.300208,39.773554,20.591778
47.247054,39.748018,47.281576,39.757079,9.832979
47.247054,39.748018,47.235766,39.709952,7.9398365
47.247054,39.748018,47.247937,39.739602,5.224683
47.247054,39.748018,47.265936,39.666501,19.14843
47.247054,39.748018,47.279361,39.682489,20.011957
47.247054,39.748018,47.245582,39.768551,6.032305
47.247054,39.748018,47.235766,39.709952,7.9398365
47.247054,39.748018,47.198113,39.631899,18.043343
47.247054,39.748018,47.247697,39.772563,7.9053955
47.247054,39.748018,47.28076,39.819036,19.023209
47.247054,39.748018,47.241503,39.774149,7.9053955
47.247054,39.748018,47.218686,39.618666,18.459532
47.247054,39.748018,47.235766,39.709952,7.9398365
47.247054,39.748018,47.221331,39.70597,9.920678
47.247054,39.748018,47.259644,39.77309,8.001227
47.247054,39.748018,47.220683,39.730255,8.745129
47.247054,39.748018,47.235766,39.709952,7.9398365
47.247054,39.748018,47.237471,39.683453,9.40128
47.247054,39.748018,47.301125,39.719899,19.352512
47.247054,39.748018,47.236875,39.739626,6.010472
47.247054,39.748018,47.207524,39.630705,18.043343
47.247054,39.748018,47.282544,39.715706,9.618876
47.247054,39.748018,47.280988,39.808406,18.597061
47.247054,39.748018,47.304403,39.642289,19.760572
47.247054,39.748018,47.291651,39.826587,19.741207
47.247054,39.748018,47.288683,39.696426,19.545788
47.247054,39.748018,47.350817,39.72822,19.784996
47.247054,39.748018,47.314746,39.776991,19.741207
47.247697,39.772563,47.21805,39.697207,17.6801
47.247697,39.772563,47.217621,39.707611,17.495728
47.247697,39.772563,47.221096,39.69097,18.049528
47.247697,39.772563,47.225482,39.717826,10.290183
47.247697,39.772563,47.255549,39.644401,19.904606
47.247697,39.772563,47.224904,39.711349,17.902262
47.247697,39.772563,47.210328,39.692724,17.445433
47.247697,39.772563,47.233896,39.61461,19.016989
47.247697,39.772563,47.223208,39.697369,19.7312
47.247697,39.772563,47.218795,39.707842,17.523256
47.247697,39.772563,47.252899,39.764581,6.2144756
47.247697,39.772563,47.214927,39.705652,20.127138
47.247697,39.772563,47.273902,39.684949,19.14843
47.247697,39.772563,47.226024,39.729858,10.290183
47.247697,39.772563,47.229064,39.628654,19.487257
47.247697,39.772563,47.219161,39.705761,17.46416
47.247697,39.772563,47.249401,39.735175,8.155939
47.247697,39.772563,47.245568,39.680052,18.133978
47.247697,39.772563,47.219812,39.715458,18.011786
47.247697,39.772563,47.238981,39.694731,18.099882
47.247697,39.772563,47.22192,39.724959,10.270529
47.247697,39.772563,47.230965,39.686521,18.609652
47.247697,39.772563,47.226262,39.73101,10.290183
47.247697,39.772563,47.256223,39.704661,18.920502
47.247697,39.772563,47.222052,39.715387,10.184613
47.247697,39.772563,47.297733,39.701845,19.718649
47.247697,39.772563,47.296659,39.717094,18.981396
47.247697,39.772563,47.21889,39.713986,17.41473
47.247697,39.772563,47.223083,39.698421,20.35085
47.247697,39.772563,47.222549,39.72163,10.270529
47.247697,39.772563,47.231065,39.75563,8.817259
47.247697,39.772563,47.284506,39.720996,18.452948
47.247697,39.772563,47.208051,39.634353,18.043343
47.247697,39.772563,47.252037,39.795119,7.9053955
47.247697,39.772563,47.2102,39.693253,17.445433
47.247697,39.772563,47.252637,39.713811,9.405992
47.247697,39.772563,47.214527,39.618866,18.043343
47.247697,39.772563,47.25344,39.70265,17.735088
47.247697,39.772563,47.23422,39.601897,19.016989
47.247697,39.772563,47.157576,39.548447,18.043343
47.247697,39.772563,47.225003,39.701557,17.727064
47.247697,39.772563,47.246689,39.768088,4.664165
47.247697,39.772563,47.192543,39.619834,18.043343
47.247697,39.772563,47.208258,39.655767,18.10799
47.247697,39.772563,47.269791,39.70937,18.630299
47.247697,39.772563,47.259806,39.797556,8.001227
47.247697,39.772563,47.220417,39.710437,17.433401
47.247697,39.772563,47.335456,39.726704,19.784996
47.247697,39.772563,47.264228,39.782109,7.7602572
47.247697,39.772563,47.245067,39.768986,4.664165
47.247697,39.772563,47.235766,39.709952,9.404364
47.247697,39.772563,47.22715,39.697301,18.249516
47.247697,39.772563,47.351676,39.715568,19.72139
47.247697,39.772563,47.228341,39.750748,8.825662
47.247697,39.772563,47.25395,39.859736,18.092318
47.247697,39.772563,47.236558,39.808849,8.155939
47.247697,39.772563,47.255083,39.784906,6.010472
47.247697,39.772563,47.237471,39.683453,18.133978
47.247697,39.772563,47.292527,39.713823,18.981396
47.247697,39.772563,47.302238,39.733057,19.023209
47.247697,39.772563,47.300208,39.773554,18.597061
47.247697,39.772563,47.281576,39.757079,9.832979
47.247697,39.772563,47.235766,39.709952,9.404364
47.247697,39.772563,47.247937,39.739602,8.147538
47.247697,39.772563,47.265936,39.666501,19.904606
47.247697,39.772563,47.279361,39.682489,19.86383
47.247697,39.772563,47.245582,39.768551,4.664165
47.247697,39.772563,47.235766,39.709952,9.404364
47.247697,39.772563,47.198113,39.631899,18.043343
47.247697,39.772563,47.247054,39.748018,7.9053955
47.247697,39.772563,47.28076,39.819036,9.832979
47.247697,39.772563,47.241503,39.774149,5.224683
47.247697,39.772563,47.218686,39.618666,18.459532
47.247697,39.772563,47.235766,39.709952,9.404364
47.247697,39.772563,47.221331,39.70597,17.690166
47.247697,39.772563,47.259644,39.77309,5.9626756
47.247697,39.772563,47.220683,39.730255,10.322931
47.247697,39.772563,47.235766,39.709952,9.404364
47.247697,39.772563,47.237471,39.683453,18.133978
47.247697,39.772563,47.301125,39.719899,19.023209
47.247697,39.772563,47.236875,39.739626,8.155939
47.247697,39.772563,47.207524,39.630705,18.043343
47.247697,39.772563,47.282544,39.715706,18.576218
47.247697,39.772563,47.280988,39.808406,9.832979
47.247697,39.772563,47.304403,39.642289,19.760572
47.247697,39.772563,47.291651,39.826587,19.641834
47.247697,39.772563,47.288683,39.696426,19.153547
47.247697,39.772563,47.350817,39.72822,19.784996
47.247697,39.772563,47.314746,39.776991,19.741207
47.28076,39.819036,47.21805,39.697207,18.607786
47.28076,39.819036,47.217621,39.707611,18.915691
47.28076,39.819036,47.221096,39.69097,19.760513
47.28076,39.819036,47.225482,39.717826,19.457134
47.28076,39.819036,47.255549,39.644401,20.100044
47.28076,39.819036,47.224904,39.711349,18.70519
47.28076,39.819036,47.210328,39.692724,19.183918
47.28076,39.819036,47.233896,39.61461,19.252
47.28076,39.819036,47.223208,39.697369,18.786114
47.28076,39.819036,47.218795,39.707842,18.712652
47.28076,39.819036,47.252899,39.764581,9.598072
47.28076,39.819036,47.214927,39.705652,18.42519
47.28076,39.819036,47.273902,39.684949,20.100044
47.28076,39.819036,47.226024,39.729858,19.457134
47.28076,39.819036,47.229064,39.628654,20.090113
47.28076,39.819036,47.219161,39.705761,18.696592
47.28076,39.819036,47.249401,39.735175,17.993765
47.28076,39.819036,47.245568,39.680052,19.39603
47.28076,39.819036,47.219812,39.715458,18.70001
47.28076,39.819036,47.238981,39.694731,19.463522
47.28076,39.819036,47.22192,39.724959,18.84336
47.28076,39.819036,47.230965,39.686521,20.234055
47.28076,39.819036,47.226262,39.73101,19.457134
47.28076,39.819036,47.256223,39.704661,19.687857
47.28076,39.819036,47.222052,39.715387,18.785763
47.28076,39.819036,47.297733,39.701845,19.687857
47.28076,39.819036,47.296659,39.717094,19.663296
47.28076,39.819036,47.21889,39.713986,18.70001
47.28076,39.819036,47.223083,39.698421,18.818653
47.28076,39.819036,47.222549,39.72163,18.84336
47.28076,39.819036,47.231065,39.75563,18.558931
47.28076,39.819036,47.284506,39.720996,19.67966
47.28076,39.819036,47.208051,39.634353,18.956623
47.28076,39.819036,47.252037,39.795119,9.598072
47.28076,39.819036,47.2102,39.693253,19.183918
47.28076,39.819036,47.252637,39.713811,18.88123
47.28076,39.819036,47.214527,39.618866,18.956623
47.28076,39.819036,47.25344,39.70265,18.909975
47.28076,39.819036,47.23422,39.601897,19.252
47.28076,39.819036,47.157576,39.548447,18.956623
47.28076,39.819036,47.225003,39.701557,18.743822
47.28076,39.819036,47.246689,39.768088,17.07517
47.28076,39.819036,47.192543,39.619834,18.956623
47.28076,39.819036,47.208258,39.655767,19.024849
47.28076,39.819036,47.269791,39.70937,19.671694
47.28076,39.819036,47.259806,39.797556,8.005466
47.28076,39.819036,47.220417,39.710437,18.712652
47.28076,39.819036,47.335456,39.726704,19.721916
47.28076,39.819036,47.264228,39.782109,9.804712
47.28076,39.819036,47.245067,39.768986,17.07517
47.28076,39.819036,47.235766,39.709952,18.88975
47.28076,39.819036,47.22715,39.697301,19.317186
47.28076,39.819036,47.351676,39.715568,19.663296
47.28076,39.819036,47.228341,39.750748,19.40728
47.28076,39.819036,47.25395,39.859736,9.598072
47.28076,39.819036,47.236558,39.808849,9.598072
47.28076,39.819036,47.255083,39.784906,9.598072
47.28076,39.819036,47.237471,39.683453,19.39603
47.28076,39.819036,47.292527,39.713823,19.663296
47.28076,39.819036,47.302238,39.733057,18.95979
47.28076,39.819036,47.300208,39.773554,9.804712
47.28076,39.819036,47.281576,39.757079,9.804712
47.28076,39.819036,47.235766,39.709952,18.88975
47.28076,39.819036,47.247937,39.739602,17.993765
47.28076,39.819036,47.265936,39.666501,20.100044
47.28076,39.819036,47.279361,39.682489,20.100044
47.28076,39.819036,47.245582,39.768551,17.07517
47.28076,39.819036,47.235766,39.709952,18.88975
47.28076,39.819036,47.198113,39.631899,18.956623
47.28076,39.819036,47.247054,39.748018,17.993765
47.28076,39.819036,47.247697,39.772563,9.598072
47.28076,39.819036,47.241503,39.774149,17.07517
47.28076,39.819036,47.218686,39.618666,19.385744
47.28076,39.819036,47.235766,39.709952,18.88975
47.28076,39.819036,47.221331,39.70597,18.818653
47.28076,39.819036,47.259644,39.77309,9.804712
47.28076,39.819036,47.220683,39.730255,18.756556
47.28076,39.819036,47.235766,39.709952,18.88975
47.28076,39.819036,47.237471,39.683453,19.39603
47.28076,39.819036,47.301125,39.719899,19.67966
47.28076,39.819036,47.236875,39.739626,18.900871
47.28076,39.819036,47.207524,39.630705,18.956623
47.28076,39.819036,47.282544,39.715706,19.621037
47.28076,39.819036,47.280988,39.808406,6.0708013
47.28076,39.819036,47.304403,39.642289,19.95601
47.28076,39.819036,47.291651,39.826587,5.9455924
47.28076,39.819036,47.288683,39.696426,20.053755
47.28076,39.819036,47.350817,39.72822,19.721916
47.28076,39.819036,47.314746,39.776991,9.804712
47.241503,39.774149,47.21805,39.697207,18.94504
47.241503,39.774149,47.217621,39.707611,17.409073
47.241503,39.774149,47.221096,39.69097,18.049528
47.241503,39.774149,47.225482,39.717826,10.290183
47.241503,39.774149,47.255549,39.644401,19.904606
47.241503,39.774149,47.224904,39.711349,9.853231
47.241503,39.774149,47.210328,39.692724,17.409279
47.241503,39.774149,47.233896,39.61461,19.016989
47.241503,39.774149,47.223208,39.697369,18.132072
47.241503,39.774149,47.218795,39.707842,17.433401
47.241503,39.774149,47.252899,39.764581,6.0856833
47.241503,39.774149,47.214927,39.705652,17.303484
47.241503,39.774149,47.273902,39.684949,19.86383
47.241503,39.774149,47.226024,39.729858,10.290183
47.241503,39.774149,47.229064,39.628654,19.487257
47.241503,39.774149,47.219161,39.705761,17.605392
47.241503,39.774149,47.249401,39.735175,8.155939
47.241503,39.774149,47.245568,39.680052,18.133978
47.241503,39.774149,47.219812,39.715458,10.237678
47.241503,39.774149,47.238981,39.694731,18.099882
47.241503,39.774149,47.22192,39.724959,10.270529
47.241503,39.774149,47.230965,39.686521,18.609652
47.241503,39.774149,47.226262,39.73101,10.290183
47.241503,39.774149,47.256223,39.704661,18.733662
47.241503,39.774149,47.222052,39.715387,10.184613
47.241503,39.774149,47.297733,39.701845,19.759428
47.241503,39.774149,47.296659,39.717094,19.6776
47.241503,39.774149,47.21889,39.713986,10.237678
47.241503,39.774149,47.223083,39.698421,17.454586
47.241503,39.774149,47.222549,39.72163,10.270529
47.241503,39.774149,47.231065,39.75563,8.574596
47.241503,39.774149,47.284506,39.720996,20.591778
47.241503,39.774149,47.208051,39.634353,18.043343
47.241503,39.774149,47.252037,39.795119,7.9053955
47.241503,39.774149,47.2102,39.693253,17.409279
47.241503,39.774149,47.252637,39.713811,9.405992
47.241503,39.774149,47.214527,39.618866,18.043343
47.241503,39.774149,47.25344,39.70265,17.290949
47.241503,39.774149,47.23422,39.601897,19.016989
47.241503,39.774149,47.157576,39.548447,18.043343
47.241503,39.774149,47.225003,39.701557,17.727064
47.241503,39.774149,47.246689,39.768088,5.9073567
47.241503,39.774149,47.192543,39.619834,18.043343
47.241503,39.774149,47.208258,39.655767,18.10799
47.241503,39.774149,47.269791,39.70937,18.59065
47.241503,39.774149,47.259806,39.797556,8.00963
47.241503,39.774149,47.220417,39.710437,18.030647
47.241503,39.774149,47.335456,39.726704,19.784996
47.241503,39.774149,47.264228,39.782109,8.00963
47.241503,39.774149,47.245067,39.768986,4.933155
47.241503,39.774149,47.235766,39.709952,9.404364
47.241503,39.774149,47.22715,39.697301,17.78906
47.241503,39.774149,47.351676,39.715568,19.72139
47.241503,39.774149,47.228341,39.750748,8.817259
47.241503,39.774149,47.25395,39.859736,18.092318
47.241503,39.774149,47.236558,39.808849,8.155939
47.241503,39.774149,47.255083,39.784906,7.194117
47.241503,39.774149,47.237471,39.683453,18.133978
47.241503,39.774149,47.292527,39.713823,19.019007
47.241503,39.774149,47.302238,39.733057,19.741207
47.241503,39.774149,47.300208,39.773554,19.023209
47.241503,39.774149,47.281576,39.757079,9.832979
47.241503,39.774149,47.235766,39.709952,9.404364
47.241503,39.774149,47.247937,39.739602,8.155939
47.241503,39.774149,47.265936,39.666501,19.904606
47.241503,39.774149,47.279361,39.682489,19.904606
47.241503,39.774149,47.245582,39.768551,5.224683
47.241503,39.774149,47.235766,39.709952,9.404364
47.241503,39.774149,47.198113,39.631899,18.043343
47.241503,39.774149,47.247054,39.748018,7.9053955
47.241503,39.774149,47.247697,39.772563,5.224683
47.241503,39.774149,47.28076,39.819036,18.452948
47.241503,39.774149,47.218686,39.618666,18.459532
47.241503,39.774149,47.235766,39.709952,9.404364
47.241503,39.774149,47.221331,39.70597,17.59582
47.241503,39.774149,47.259644,39.77309,7.7602572
47.241503,39.774149,47.220683,39.730255,10.322931
47.241503,39.774149,47.235766,39.709952,9.404364
47.241503,39.774149,47.237471,39.683453,18.133978
47.241503,39.774149,47.301125,39.719899,19.741207
47.241503,39.774149,47.236875,39.739626,8.155939
47.241503,39.774149,47.207524,39.630705,18.043343
47.241503,39.774149,47.282544,39.715706,19.789951
47.241503,39.774149,47.280988,39.808406,9.832979
47.241503,39.774149,47.304403,39.642289,19.760572
47.241503,39.774149,47.291651,39.826587,19.023209
47.241503,39.774149,47.288683,39.696426,19.858835
47.241503,39.774149,47.350817,39.72822,19.784996
47.241503,39.774149,47.314746,39.776991,19.784996
47.218686,39.618666,47.21805,39.697207,14.996284
47.218686,39.618666,47.217621,39.707611,15.611001
47.218686,39.618666,47.221096,39.69097,15.090974
47.218686,39.618666,47.225482,39.717826,16.869587
47.218686,39.618666,47.255549,39.644401,11.604484
47.218686,39.618666,47.224904,39.711349,15.782771
47.218686,39.618666,47.210328,39.692724,14.9454775
47.218686,39.618666,47.233896,39.61461,7.7982373
47.218686,39.618666,47.223208,39.697369,15.374702
47.218686,39.618666,47.218795,39.707842,15.636515
47.218686,39.618666,47.252899,39.764581,18.279707
47.218686,39.618666,47.214927,39.705652,15.084594
47.218686,39.618666,47.273902,39.684949,21.272985
47.218686,39.618666,47.226024,39.729858,16.949465
47.218686,39.618666,47.229064,39.628654,5.502288
47.218686,39.618666,47.219161,39.705761,15.714066
47.218686,39.618666,47.249401,39.735175,18.279707
47.218686,39.618666,47.245568,39.680052,17.12062
47.218686,39.618666,47.219812,39.715458,15.47053
47.218686,39.618666,47.238981,39.694731,17.52297
47.218686,39.618666,47.22192,39.724959,16.229107
47.218686,39.618666,47.230965,39.686521,16.04836
47.218686,39.618666,47.226262,39.73101,16.949465
47.218686,39.618666,47.256223,39.704661,21.309446
47.218686,39.618666,47.222052,39.715387,15.526953
47.218686,39.618666,47.297733,39.701845,21.379234
47.218686,39.618666,47.296659,39.717094,21.286055
47.218686,39.618666,47.21889,39.713986,15.615398
47.218686,39.618666,47.223083,39.698421,14.968554
47.218686,39.618666,47.222549,39.72163,16.154245
47.218686,39.618666,47.231065,39.75563,16.949465
47.218686,39.618666,47.284506,39.720996,21.340439
47.218686,39.618666,47.208051,39.634353,6.37351
47.218686,39.618666,47.252037,39.795119,18.279707
47.218686,39.618666,47.2102,39.693253,14.9454775
47.218686,39.618666,47.252637,39.713811,18.21175
47.218686,39.618666,47.214527,39.618866,4.041053
47.218686,39.618666,47.25344,39.70265,18.240166
47.218686,39.618666,47.23422,39.601897,8.430799
47.218686,39.618666,47.157576,39.548447,15.00954
47.218686,39.618666,47.225003,39.701557,17.083801
47.218686,39.618666,47.246689,39.768088,18.279707
47.218686,39.618666,47.192543,39.619834,7.1937566
47.218686,39.618666,47.208258,39.655767,7.2448144
47.218686,39.618666,47.269791,39.70937,21.30682
47.218686,39.618666,47.259806,39.797556,21.340439
47.218686,39.618666,47.220417,39.710437,15.636515
47.218686,39.618666,47.335456,39.726704,21.340439
47.218686,39.618666,47.264228,39.782109,21.340439
47.218686,39.618666,47.245067,39.768986,18.279707
47.218686,39.618666,47.235766,39.709952,17.467104
47.218686,39.618666,47.22715,39.697301,15.481106
47.218686,39.618666,47.351676,39.715568,21.286055
47.218686,39.618666,47.228341,39.750748,16.949465
47.218686,39.618666,47.25395,39.859736,18.279707
47.218686,39.618666,47.236558,39.808849,18.279707
47.218686,39.618666,47.255083,39.784906,18.279707
47.218686,39.618666,47.237471,39.683453,17.421223
47.218686,39.618666,47.292527,39.713823,21.286055
47.218686,39.618666,47.302238,39.733057,21.340439
47.218686,39.618666,47.300208,39.773554,21.340439
47.218686,39.618666,47.281576,39.757079,21.340439
47.218686,39.618666,47.235766,39.709952,17.467104
47.218686,39.618666,47.247937,39.739602,18.279707
47.218686,39.618666,47.265936,39.666501,20.822744
47.218686,39.618666,47.279361,39.682489,21.272985
47.218686,39.618666,47.245582,39.768551,18.279707
47.218686,39.618666,47.235766,39.709952,17.467104
47.218686,39.618666,47.198113,39.631899,7.17001
47.218686,39.618666,47.247054,39.748018,18.279707
47.218686,39.618666,47.247697,39.772563,18.279707
47.218686,39.618666,47.28076,39.819036,21.340439
47.218686,39.618666,47.241503,39.774149,18.279707
47.218686,39.618666,47.235766,39.709952,17.467104
47.218686,39.618666,47.221331,39.70597,15.777832
47.218686,39.618666,47.259644,39.77309,21.340439
47.218686,39.618666,47.220683,39.730255,16.160522
47.218686,39.618666,47.235766,39.709952,17.467104
47.218686,39.618666,47.237471,39.683453,17.421223
47.218686,39.618666,47.301125,39.719899,21.340439
47.218686,39.618666,47.236875,39.739626,18.279707
47.218686,39.618666,47.207524,39.630705,5.4362373
47.218686,39.618666,47.282544,39.715706,21.286055
47.218686,39.618666,47.280988,39.808406,21.340439
47.218686,39.618666,47.304403,39.642289,20.95752
47.218686,39.618666,47.291651,39.826587,21.340439
47.218686,39.618666,47.288683,39.696426,21.262913
47.218686,39.618666,47.350817,39.72822,21.340439
47.218686,39.618666,47.314746,39.776991,21.340439
47.235766,39.709952,47.21805,39.697207,7.294851
47.235766,39.709952,47.217621,39.707611,7.588879
47.235766,39.709952,47.221096,39.69097,8.529342
47.235766,39.709952,47.225482,39.717826,6.643821
47.235766,39.709952,47.255549,39.644401,19.666824
47.235766,39.709952,47.224904,39.711349,5.9790435
47.235766,39.709952,47.210328,39.692724,9.138217
47.235766,39.709952,47.233896,39.61461,17.452667
47.235766,39.709952,47.223208,39.697369,6.819083
47.235766,39.709952,47.218795,39.707842,7.8949013
47.235766,39.709952,47.252899,39.764581,9.536253
47.235766,39.709952,47.214927,39.705652,8.608323
47.235766,39.709952,47.273902,39.684949,9.493562
47.235766,39.709952,47.226024,39.729858,8.549851
47.235766,39.709952,47.229064,39.628654,17.789358
47.235766,39.709952,47.219161,39.705761,7.4715533
47.235766,39.709952,47.249401,39.735175,8.066222
47.235766,39.709952,47.245568,39.680052,7.72903
47.235766,39.709952,47.219812,39.715458,7.9307466
47.235766,39.709952,47.238981,39.694731,5.5618243
47.235766,39.709952,47.22192,39.724959,8.227023
47.235766,39.709952,47.230965,39.686521,7.9286666
47.235766,39.709952,47.226262,39.73101,8.549851
47.235766,39.709952,47.256223,39.704661,7.3504457
47.235766,39.709952,47.222052,39.715387,6.5384493
47.235766,39.709952,47.297733,39.701845,18.814566
47.235766,39.709952,47.296659,39.717094,18.711025
47.235766,39.709952,47.21889,39.713986,7.9307466
47.235766,39.709952,47.223083,39.698421,6.8146973
47.235766,39.709952,47.222549,39.72163,7.5035667
47.235766,39.709952,47.231065,39.75563,10.222333
47.235766,39.709952,47.284506,39.720996,18.427277
47.235766,39.709952,47.208051,39.634353,16.777367
47.235766,39.709952,47.252037,39.795119,17.835758
47.235766,39.709952,47.2102,39.693253,9.138217
47.235766,39.709952,47.252637,39.713811,7.47506
47.235766,39.709952,47.214527,39.618866,16.809233
47.235766,39.709952,47.25344,39.70265,7.0975976
47.235766,39.709952,47.23422,39.601897,18.576893
47.235766,39.709952,47.157576,39.548447,17.623934
47.235766,39.709952,47.225003,39.701557,5.8607807
47.235766,39.709952,47.246689,39.768088,9.536253
47.235766,39.709952,47.192543,39.619834,17.623934
47.235766,39.709952,47.208258,39.655767,10.327089
47.235766,39.709952,47.269791,39.70937,9.492501
47.235766,39.709952,47.259806,39.797556,18.79055
47.235766,39.709952,47.220417,39.710437,7.193211
47.235766,39.709952,47.335456,39.726704,19.593092
47.235766,39.709952,47.264228,39.782109,19.640368
47.235766,39.709952,47.245067,39.768986,9.536253
47.235766,39.709952,47.235766,39.709952,4.3991637
47.235766,39.709952,47.22715,39.697301,6.098241
47.235766,39.709952,47.351676,39.715568,19.467947
47.235766,39.709952,47.228341,39.750748,8.757812
47.235766,39.709952,47.25395,39.859736,18.878923
47.235766,39.709952,47.236558,39.808849,18.785763
47.235766,39.709952,47.255083,39.784906,16.894844
47.235766,39.709952,47.237471,39.683453,7.3626924
47.235766,39.709952,47.292527,39.713823,19.584167
47.235766,39.709952,47.302238,39.733057,19.507801
47.235766,39.709952,47.300208,39.773554,19.593092
47.235766,39.709952,47.281576,39.757079,18.631763
47.235766,39.709952,47.235766,39.709952,4.3991637
47.235766,39.709952,47.247937,39.739602,8.071732
47.235766,39.709952,47.265936,39.666501,9.493562
47.235766,39.709952,47.279361,39.682489,19.862944
47.235766,39.709952,47.245582,39.768551,9.536253
47.235766,39.709952,47.235766,39.709952,4.3991637
47.235766,39.709952,47.198113,39.631899,16.777367
47.235766,39.709952,47.247054,39.748018,8.071732
47.235766,39.709952,47.247697,39.772563,9.536253
47.235766,39.709952,47.28076,39.819036,19.593092
47.235766,39.709952,47.241503,39.774149,9.536253
47.235766,39.709952,47.218686,39.618666,17.261677
47.235766,39.709952,47.221331,39.70597,6.8146973
47.235766,39.709952,47.259644,39.77309,18.427277
47.235766,39.709952,47.220683,39.730255,8.577996
47.235766,39.709952,47.235766,39.709952,4.3991637
47.235766,39.709952,47.237471,39.683453,7.3626924
47.235766,39.709952,47.301125,39.719899,18.831871
47.235766,39.709952,47.236875,39.739626,8.066222
47.235766,39.709952,47.207524,39.630705,16.777367
47.235766,39.709952,47.282544,39.715706,18.578949
47.235766,39.709952,47.280988,39.808406,19.593092
47.235766,39.709952,47.304403,39.642289,19.364735
47.235766,39.709952,47.291651,39.826587,19.593092
47.235766,39.709952,47.288683,39.696426,19.501774
47.235766,39.709952,47.350817,39.72822,19.593092
47.235766,39.709952,47.314746,39.776991,19.593092
47.221331,39.70597,47.21805,39.697207,3.5246994
47.221331,39.70597,47.217621,39.707611,2.1020796
47.221331,39.70597,47.221096,39.69097,4.662999
47.221331,39.70597,47.225482,39.717826,5.0022817
47.221331,39.70597,47.255549,39.644401,21.04166
47.221331,39.70597,47.224904,39.711349,2.234718
47.221331,39.70597,47.210328,39.692724,5.5113153
47.221331,39.70597,47.233896,39.61461,16.825071
47.221331,39.70597,47.223208,39.697369,2.8340557
47.221331,39.70597,47.218795,39.707842,1.3593829
47.221331,39.70597,47.252899,39.764581,17.145548
47.221331,39.70597,47.214927,39.705652,3.284188
47.221331,39.70597,47.273902,39.684949,21.04166
47.221331,39.70597,47.226024,39.729858,7.3244233
47.221331,39.70597,47.229064,39.628654,15.439289
47.221331,39.70597,47.219161,39.705761,1.5578755
47.221331,39.70597,47.249401,39.735175,9.978846
47.221331,39.70597,47.245568,39.680052,9.592154
47.221331,39.70597,47.219812,39.715458,3.9965787
47.221331,39.70597,47.238981,39.694731,8.2151
47.221331,39.70597,47.22192,39.724959,4.9220595
47.221331,39.70597,47.230965,39.686521,6.7797728
47.221331,39.70597,47.226262,39.73101,7.3244233
47.221331,39.70597,47.256223,39.704661,10.830994
47.221331,39.70597,47.222052,39.715387,2.5554235
47.221331,39.70597,47.297733,39.701845,20.597301
47.221331,39.70597,47.296659,39.717094,20.566427
47.221331,39.70597,47.21889,39.713986,2.4254298
47.221331,39.70597,47.223083,39.698421,2.6860147
47.221331,39.70597,47.222549,39.72163,4.7125835
47.221331,39.70597,47.231065,39.75563,8.567402
47.221331,39.70597,47.284506,39.720996,19.930847
47.221331,39.70597,47.208051,39.634353,14.799675
47.221331,39.70597,47.252037,39.795119,18.180855
47.221331,39.70597,47.2102,39.693253,5.5113153
47.221331,39.70597,47.252637,39.713811,9.634396
47.221331,39.70597,47.214527,39.618866,14.683255
47.221331,39.70597,47.25344,39.70265,9.525064
47.221331,39.70597,47.23422,39.601897,17.78155
47.221331,39.70597,47.157576,39.548447,15.359833
47.221331,39.70597,47.225003,39.701557,2.0689886
47.221331,39.70597,47.246689,39.768088,17.145548
47.221331,39.70597,47.192543,39.619834,14.59085
47.221331,39.70597,47.208258,39.655767,8.4980755
47.221331,39.70597,47.269791,39.70937,19.746696
47.221331,39.70597,47.259806,39.797556,20.657887
47.221331,39.70597,47.220417,39.710437,1.3593829
47.221331,39.70597,47.335456,39.726704,20.657887
47.221331,39.70597,47.264228,39.782109,20.57204
47.221331,39.70597,47.245067,39.768986,17.145548
47.221331,39.70597,47.235766,39.709952,7.5188155
47.221331,39.70597,47.22715,39.697301,4.710194
47.221331,39.70597,47.351676,39.715568,20.566427
47.221331,39.70597,47.228341,39.750748,8.567402
47.221331,39.70597,47.25395,39.859736,18.274569
47.221331,39.70597,47.236558,39.808849,18.274569
47.221331,39.70597,47.255083,39.784906,17.414387
47.221331,39.70597,47.237471,39.683453,8.329689
47.221331,39.70597,47.292527,39.713823,20.566427
47.221331,39.70597,47.302238,39.733057,20.657887
47.221331,39.70597,47.300208,39.773554,20.657887
47.221331,39.70597,47.281576,39.757079,20.57204
47.221331,39.70597,47.235766,39.709952,7.5188155
47.221331,39.70597,47.247937,39.739602,9.978846
47.221331,39.70597,47.265936,39.666501,21.315968
47.221331,39.70597,47.279361,39.682489,19.95551
47.221331,39.70597,47.245582,39.768551,17.145548
47.221331,39.70597,47.235766,39.709952,7.5188155
47.221331,39.70597,47.198113,39.631899,15.281776
47.221331,39.70597,47.247054,39.748018,9.978846
47.221331,39.70597,47.247697,39.772563,17.246368
47.221331,39.70597,47.28076,39.819036,20.657887
47.221331,39.70597,47.241503,39.774149,17.145548
47.221331,39.70597,47.218686,39.618666,15.030147
47.221331,39.70597,47.235766,39.709952,7.5188155
47.221331,39.70597,47.259644,39.77309,19.930847
47.221331,39.70597,47.220683,39.730255,6.583598
47.221331,39.70597,47.235766,39.709952,7.5188155
47.221331,39.70597,47.237471,39.683453,8.329689
47.221331,39.70597,47.301125,39.719899,20.657887
47.221331,39.70597,47.236875,39.739626,8.662586
47.221331,39.70597,47.207524,39.630705,14.999203
47.221331,39.70597,47.282544,39.715706,19.867609
47.221331,39.70597,47.280988,39.808406,20.657887
47.221331,39.70597,47.304403,39.642289,20.300644
47.221331,39.70597,47.291651,39.826587,20.657887
47.221331,39.70597,47.288683,39.696426,20.59483
47.221331,39.70597,47.350817,39.72822,20.657887
47.221331,39.70597,47.314746,39.776991,20.657887
47.259644,39.77309,47.21805,39.697207,17.951397
47.259644,39.77309,47.217621,39.707611,18.23867
47.259644,39.77309,47.221096,39.69097,19.722141
47.259644,39.77309,47.225482,39.717826,17.62167
47.259644,39.77309,47.255549,39.644401,20.100044
47.259644,39.77309,47.224904,39.711349,17.337082
47.259644,39.77309,47.210328,39.692724,19.183918
47.259644,39.77309,47.233896,39.61461,19.252
47.259644,39.77309,47.223208,39.697369,18.17748
47.259644,39.77309,47.218795,39.707842,18.045208
47.259644,39.77309,47.252899,39.764581,5.850281
47.259644,39.77309,47.214927,39.705652,17.750452
47.259644,39.77309,47.273902,39.684949,19.346472
47.259644,39.77309,47.226024,39.729858,10.155587
47.259644,39.77309,47.229064,39.628654,20.090113
47.259644,39.77309,47.219161,39.705761,18.040306
47.259644,39.77309,47.249401,39.735175,8.110603
47.259644,39.77309,47.245568,39.680052,18.416162
47.259644,39.77309,47.219812,39.715458,17.97045
47.259644,39.77309,47.238981,39.694731,20.390858
47.259644,39.77309,47.22192,39.724959,17.661985
47.259644,39.77309,47.230965,39.686521,19.314362
47.259644,39.77309,47.226262,39.73101,10.155587
47.259644,39.77309,47.256223,39.704661,9.3871
47.259644,39.77309,47.222052,39.715387,17.571194
47.259644,39.77309,47.297733,39.701845,19.000092
47.259644,39.77309,47.296659,39.717094,18.544724
47.259644,39.77309,47.21889,39.713986,19.105661
47.259644,39.77309,47.223083,39.698421,18.172052
47.259644,39.77309,47.222549,39.72163,17.661985
47.259644,39.77309,47.231065,39.75563,10.155587
47.259644,39.77309,47.284506,39.720996,9.804712
47.259644,39.77309,47.208051,39.634353,18.956623
47.259644,39.77309,47.252037,39.795119,7.8590307
47.259644,39.77309,47.2102,39.693253,19.183918
47.259644,39.77309,47.252637,39.713811,9.38787
47.259644,39.77309,47.214527,39.618866,18.956623
47.259644,39.77309,47.25344,39.70265,17.76077
47.259644,39.77309,47.23422,39.601897,19.252
47.259644,39.77309,47.157576,39.548447,18.956623
47.259644,39.77309,47.225003,39.701557,18.124481
47.259644,39.77309,47.246689,39.768088,5.989024
47.259644,39.77309,47.192543,39.619834,18.956623
47.259644,39.77309,47.208258,39.655767,19.024849
47.259644,39.77309,47.269791,39.70937,9.592467
47.259644,39.77309,47.259806,39.797556,7.755061
47.259644,39.77309,47.220417,39.710437,18.434942
47.259644,39.77309,47.335456,39.726704,19.721916
47.259644,39.77309,47.264228,39.782109,6.0720186
47.259644,39.77309,47.245067,39.768986,7.1477523
47.259644,39.77309,47.235766,39.709952,17.06048
47.259644,39.77309,47.22715,39.697301,18.422096
47.259644,39.77309,47.351676,39.715568,19.663296
47.259644,39.77309,47.228341,39.750748,10.155587
47.259644,39.77309,47.25395,39.859736,17.993765
47.259644,39.77309,47.236558,39.808849,9.598072
47.259644,39.77309,47.255083,39.784906,5.8444448
47.259644,39.77309,47.237471,39.683453,18.416162
47.259644,39.77309,47.292527,39.713823,18.544724
47.259644,39.77309,47.302238,39.733057,18.41869
47.259644,39.77309,47.300208,39.773554,9.804712
47.259644,39.77309,47.281576,39.757079,8.005466
47.259644,39.77309,47.235766,39.709952,17.06048
47.259644,39.77309,47.247937,39.739602,8.110603
47.259644,39.77309,47.265936,39.666501,20.100044
47.259644,39.77309,47.279361,39.682489,19.346472
47.259644,39.77309,47.245582,39.768551,7.1477523
47.259644,39.77309,47.235766,39.709952,17.06048
47.259644,39.77309,47.198113,39.631899,18.956623
47.259644,39.77309,47.247054,39.748018,8.101172
47.259644,39.77309,47.247697,39.772563,6.0506477
47.259644,39.77309,47.28076,39.819036,9.804712
47.259644,39.77309,47.241503,39.774149,7.8590307
47.259644,39.77309,47.218686,39.618666,19.385744
47.259644,39.77309,47.235766,39.709952,17.06048
47.259644,39.77309,47.221331,39.70597,18.172052
47.259644,39.77309,47.220683,39.730255,17.686777
47.259644,39.77309,47.235766,39.709952,17.06048
47.259644,39.77309,47.237471,39.683453,18.416162
47.259644,39.77309,47.301125,39.719899,18.670504
47.259644,39.77309,47.236875,39.739626,9.598072
47.259644,39.77309,47.207524,39.630705,18.956623
47.259644,39.77309,47.282544,39.715706,9.594876
47.259644,39.77309,47.280988,39.808406,9.804712
47.259644,39.77309,47.304403,39.642289,19.95601
47.259644,39.77309,47.291651,39.826587,18.41869
47.259644,39.77309,47.288683,39.696426,19.304443
47.259644,39.77309,47.350817,39.72822,19.721916
47.259644,39.77309,47.314746,39.776991,18.670504
47.220683,39.730255,47.21805,39.697207,5.470306
47.220683,39.730255,47.217621,39.707611,5.3109126
47.220683,39.730255,47.221096,39.69097,6.996223
47.220683,39.730255,47.225482,39.717826,4.8772974
47.220683,39.730255,47.255549,39.644401,21.097553
47.220683,39.730255,47.224904,39.711349,4.393052
47.220683,39.730255,47.210328,39.692724,7.3150764
47.220683,39.730255,47.233896,39.61461,17.897799
47.220683,39.730255,47.223208,39.697369,6.074559
47.220683,39.730255,47.218795,39.707842,5.5088243
47.220683,39.730255,47.252899,39.764581,9.8023205
47.220683,39.730255,47.214927,39.705652,6.1873636
47.220683,39.730255,47.273902,39.684949,20.423042
47.220683,39.730255,47.226024,39.729858,4.1509657
47.220683,39.730255,47.229064,39.628654,16.38125
47.220683,39.730255,47.219161,39.705761,5.7698555
47.220683,39.730255,47.249401,39.735175,8.422342
47.220683,39.730255,47.245568,39.680052,9.679883
47.220683,39.730255,47.219812,39.715458,4.600729
47.220683,39.730255,47.238981,39.694731,9.690821
47.220683,39.730255,47.22192,39.724959,2.2361243
47.220683,39.730255,47.230965,39.686521,8.2437315
47.220683,39.730255,47.226262,39.73101,4.1509657
47.220683,39.730255,47.256223,39.704661,11.051843
47.220683,39.730255,47.222052,39.715387,4.41558
47.220683,39.730255,47.297733,39.701845,20.987663
47.220683,39.730255,47.296659,39.717094,20.962307
47.220683,39.730255,47.21889,39.713986,4.725992
47.220683,39.730255,47.223083,39.698421,6.1741233
47.220683,39.730255,47.222549,39.72163,3.1393495
47.220683,39.730255,47.231065,39.75563,6.9502015
47.220683,39.730255,47.284506,39.720996,20.292141
47.220683,39.730255,47.208051,39.634353,15.485146
47.220683,39.730255,47.252037,39.795119,16.882957
47.220683,39.730255,47.2102,39.693253,7.3150764
47.220683,39.730255,47.252637,39.713811,9.615024
47.220683,39.730255,47.214527,39.618866,15.522596
47.220683,39.730255,47.25344,39.70265,9.489602
47.220683,39.730255,47.23422,39.601897,17.897799
47.220683,39.730255,47.157576,39.548447,15.522596
47.220683,39.730255,47.225003,39.701557,5.9803123
47.220683,39.730255,47.246689,39.768088,9.8023205
47.220683,39.730255,47.192543,39.619834,15.522596
47.220683,39.730255,47.208258,39.655767,16.338863
47.220683,39.730255,47.269791,39.70937,20.120296
47.220683,39.730255,47.259806,39.797556,20.292141
47.220683,39.730255,47.220417,39.710437,4.5185294
47.220683,39.730255,47.335456,39.726704,20.990324
47.220683,39.730255,47.264228,39.782109,22.084969
47.220683,39.730255,47.245067,39.768986,9.8023205
47.220683,39.730255,47.235766,39.709952,8.223912
47.220683,39.730255,47.22715,39.697301,6.2984295
47.220683,39.730255,47.351676,39.715568,20.962307
47.220683,39.730255,47.228341,39.750748,6.8887186
47.220683,39.730255,47.25395,39.859736,18.1941
47.220683,39.730255,47.236558,39.808849,17.257517
47.220683,39.730255,47.255083,39.784906,17.019148
47.220683,39.730255,47.237471,39.683453,9.679883
47.220683,39.730255,47.292527,39.713823,20.962307
47.220683,39.730255,47.302238,39.733057,20.990324
47.220683,39.730255,47.300208,39.773554,20.990324
47.220683,39.730255,47.281576,39.757079,20.292141
47.220683,39.730255,47.235766,39.709952,8.223912
47.220683,39.730255,47.247937,39.739602,8.422342
47.220683,39.730255,47.265936,39.666501,20.423042
47.220683,39.730255,47.279361,39.682489,21.097553
47.220683,39.730255,47.245582,39.768551,9.8023205
47.220683,39.730255,47.235766,39.709952,8.223912
47.220683,39.730255,47.198113,39.631899,15.485146
47.220683,39.730255,47.247054,39.748018,8.422342
47.220683,39.730255,47.247697,39.772563,9.8023205
47.220683,39.730255,47.28076,39.819036,20.990324
47.220683,39.730255,47.241503,39.774149,9.8023205
47.220683,39.730255,47.218686,39.618666,15.891893
47.220683,39.730255,47.235766,39.709952,8.223912
47.220683,39.730255,47.221331,39.70597,5.809609
47.220683,39.730255,47.259644,39.77309,20.107834
47.220683,39.730255,47.235766,39.709952,8.223912
47.220683,39.730255,47.237471,39.683453,9.679883
47.220683,39.730255,47.301125,39.719899,20.990324
47.220683,39.730255,47.236875,39.739626,8.361357
47.220683,39.730255,47.207524,39.630705,15.485146
47.220683,39.730255,47.282544,39.715706,20.268223
47.220683,39.730255,47.280988,39.808406,20.990324
47.220683,39.730255,47.304403,39.642289,20.82911
47.220683,39.730255,47.291651,39.826587,20.990324
47.220683,39.730255,47.288683,39.696426,21.126028
47.220683,39.730255,47.350817,39.72822,20.990324
47.220683,39.730255,47.314746,39.776991,20.990324
47.235766,39.709952,47.21805,39.697207,7.294851
47.235766,39.709952,47.217621,39.707611,7.588879
47.235766,39.709952,47.221096,39.69097,8.529342
47.235766,39.709952,47.225482,39.717826,6.643821
47.235766,39.709952,47.255549,39.644401,19.666824
47.235766,39.709952,47.224904,39.711349,5.9790435
47.235766,39.709952,47.210328,39.692724,9.138217
47.235766,39.709952,47.233896,39.61461,17.452667
47.235766,39.709952,47.223208,39.697369,6.819083
47.235766,39.709952,47.218795,39.707842,7.8949013
47.235766,39.709952,47.252899,39.764581,9.536253
47.235766,39.709952,47.214927,39.705652,8.608323
47.235766,39.709952,47.273902,39.684949,9.493562
47.235766,39.709952,47.226024,39.729858,8.549851
47.235766,39.709952,47.229064,39.628654,17.789358
47.235766,39.709952,47.219161,39.705761,7.4715533
47.235766,39.709952,47.249401,39.735175,8.066222
47.235766,39.709952,47.245568,39.680052,7.72903
47.235766,39.709952,47.219812,39.715458,7.9307466
47.235766,39.709952,47.238981,39.694731,5.5618243
47.235766,39.709952,47.22192,39.724959,8.227023
47.235766,39.709952,47.230965,39.686521,7.9286666
47.235766,39.709952,47.226262,39.73101,8.549851
47.235766,39.709952,47.256223,39.704661,7.3504457
47.235766,39.709952,47.222052,39.715387,6.5384493
47.235766,39.709952,47.297733,39.701845,18.814566
47.235766,39.709952,47.296659,39.717094,18.711025
47.235766,39.709952,47.21889,39.713986,7.9307466
47.235766,39.709952,47.223083,39.698421,6.8146973
47.235766,39.709952,47.222549,39.72163,7.5035667
47.235766,39.709952,47.231065,39.75563,10.222333
47.235766,39.709952,47.284506,39.720996,18.427277
47.235766,39.709952,47.208051,39.634353,16.777367
47.235766,39.709952,47.252037,39.795119,17.835758
47.235766,39.709952,47.2102,39.693253,9.138217
47.235766,39.709952,47.252637,39.713811,7.47506
47.235766,39.709952,47.214527,39.618866,16.809233
47.235766,39.709952,47.25344,39.70265,7.0975976
47.235766,39.709952,47.23422,39.601897,18.576893
47.235766,39.709952,47.157576,39.548447,17.623934
47.235766,39.709952,47.225003,39.701557,5.8607807
47.235766,39.709952,47.246689,39.768088,9.536253
47.235766,39.709952,47.192543,39.619834,17.623934
47.235766,39.709952,47.208258,39.655767,10.327089
47.235766,39.709952,47.269791,39.70937,9.492501
47.235766,39.709952,47.259806,39.797556,18.79055
47.235766,39.709952,47.220417,39.710437,7.193211
47.235766,39.709952,47.335456,39.726704,19.593092
47.235766,39.709952,47.264228,39.782109,19.640368
47.235766,39.709952,47.245067,39.768986,9.536253
47.235766,39.709952,47.235766,39.709952,4.3991637
47.235766,39.709952,47.22715,39.697301,6.098241
47.235766,39.709952,47.351676,39.715568,19.467947
47.235766,39.709952,47.228341,39.750748,8.757812
47.235766,39.709952,47.25395,39.859736,18.878923
47.235766,39.709952,47.236558,39.808849,18.785763
47.235766,39.709952,47.255083,39.784906,16.894844
47.235766,39.709952,47.237471,39.683453,7.3626924
47.235766,39.709952,47.292527,39.713823,19.584167
47.235766,39.709952,47.302238,39.733057,19.507801
47.235766,39.709952,47.300208,39.773554,19.593092
47.235766,39.709952,47.281576,39.757079,18.631763
47.235766,39.709952,47.235766,39.709952,4.3991637
47.235766,39.709952,47.247937,39.739602,8.071732
47.235766,39.709952,47.265936,39.666501,9.493562
47.235766,39.709952,47.279361,39.682489,19.862944
47.235766,39.709952,47.245582,39.768551,9.536253
47.235766,39.709952,47.235766,39.709952,4.3991637
47.235766,39.709952,47.198113,39.631899,16.777367
47.235766,39.709952,47.247054,39.748018,8.071732
47.235766,39.709952,47.247697,39.772563,9.536253
47.235766,39.709952,47.28076,39.819036,19.593092
47.235766,39.709952,47.241503,39.774149,9.536253
47.235766,39.709952,47.218686,39.618666,17.261677
47.235766,39.709952,47.235766,39.709952,4.3991637
47.235766,39.709952,47.221331,39.70597,6.8146973
47.235766,39.709952,47.259644,39.77309,18.427277
47.235766,39.709952,47.220683,39.730255,8.577996
47.235766,39.709952,47.237471,39.683453,7.3626924
47.235766,39.709952,47.301125,39.719899,18.831871
47.235766,39.709952,47.236875,39.739626,8.066222
47.235766,39.709952,47.207524,39.630705,16.777367
47.235766,39.709952,47.282544,39.715706,18.578949
47.235766,39.709952,47.280988,39.808406,19.593092
47.235766,39.709952,47.304403,39.642289,19.364735
47.235766,39.709952,47.291651,39.826587,19.593092
47.235766,39.709952,47.288683,39.696426,19.501774
47.235766,39.709952,47.350817,39.72822,19.593092
47.235766,39.709952,47.314746,39.776991,19.593092
47.237471,39.683453,47.21805,39.697207,7.666839
47.237471,39.683453,47.217621,39.707611,8.636619
47.237471,39.683453,47.221096,39.69097,7.9593678
47.237471,39.683453,47.225482,39.717826,8.75415
47.237471,39.683453,47.255549,39.644401,9.304274
47.237471,39.683453,47.224904,39.711349,8.195733
47.237471,39.683453,47.210328,39.692724,9.132841
47.237471,39.683453,47.233896,39.61461,16.953148
47.237471,39.683453,47.223208,39.697369,7.896744
47.237471,39.683453,47.218795,39.707842,8.586548
47.237471,39.683453,47.252899,39.764581,18.745892
47.237471,39.683453,47.214927,39.705652,8.975362
47.237471,39.683453,47.273902,39.684949,9.304274
47.237471,39.683453,47.226024,39.729858,10.223404
47.237471,39.683453,47.229064,39.628654,9.43583
47.237471,39.683453,47.219161,39.705761,8.367128
47.237471,39.683453,47.249401,39.735175,9.148961
47.237471,39.683453,47.245568,39.680052,5.5203094
47.237471,39.683453,47.219812,39.715458,8.59388
47.237471,39.683453,47.238981,39.694731,5.729239
47.237471,39.683453,47.22192,39.724959,10.223345
47.237471,39.683453,47.230965,39.686521,6.5092382
47.237471,39.683453,47.226262,39.73101,10.223404
47.237471,39.683453,47.256223,39.704661,7.072775
47.237471,39.683453,47.222052,39.715387,8.548816
47.237471,39.683453,47.297733,39.701845,18.777363
47.237471,39.683453,47.296659,39.717094,18.646328
47.237471,39.683453,47.21889,39.713986,8.59388
47.237471,39.683453,47.223083,39.698421,7.8442717
47.237471,39.683453,47.222549,39.72163,10.223345
47.237471,39.683453,47.231065,39.75563,17.78611
47.237471,39.683453,47.284506,39.720996,18.1506
47.237471,39.683453,47.208051,39.634353,10.194874
47.237471,39.683453,47.252037,39.795119,18.745478
47.237471,39.683453,47.2102,39.693253,9.132841
47.237471,39.683453,47.252637,39.713811,7.361016
47.237471,39.683453,47.214527,39.618866,16.748796
47.237471,39.683453,47.25344,39.70265,7.176859
47.237471,39.683453,47.23422,39.601897,17.07795
47.237471,39.683453,47.157576,39.548447,17.670748
47.237471,39.683453,47.225003,39.701557,7.7028284
47.237471,39.683453,47.246689,39.768088,17.304497
47.237471,39.683453,47.192543,39.619834,16.909384
47.237471,39.683453,47.208258,39.655767,10.486435
47.237471,39.683453,47.269791,39.70937,9.119587
47.237471,39.683453,47.259806,39.797556,19.49325
47.237471,39.683453,47.220417,39.710437,8.586548
47.237471,39.683453,47.335456,39.726704,19.49325
47.237471,39.683453,47.264228,39.782109,19.49325
47.237471,39.683453,47.245067,39.768986,17.778088
47.237471,39.683453,47.235766,39.709952,7.1640067
47.237471,39.683453,47.22715,39.697301,6.2602234
47.237471,39.683453,47.351676,39.715568,19.356127
47.237471,39.683453,47.228341,39.750748,10.223404
47.237471,39.683453,47.25395,39.859736,18.745478
47.237471,39.683453,47.236558,39.808849,18.745478
47.237471,39.683453,47.255083,39.784906,18.745478
47.237471,39.683453,47.237471,39.683453,4.8981867
47.237471,39.683453,47.292527,39.713823,18.646328
47.237471,39.683453,47.302238,39.733057,19.49325
47.237471,39.683453,47.300208,39.773554,19.49325
47.237471,39.683453,47.281576,39.757079,19.382711
47.237471,39.683453,47.235766,39.709952,7.1640067
47.237471,39.683453,47.247937,39.739602,9.148961
47.237471,39.683453,47.265936,39.666501,9.304274
47.237471,39.683453,47.279361,39.682489,9.304274
47.237471,39.683453,47.245582,39.768551,17.778088
47.237471,39.683453,47.235766,39.709952,7.1640067
47.237471,39.683453,47.198113,39.631899,16.921112
47.237471,39.683453,47.247054,39.748018,9.148961
47.237471,39.683453,47.247697,39.772563,17.778088
47.237471,39.683453,47.28076,39.819036,19.49325
47.237471,39.683453,47.241503,39.774149,17.778088
47.237471,39.683453,47.218686,39.618666,17.60136
47.237471,39.683453,47.235766,39.709952,7.1640067
47.237471,39.683453,47.221331,39.70597,8.271463
47.237471,39.683453,47.259644,39.77309,18.732471
47.237471,39.683453,47.220683,39.730255,10.261445
47.237471,39.683453,47.235766,39.709952,7.1640067
47.237471,39.683453,47.301125,39.719899,19.382711
47.237471,39.683453,47.236875,39.739626,9.148961
47.237471,39.683453,47.207524,39.630705,10.194874
47.237471,39.683453,47.282544,39.715706,18.153177
47.237471,39.683453,47.280988,39.808406,19.49325
47.237471,39.683453,47.304403,39.642289,19.228579
47.237471,39.683453,47.291651,39.826587,19.49325
47.237471,39.683453,47.288683,39.696426,19.957775
47.237471,39.683453,47.350817,39.72822,19.49325
47.237471,39.683453,47.314746,39.776991,19.49325
47.301125,39.719899,47.21805,39.697207,18.607786
47.301125,39.719899,47.217621,39.707611,18.915691
47.301125,39.719899,47.221096,39.69097,19.760513
47.301125,39.719899,47.225482,39.717826,19.457134
47.301125,39.719899,47.255549,39.644401,20.060162
47.301125,39.719899,47.224904,39.711349,18.70519
47.301125,39.719899,47.210328,39.692724,19.183918
47.301125,39.719899,47.233896,39.61461,19.252
47.301125,39.719899,47.223208,39.697369,18.786114
47.301125,39.719899,47.218795,39.707842,18.712652
47.301125,39.719899,47.252899,39.764581,18.871695
47.301125,39.719899,47.214927,39.705652,18.42519
47.301125,39.719899,47.273902,39.684949,9.941053
47.301125,39.719899,47.226024,39.729858,19.457134
47.301125,39.719899,47.229064,39.628654,20.090113
47.301125,39.719899,47.219161,39.705761,18.696592
47.301125,39.719899,47.249401,39.735175,17.19275
47.301125,39.719899,47.245568,39.680052,18.416162
47.301125,39.719899,47.219812,39.715458,18.70001
47.301125,39.719899,47.238981,39.694731,18.4876
47.301125,39.719899,47.22192,39.724959,18.84336
47.301125,39.719899,47.230965,39.686521,20.234055
47.301125,39.719899,47.226262,39.73101,19.457134
47.301125,39.719899,47.256223,39.704661,9.3871
47.301125,39.719899,47.222052,39.715387,18.785763
47.301125,39.719899,47.297733,39.701845,5.2001095
47.301125,39.719899,47.296659,39.717094,4.515052
47.301125,39.719899,47.21889,39.713986,18.70001
47.301125,39.719899,47.223083,39.698421,18.818653
47.301125,39.719899,47.222549,39.72163,18.84336
47.301125,39.719899,47.231065,39.75563,19.457134
47.301125,39.719899,47.284506,39.720996,7.755061
47.301125,39.719899,47.208051,39.634353,18.956623
47.301125,39.719899,47.252037,39.795119,18.950726
47.301125,39.719899,47.2102,39.693253,19.183918
47.301125,39.719899,47.252637,39.713811,17.046583
47.301125,39.719899,47.214527,39.618866,18.956623
47.301125,39.719899,47.25344,39.70265,17.339296
47.301125,39.719899,47.23422,39.601897,19.252
47.301125,39.719899,47.157576,39.548447,18.956623
47.301125,39.719899,47.225003,39.701557,18.743822
47.301125,39.719899,47.246689,39.768088,17.993765
47.301125,39.719899,47.192543,39.619834,18.956623
47.301125,39.719899,47.208258,39.655767,19.024849
47.301125,39.719899,47.269791,39.70937,9.592467
47.301125,39.719899,47.259806,39.797556,19.67966
47.301125,39.719899,47.220417,39.710437,18.712652
47.301125,39.719899,47.335456,39.726704,9.804712
47.301125,39.719899,47.264228,39.782109,20.524107
47.301125,39.719899,47.245067,39.768986,17.992544
47.301125,39.719899,47.235766,39.709952,18.00104
47.301125,39.719899,47.22715,39.697301,19.317186
47.301125,39.719899,47.351676,39.715568,18.400963
47.301125,39.719899,47.228341,39.750748,19.457134
47.301125,39.719899,47.25395,39.859736,18.950726
47.301125,39.719899,47.236558,39.808849,18.950726
47.301125,39.719899,47.255083,39.784906,17.993765
47.301125,39.719899,47.237471,39.683453,19.348854
47.301125,39.719899,47.292527,39.713823,5.5826874
47.301125,39.719899,47.302238,39.733057,5.745236
47.301125,39.719899,47.300208,39.773554,9.804712
47.301125,39.719899,47.281576,39.757079,9.804712
47.301125,39.719899,47.235766,39.709952,18.00104
47.301125,39.719899,47.247937,39.739602,17.442003
47.301125,39.719899,47.265936,39.666501,20.00256
47.301125,39.719899,47.279361,39.682489,9.941053
47.301125,39.719899,47.245582,39.768551,17.993765
47.301125,39.719899,47.235766,39.709952,18.00104
47.301125,39.719899,47.198113,39.631899,18.956623
47.301125,39.719899,47.247054,39.748018,18.322304
47.301125,39.719899,47.247697,39.772563,17.993765
47.301125,39.719899,47.28076,39.819036,19.67966
47.301125,39.719899,47.241503,39.774149,18.900871
47.301125,39.719899,47.218686,39.618666,19.385744
47.301125,39.719899,47.235766,39.709952,18.00104
47.301125,39.719899,47.221331,39.70597,18.818653
47.301125,39.719899,47.259644,39.77309,18.670504
47.301125,39.719899,47.220683,39.730255,18.756556
47.301125,39.719899,47.235766,39.709952,18.00104
47.301125,39.719899,47.237471,39.683453,19.348854
47.301125,39.719899,47.236875,39.739626,18.047392
47.301125,39.719899,47.207524,39.630705,18.956623
47.301125,39.719899,47.282544,39.715706,7.679011
47.301125,39.719899,47.280988,39.808406,18.95979
47.301125,39.719899,47.304403,39.642289,18.918545
47.301125,39.719899,47.291651,39.826587,19.721916
47.301125,39.719899,47.288683,39.696426,7.9809055
47.301125,39.719899,47.350817,39.72822,18.41869
47.301125,39.719899,47.314746,39.776991,9.804712
47.236875,39.739626,47.21805,39.697207,9.156925
47.236875,39.739626,47.217621,39.707611,8.659129
47.236875,39.739626,47.221096,39.69097,10.159103
47.236875,39.739626,47.225482,39.717826,8.574596
47.236875,39.739626,47.255549,39.644401,19.86383
47.236875,39.739626,47.224904,39.711349,8.206226
47.236875,39.739626,47.210328,39.692724,10.699107
47.236875,39.739626,47.233896,39.61461,19.016989
47.236875,39.739626,47.223208,39.697369,9.829646
47.236875,39.739626,47.218795,39.707842,8.657143
47.236875,39.739626,47.252899,39.764581,8.155939
47.236875,39.739626,47.214927,39.705652,10.427537
47.236875,39.739626,47.273902,39.684949,20.011717
47.236875,39.739626,47.226024,39.729858,6.761002
47.236875,39.739626,47.229064,39.628654,19.487257
47.236875,39.739626,47.219161,39.705761,8.20946
47.236875,39.739626,47.249401,39.735175,6.0856833
47.236875,39.739626,47.245568,39.680052,9.40128
47.236875,39.739626,47.219812,39.715458,8.659875
47.236875,39.739626,47.238981,39.694731,9.463285
47.236875,39.739626,47.22192,39.724959,8.286212
47.236875,39.739626,47.230965,39.686521,9.935234
47.236875,39.739626,47.226262,39.73101,6.7649326
47.236875,39.739626,47.256223,39.704661,9.411418
47.236875,39.739626,47.222052,39.715387,8.552592
47.236875,39.739626,47.297733,39.701845,19.107294
47.236875,39.739626,47.296659,39.717094,18.981396
47.236875,39.739626,47.21889,39.713986,8.659875
47.236875,39.739626,47.223083,39.698421,9.920678
47.236875,39.739626,47.222549,39.72163,8.530513
47.236875,39.739626,47.231065,39.75563,6.7649326
47.236875,39.739626,47.284506,39.720996,18.452948
47.236875,39.739626,47.208051,39.634353,18.043343
47.236875,39.739626,47.252037,39.795119,9.620462
47.236875,39.739626,47.2102,39.693253,10.699107
47.236875,39.739626,47.252637,39.713811,7.9414644
47.236875,39.739626,47.214527,39.618866,18.043343
47.236875,39.739626,47.25344,39.70265,9.202707
47.236875,39.739626,47.23422,39.601897,19.016989
47.236875,39.739626,47.157576,39.548447,18.043343
47.236875,39.739626,47.225003,39.701557,7.863475
47.236875,39.739626,47.246689,39.768088,8.147538
47.236875,39.739626,47.192543,39.619834,18.043343
47.236875,39.739626,47.208258,39.655767,17.29103
47.236875,39.739626,47.269791,39.70937,9.617131
47.236875,39.739626,47.259806,39.797556,9.832979
47.236875,39.739626,47.220417,39.710437,8.657143
47.236875,39.739626,47.335456,39.726704,19.784996
47.236875,39.739626,47.264228,39.782109,9.832979
47.236875,39.739626,47.245067,39.768986,8.147538
47.236875,39.739626,47.235766,39.709952,7.9256554
47.236875,39.739626,47.22715,39.697301,9.6590185
47.236875,39.739626,47.351676,39.715568,19.72139
47.236875,39.739626,47.228341,39.750748,6.66559
47.236875,39.739626,47.25395,39.859736,19.09351
47.236875,39.739626,47.236558,39.808849,17.447016
47.236875,39.739626,47.255083,39.784906,9.620462
47.236875,39.739626,47.237471,39.683453,9.40128
47.236875,39.739626,47.292527,39.713823,18.981396
47.236875,39.739626,47.302238,39.733057,19.066048
47.236875,39.739626,47.300208,39.773554,19.741207
47.236875,39.739626,47.281576,39.757079,9.832979
47.236875,39.739626,47.235766,39.709952,7.9256554
47.236875,39.739626,47.247937,39.739602,6.010472
47.236875,39.739626,47.265936,39.666501,19.62078
47.236875,39.739626,47.279361,39.682489,19.62078
47.236875,39.739626,47.245582,39.768551,8.147538
47.236875,39.739626,47.235766,39.709952,7.9256554
47.236875,39.739626,47.198113,39.631899,18.043343
47.236875,39.739626,47.247054,39.748018,6.010472
47.236875,39.739626,47.247697,39.772563,8.155939
47.236875,39.739626,47.28076,39.819036,19.741207
47.236875,39.739626,47.241503,39.774149,8.155939
47.236875,39.739626,47.218686,39.618666,18.459532
47.236875,39.739626,47.235766,39.709952,7.9256554
47.236875,39.739626,47.221331,39.70597,8.205787
47.236875,39.739626,47.259644,39.77309,9.832979
47.236875,39.739626,47.220683,39.730255,8.310032
47.236875,39.739626,47.235766,39.709952,7.9256554
47.236875,39.739626,47.237471,39.683453,9.40128
47.236875,39.739626,47.301125,39.719899,19.066048
47.236875,39.739626,47.207524,39.630705,18.043343
47.236875,39.739626,47.282544,39.715706,18.430952
47.236875,39.739626,47.280988,39.808406,19.023209
47.236875,39.739626,47.304403,39.642289,19.760572
47.236875,39.739626,47.291651,39.826587,19.784996
47.236875,39.739626,47.288683,39.696426,19.106918
47.236875,39.739626,47.350817,39.72822,19.784996
47.236875,39.739626,47.314746,39.776991,19.784996
47.207524,39.630705,47.21805,39.697207,6.958374
47.207524,39.630705,47.217621,39.707611,13.192163
47.207524,39.630705,47.221096,39.69097,7.9058957
47.207524,39.630705,47.225482,39.717826,14.192076
47.207524,39.630705,47.255549,39.644401,19.688267
47.207524,39.630705,47.224904,39.711349,14.051901
47.207524,39.630705,47.210328,39.692724,7.629553
47.207524,39.630705,47.233896,39.61461,7.8624315
47.207524,39.630705,47.223208,39.697369,14.691066
47.207524,39.630705,47.218795,39.707842,13.144486
47.207524,39.630705,47.252899,39.764581,16.44484
47.207524,39.630705,47.214927,39.705652,13.4093275
47.207524,39.630705,47.273902,39.684949,19.950434
47.207524,39.630705,47.226024,39.729858,15.00687
47.207524,39.630705,47.229064,39.628654,6.702788
47.207524,39.630705,47.219161,39.705761,13.948685
47.207524,39.630705,47.249401,39.735175,16.44484
47.207524,39.630705,47.245568,39.680052,15.671627
47.207524,39.630705,47.219812,39.715458,13.586778
47.207524,39.630705,47.238981,39.694731,15.83973
47.207524,39.630705,47.22192,39.724959,13.844249
47.207524,39.630705,47.230965,39.686521,7.840287
47.207524,39.630705,47.226262,39.73101,15.118485
47.207524,39.630705,47.256223,39.704661,19.936275
47.207524,39.630705,47.222052,39.715387,13.797297
47.207524,39.630705,47.297733,39.701845,20.037798
47.207524,39.630705,47.296659,39.717094,19.935347
47.207524,39.630705,47.21889,39.713986,13.709349
47.207524,39.630705,47.223083,39.698421,13.976289
47.207524,39.630705,47.222549,39.72163,13.850968
47.207524,39.630705,47.231065,39.75563,15.118485
47.207524,39.630705,47.284506,39.720996,19.995638
47.207524,39.630705,47.208051,39.634353,3.8208327
47.207524,39.630705,47.252037,39.795119,16.44484
47.207524,39.630705,47.2102,39.693253,7.629553
47.207524,39.630705,47.252637,39.713811,16.370726
47.207524,39.630705,47.214527,39.618866,5.235115
47.207524,39.630705,47.25344,39.70265,16.359749
47.207524,39.630705,47.23422,39.601897,8.616163
47.207524,39.630705,47.157576,39.548447,13.237922
47.207524,39.630705,47.225003,39.701557,14.266556
47.207524,39.630705,47.246689,39.768088,16.44484
47.207524,39.630705,47.192543,39.619834,6.8771944
47.207524,39.630705,47.208258,39.655767,6.947015
47.207524,39.630705,47.269791,39.70937,19.956453
47.207524,39.630705,47.259806,39.797556,19.995638
47.207524,39.630705,47.220417,39.710437,13.488418
47.207524,39.630705,47.335456,39.726704,19.995638
47.207524,39.630705,47.264228,39.782109,19.995638
47.207524,39.630705,47.245067,39.768986,16.44484
47.207524,39.630705,47.235766,39.709952,15.4889
47.207524,39.630705,47.22715,39.697301,14.323692
47.207524,39.630705,47.351676,39.715568,19.935347
47.207524,39.630705,47.228341,39.750748,15.118485
47.207524,39.630705,47.25395,39.859736,16.44484
47.207524,39.630705,47.236558,39.808849,16.44484
47.207524,39.630705,47.255083,39.784906,16.44484
47.207524,39.630705,47.237471,39.683453,9.026096
47.207524,39.630705,47.292527,39.713823,19.935347
47.207524,39.630705,47.302238,39.733057,19.995638
47.207524,39.630705,47.300208,39.773554,19.995638
47.207524,39.630705,47.281576,39.757079,19.995638
47.207524,39.630705,47.235766,39.709952,15.4889
47.207524,39.630705,47.247937,39.739602,16.44484
47.207524,39.630705,47.265936,39.666501,19.202528
47.207524,39.630705,47.279361,39.682489,19.950434
47.207524,39.630705,47.245582,39.768551,16.44484
47.207524,39.630705,47.235766,39.709952,15.4889
47.207524,39.630705,47.198113,39.631899,5.1440578
47.207524,39.630705,47.247054,39.748018,16.44484
47.207524,39.630705,47.247697,39.772563,16.44484
47.207524,39.630705,47.28076,39.819036,19.995638
47.207524,39.630705,47.241503,39.774149,16.44484
47.207524,39.630705,47.218686,39.618666,4.509236
47.207524,39.630705,47.235766,39.709952,15.4889
47.207524,39.630705,47.221331,39.70597,14.092831
47.207524,39.630705,47.259644,39.77309,19.995638
47.207524,39.630705,47.220683,39.730255,14.178995
47.207524,39.630705,47.235766,39.709952,15.4889
47.207524,39.630705,47.237471,39.683453,9.026096
47.207524,39.630705,47.301125,39.719899,19.995638
47.207524,39.630705,47.236875,39.739626,16.44484
47.207524,39.630705,47.282544,39.715706,19.935347
47.207524,39.630705,47.280988,39.808406,19.995638
47.207524,39.630705,47.304403,39.642289,19.375486
47.207524,39.630705,47.291651,39.826587,19.995638
47.207524,39.630705,47.288683,39.696426,19.932438
47.207524,39.630705,47.350817,39.72822,19.995638
47.207524,39.630705,47.314746,39.776991,19.995638
47.282544,39.715706,47.21805,39.697207,18.01807
47.282544,39.715706,47.217621,39.707611,18.249392
47.282544,39.715706,47.221096,39.69097,19.012657
47.282544,39.715706,47.225482,39.717826,19.399773
47.282544,39.715706,47.255549,39.644401,20.349512
47.282544,39.715706,47.224904,39.711349,18.446497
47.282544,39.715706,47.210328,39.692724,19.196575
47.282544,39.715706,47.233896,39.61461,19.271845
47.282544,39.715706,47.223208,39.697369,18.17207
47.282544,39.715706,47.218795,39.707842,18.051838
47.282544,39.715706,47.252899,39.764581,9.6061125
47.282544,39.715706,47.214927,39.705652,18.393791
47.282544,39.715706,47.273902,39.684949,7.952649
47.282544,39.715706,47.226024,39.729858,18.851118
47.282544,39.715706,47.229064,39.628654,20.099932
47.282544,39.715706,47.219161,39.705761,18.04514
47.282544,39.715706,47.249401,39.735175,9.6061125
47.282544,39.715706,47.245568,39.680052,9.597706
47.282544,39.715706,47.219812,39.715458,18.045937
47.282544,39.715706,47.238981,39.694731,9.671916
47.282544,39.715706,47.22192,39.724959,18.172304
47.282544,39.715706,47.230965,39.686521,19.992683
47.282544,39.715706,47.226262,39.73101,19.234407
47.282544,39.715706,47.256223,39.704661,7.4113693
47.282544,39.715706,47.222052,39.715387,18.135958
47.282544,39.715706,47.297733,39.701845,6.960964
47.282544,39.715706,47.296659,39.717094,5.9474735
47.282544,39.715706,47.21889,39.713986,18.045937
47.282544,39.715706,47.223083,39.698421,18.174147
47.282544,39.715706,47.222549,39.72163,18.172304
47.282544,39.715706,47.231065,39.75563,18.239176
47.282544,39.715706,47.284506,39.720996,4.577272
47.282544,39.715706,47.208051,39.634353,18.970413
47.282544,39.715706,47.252037,39.795119,18.016094
47.282544,39.715706,47.2102,39.693253,19.196575
47.282544,39.715706,47.252637,39.713811,9.3675995
47.282544,39.715706,47.214527,39.618866,18.970413
47.282544,39.715706,47.25344,39.70265,9.148402
47.282544,39.715706,47.23422,39.601897,19.271845
47.282544,39.715706,47.157576,39.548447,18.970413
47.282544,39.715706,47.225003,39.701557,18.132841
47.282544,39.715706,47.246689,39.768088,17.09789
47.282544,39.715706,47.192543,39.619834,18.970413
47.282544,39.715706,47.208258,39.655767,19.037506
47.282544,39.715706,47.269791,39.70937,5.5097914
47.282544,39.715706,47.259806,39.797556,18.977095
47.282544,39.715706,47.220417,39.710437,18.051838
47.282544,39.715706,47.335456,39.726704,18.404316
47.282544,39.715706,47.264228,39.782109,18.438854
47.282544,39.715706,47.245067,39.768986,17.216757
47.282544,39.715706,47.235766,39.709952,17.499966
47.282544,39.715706,47.22715,39.697301,19.685362
47.282544,39.715706,47.351676,39.715568,19.640894
47.282544,39.715706,47.228341,39.750748,18.52311
47.282544,39.715706,47.25395,39.859736,18.976906
47.282544,39.715706,47.236558,39.808849,18.976906
47.282544,39.715706,47.255083,39.784906,17.063934
47.282544,39.715706,47.237471,39.683453,18.6414
47.282544,39.715706,47.292527,39.713823,5.452929
47.282544,39.715706,47.302238,39.733057,8.009986
47.282544,39.715706,47.300208,39.773554,9.809234
47.282544,39.715706,47.281576,39.757079,8.009986
47.282544,39.715706,47.235766,39.709952,17.499966
47.282544,39.715706,47.247937,39.739602,9.6061125
47.282544,39.715706,47.265936,39.666501,9.815413
47.282544,39.715706,47.279361,39.682489,7.952649
47.282544,39.715706,47.245582,39.768551,17.09789
47.282544,39.715706,47.235766,39.709952,17.499966
47.282544,39.715706,47.198113,39.631899,18.970413
47.282544,39.715706,47.247054,39.748018,9.6061125
47.282544,39.715706,47.247697,39.772563,17.216757
47.282544,39.715706,47.28076,39.819036,19.69951
47.282544,39.715706,47.241503,39.774149,18.891308
47.282544,39.715706,47.218686,39.618666,19.436401
47.282544,39.715706,47.235766,39.709952,17.499966
47.282544,39.715706,47.221331,39.70597,18.174147
47.282544,39.715706,47.259644,39.77309,9.809234
47.282544,39.715706,47.220683,39.730255,18.08162
47.282544,39.715706,47.235766,39.709952,17.499966
47.282544,39.715706,47.237471,39.683453,18.6414
47.282544,39.715706,47.301125,39.719899,7.8949265
47.282544,39.715706,47.236875,39.739626,17.09789
47.282544,39.715706,47.207524,39.630705,18.970413
47.282544,39.715706,47.280988,39.808406,18.977095
47.282544,39.715706,47.304403,39.642289,18.770313
47.282544,39.715706,47.291651,39.826587,19.741856
47.282544,39.715706,47.288683,39.696426,6.6112156
47.282544,39.715706,47.350817,39.72822,19.69951
47.282544,39.715706,47.314746,39.776991,18.582588
47.280988,39.808406,47.21805,39.697207,18.607786
47.280988,39.808406,47.217621,39.707611,18.915691
47.280988,39.808406,47.221096,39.69097,19.760513
47.280988,39.808406,47.225482,39.717826,19.457134
47.280988,39.808406,47.255549,39.644401,20.100044
47.280988,39.808406,47.224904,39.711349,18.70519
47.280988,39.808406,47.210328,39.692724,19.183918
47.280988,39.808406,47.233896,39.61461,19.252
47.280988,39.808406,47.223208,39.697369,18.786114
47.280988,39.808406,47.218795,39.707842,18.712652
47.280988,39.808406,47.252899,39.764581,9.598072
47.280988,39.808406,47.214927,39.705652,18.42519
47.280988,39.808406,47.273902,39.684949,20.100044
47.280988,39.808406,47.226024,39.729858,19.457134
47.280988,39.808406,47.229064,39.628654,20.090113
47.280988,39.808406,47.219161,39.705761,18.696592
47.280988,39.808406,47.249401,39.735175,17.993765
47.280988,39.808406,47.245568,39.680052,19.39603
47.280988,39.808406,47.219812,39.715458,18.70001
47.280988,39.808406,47.238981,39.694731,19.463522
47.280988,39.808406,47.22192,39.724959,18.84336
47.280988,39.808406,47.230965,39.686521,20.234055
47.280988,39.808406,47.226262,39.73101,19.457134
47.280988,39.808406,47.256223,39.704661,19.687857
47.280988,39.808406,47.222052,39.715387,18.785763
47.280988,39.808406,47.297733,39.701845,19.687857
47.280988,39.808406,47.296659,39.717094,18.922403
47.280988,39.808406,47.21889,39.713986,18.70001
47.280988,39.808406,47.223083,39.698421,18.818653
47.280988,39.808406,47.222549,39.72163,18.84336
47.280988,39.808406,47.231065,39.75563,18.50567
47.280988,39.808406,47.284506,39.720996,18.95979
47.280988,39.808406,47.208051,39.634353,18.956623
47.280988,39.808406,47.252037,39.795119,9.598072
47.280988,39.808406,47.2102,39.693253,19.183918
47.280988,39.808406,47.252637,39.713811,18.831379
47.280988,39.808406,47.214527,39.618866,18.956623
47.280988,39.808406,47.25344,39.70265,18.909975
47.280988,39.808406,47.23422,39.601897,19.252
47.280988,39.808406,47.157576,39.548447,18.956623
47.280988,39.808406,47.225003,39.701557,18.743822
47.280988,39.808406,47.246689,39.768088,9.598072
47.280988,39.808406,47.192543,39.619834,18.956623
47.280988,39.808406,47.208258,39.655767,19.024849
47.280988,39.808406,47.269791,39.70937,19.629435
47.280988,39.808406,47.259806,39.797556,7.996033
47.280988,39.808406,47.220417,39.710437,18.712652
47.280988,39.808406,47.335456,39.726704,19.721916
47.280988,39.808406,47.264228,39.782109,8.005466
47.280988,39.808406,47.245067,39.768986,9.598072
47.280988,39.808406,47.235766,39.709952,18.88975
47.280988,39.808406,47.22715,39.697301,19.317186
47.280988,39.808406,47.351676,39.715568,19.663296
47.280988,39.808406,47.228341,39.750748,18.558931
47.280988,39.808406,47.25395,39.859736,9.598072
47.280988,39.808406,47.236558,39.808849,9.598072
47.280988,39.808406,47.255083,39.784906,9.598072
47.280988,39.808406,47.237471,39.683453,19.39603
47.280988,39.808406,47.292527,39.713823,18.9184
47.280988,39.808406,47.302238,39.733057,18.670504
47.280988,39.808406,47.300208,39.773554,9.804712
47.280988,39.808406,47.281576,39.757079,9.804712
47.280988,39.808406,47.235766,39.709952,18.88975
47.280988,39.808406,47.247937,39.739602,18.871695
47.280988,39.808406,47.265936,39.666501,20.100044
47.280988,39.808406,47.279361,39.682489,20.100044
47.280988,39.808406,47.245582,39.768551,9.598072
47.280988,39.808406,47.235766,39.709952,18.88975
47.280988,39.808406,47.198113,39.631899,18.956623
47.280988,39.808406,47.247054,39.748018,17.19275
47.280988,39.808406,47.247697,39.772563,9.598072
47.280988,39.808406,47.28076,39.819036,6.0708013
47.280988,39.808406,47.241503,39.774149,9.598072
47.280988,39.808406,47.218686,39.618666,19.385744
47.280988,39.808406,47.235766,39.709952,18.88975
47.280988,39.808406,47.221331,39.70597,18.818653
47.280988,39.808406,47.259644,39.77309,9.804712
47.280988,39.808406,47.220683,39.730255,18.756556
47.280988,39.808406,47.235766,39.709952,18.88975
47.280988,39.808406,47.237471,39.683453,19.39603
47.280988,39.808406,47.301125,39.719899,18.95979
47.280988,39.808406,47.236875,39.739626,17.993765
47.280988,39.808406,47.207524,39.630705,18.956623
47.280988,39.808406,47.282544,39.715706,18.922403
47.280988,39.808406,47.304403,39.642289,19.95601
47.280988,39.808406,47.291651,39.826587,7.755061
47.280988,39.808406,47.288683,39.696426,20.053755
47.280988,39.808406,47.350817,39.72822,19.721916
47.280988,39.808406,47.314746,39.776991,9.804712
47.304403,39.642289,47.21805,39.697207,18.043573
47.304403,39.642289,47.217621,39.707611,18.161623
47.304403,39.642289,47.221096,39.69097,18.775726
47.304403,39.642289,47.225482,39.717826,19.290844
47.304403,39.642289,47.255549,39.644401,18.400612
47.304403,39.642289,47.224904,39.711349,18.363607
47.304403,39.642289,47.210328,39.692724,18.081316
47.304403,39.642289,47.233896,39.61461,18.238396
47.304403,39.642289,47.223208,39.697369,18.543867
47.304403,39.642289,47.218795,39.707842,18.131609
47.304403,39.642289,47.252899,39.764581,18.46574
47.304403,39.642289,47.214927,39.705652,17.598461
47.304403,39.642289,47.273902,39.684949,9.124473
47.304403,39.642289,47.226024,39.729858,19.290844
47.304403,39.642289,47.229064,39.628654,19.375786
47.304403,39.642289,47.219161,39.705761,18.204079
47.304403,39.642289,47.249401,39.735175,18.46574
47.304403,39.642289,47.245568,39.680052,17.465515
47.304403,39.642289,47.219812,39.715458,18.10904
47.304403,39.642289,47.238981,39.694731,18.577238
47.304403,39.642289,47.22192,39.724959,18.38285
47.304403,39.642289,47.230965,39.686521,19.583216
47.304403,39.642289,47.226262,39.73101,19.290844
47.304403,39.642289,47.256223,39.704661,18.615322
47.304403,39.642289,47.222052,39.715387,18.271765
47.304403,39.642289,47.297733,39.701845,8.851424
47.304403,39.642289,47.296659,39.717094,17.59028
47.304403,39.642289,47.21889,39.713986,18.10904
47.304403,39.642289,47.223083,39.698421,18.373371
47.304403,39.642289,47.222549,39.72163,18.38285
47.304403,39.642289,47.231065,39.75563,19.290844
47.304403,39.642289,47.284506,39.720996,19.166487
47.304403,39.642289,47.208051,39.634353,17.717972
47.304403,39.642289,47.252037,39.795119,18.46574
47.304403,39.642289,47.2102,39.693253,18.081316
47.304403,39.642289,47.252637,39.713811,18.323421
47.304403,39.642289,47.214527,39.618866,17.717972
47.304403,39.642289,47.25344,39.70265,17.589857
47.304403,39.642289,47.23422,39.601897,18.238396
47.304403,39.642289,47.157576,39.548447,17.717972
47.304403,39.642289,47.225003,39.701557,18.462765
47.304403,39.642289,47.246689,39.768088,18.46574
47.304403,39.642289,47.192543,39.619834,17.717972
47.304403,39.642289,47.208258,39.655767,17.862005
47.304403,39.642289,47.269791,39.70937,19.128899
47.304403,39.642289,47.259806,39.797556,19.3747
47.304403,39.642289,47.220417,39.710437,18.131609
47.304403,39.642289,47.335456,39.726704,18.608536
47.304403,39.642289,47.264228,39.782109,19.3747
47.304403,39.642289,47.245067,39.768986,18.46574
47.304403,39.642289,47.235766,39.709952,18.343338
47.304403,39.642289,47.22715,39.697301,19.067263
47.304403,39.642289,47.351676,39.715568,19.13413
47.304403,39.642289,47.228341,39.750748,19.290844
47.304403,39.642289,47.25395,39.859736,18.46574
47.304403,39.642289,47.236558,39.808849,18.46574
47.304403,39.642289,47.255083,39.784906,18.46574
47.304403,39.642289,47.237471,39.683453,18.433352
47.304403,39.642289,47.292527,39.713823,17.59028
47.304403,39.642289,47.302238,39.733057,18.571764
47.304403,39.642289,47.300208,39.773554,19.3747
47.304403,39.642289,47.281576,39.757079,19.3747
47.304403,39.642289,47.235766,39.709952,18.343338
47.304403,39.642289,47.247937,39.739602,18.46574
47.304403,39.642289,47.265936,39.666501,9.124473
47.304403,39.642289,47.279361,39.682489,9.124473
47.304403,39.642289,47.245582,39.768551,18.46574
47.304403,39.642289,47.235766,39.709952,18.343338
47.304403,39.642289,47.198113,39.631899,17.717972
47.304403,39.642289,47.247054,39.748018,18.46574
47.304403,39.642289,47.247697,39.772563,18.46574
47.304403,39.642289,47.28076,39.819036,19.3747
47.304403,39.642289,47.241503,39.774149,18.46574
47.304403,39.642289,47.218686,39.618666,18.34276
47.304403,39.642289,47.235766,39.709952,18.343338
47.304403,39.642289,47.221331,39.70597,18.373371
47.304403,39.642289,47.259644,39.77309,19.3747
47.304403,39.642289,47.220683,39.730255,18.21489
47.304403,39.642289,47.235766,39.709952,18.343338
47.304403,39.642289,47.237471,39.683453,18.433352
47.304403,39.642289,47.301125,39.719899,17.837307
47.304403,39.642289,47.236875,39.739626,18.46574
47.304403,39.642289,47.207524,39.630705,17.717972
47.304403,39.642289,47.282544,39.715706,17.559664
47.304403,39.642289,47.280988,39.808406,19.3747
47.304403,39.642289,47.291651,39.826587,19.3747
47.304403,39.642289,47.288683,39.696426,9.138384
47.304403,39.642289,47.350817,39.72822,19.3747
47.304403,39.642289,47.314746,39.776991,19.3747
47.291651,39.826587,47.21805,39.697207,18.607786
47.291651,39.826587,47.217621,39.707611,18.915691
47.291651,39.826587,47.221096,39.69097,19.760513
47.291651,39.826587,47.225482,39.717826,19.457134
47.291651,39.826587,47.255549,39.644401,20.100044
47.291651,39.826587,47.224904,39.711349,18.70519
47.291651,39.826587,47.210328,39.692724,19.183918
47.291651,39.826587,47.233896,39.61461,19.252
47.291651,39.826587,47.223208,39.697369,18.786114
47.291651,39.826587,47.218795,39.707842,18.712652
47.291651,39.826587,47.252899,39.764581,18.871695
47.291651,39.826587,47.214927,39.705652,18.42519
47.291651,39.826587,47.273902,39.684949,20.100044
47.291651,39.826587,47.226024,39.729858,19.457134
47.291651,39.826587,47.229064,39.628654,20.090113
47.291651,39.826587,47.219161,39.705761,18.696592
47.291651,39.826587,47.249401,39.735175,18.950726
47.291651,39.826587,47.245568,39.680052,19.39603
47.291651,39.826587,47.219812,39.715458,18.70001
47.291651,39.826587,47.238981,39.694731,19.463522
47.291651,39.826587,47.22192,39.724959,18.84336
47.291651,39.826587,47.230965,39.686521,20.234055
47.291651,39.826587,47.226262,39.73101,19.457134
47.291651,39.826587,47.256223,39.704661,19.687857
47.291651,39.826587,47.222052,39.715387,18.785763
47.291651,39.826587,47.297733,39.701845,19.687857
47.291651,39.826587,47.296659,39.717094,19.663296
47.291651,39.826587,47.21889,39.713986,18.70001
47.291651,39.826587,47.223083,39.698421,18.818653
47.291651,39.826587,47.222549,39.72163,18.84336
47.291651,39.826587,47.231065,39.75563,19.457134
47.291651,39.826587,47.284506,39.720996,19.721916
47.291651,39.826587,47.208051,39.634353,18.956623
47.291651,39.826587,47.252037,39.795119,9.598072
47.291651,39.826587,47.2102,39.693253,19.183918
47.291651,39.826587,47.252637,39.713811,18.88123
47.291651,39.826587,47.214527,39.618866,18.956623
47.291651,39.826587,47.25344,39.70265,18.909975
47.291651,39.826587,47.23422,39.601897,19.252
47.291651,39.826587,47.157576,39.548447,18.956623
47.291651,39.826587,47.225003,39.701557,18.743822
47.291651,39.826587,47.246689,39.768088,17.993765
47.291651,39.826587,47.192543,39.619834,18.956623
47.291651,39.826587,47.208258,39.655767,19.024849
47.291651,39.826587,47.269791,39.70937,19.671694
47.291651,39.826587,47.259806,39.797556,9.804712
47.291651,39.826587,47.220417,39.710437,18.712652
47.291651,39.826587,47.335456,39.726704,19.721916
47.291651,39.826587,47.264228,39.782109,9.804712
47.291651,39.826587,47.245067,39.768986,17.993765
47.291651,39.826587,47.235766,39.709952,18.88975
47.291651,39.826587,47.22715,39.697301,19.317186
47.291651,39.826587,47.351676,39.715568,19.663296
47.291651,39.826587,47.228341,39.750748,19.457134
47.291651,39.826587,47.25395,39.859736,9.598072
47.291651,39.826587,47.236558,39.808849,19.658798
47.291651,39.826587,47.255083,39.784906,9.598072
47.291651,39.826587,47.237471,39.683453,19.39603
47.291651,39.826587,47.292527,39.713823,19.663296
47.291651,39.826587,47.302238,39.733057,18.95979
47.291651,39.826587,47.300208,39.773554,9.804712
47.291651,39.826587,47.281576,39.757079,18.602503
47.291651,39.826587,47.235766,39.709952,18.88975
47.291651,39.826587,47.247937,39.739602,18.950726
47.291651,39.826587,47.265936,39.666501,20.100044
47.291651,39.826587,47.279361,39.682489,20.100044
47.291651,39.826587,47.245582,39.768551,17.993765
47.291651,39.826587,47.235766,39.709952,18.88975
47.291651,39.826587,47.198113,39.631899,18.956623
47.291651,39.826587,47.247054,39.748018,18.900871
47.291651,39.826587,47.247697,39.772563,18.70633
47.291651,39.826587,47.28076,39.819036,5.9455924
47.291651,39.826587,47.241503,39.774149,17.993765
47.291651,39.826587,47.218686,39.618666,19.385744
47.291651,39.826587,47.235766,39.709952,18.88975
47.291651,39.826587,47.221331,39.70597,18.818653
47.291651,39.826587,47.259644,39.77309,18.41869
47.291651,39.826587,47.220683,39.730255,18.756556
47.291651,39.826587,47.235766,39.709952,18.88975
47.291651,39.826587,47.237471,39.683453,19.39603
47.291651,39.826587,47.301125,39.719899,19.721916
47.291651,39.826587,47.236875,39.739626,18.950726
47.291651,39.826587,47.207524,39.630705,18.956623
47.291651,39.826587,47.282544,39.715706,19.663296
47.291651,39.826587,47.280988,39.808406,7.755061
47.291651,39.826587,47.304403,39.642289,19.95601
47.291651,39.826587,47.288683,39.696426,20.053755
47.291651,39.826587,47.350817,39.72822,19.721916
47.291651,39.826587,47.314746,39.776991,9.804712
47.288683,39.696426,47.21805,39.697207,18.686186
47.288683,39.696426,47.217621,39.707611,18.8211
47.288683,39.696426,47.221096,39.69097,19.691916
47.288683,39.696426,47.225482,39.717826,18.572714
47.288683,39.696426,47.255549,39.644401,20.331242
47.288683,39.696426,47.224904,39.711349,18.037834
47.288683,39.696426,47.210328,39.692724,19.171549
47.288683,39.696426,47.233896,39.61461,18.953465
47.288683,39.696426,47.223208,39.697369,18.239079
47.288683,39.696426,47.218795,39.707842,18.58634
47.288683,39.696426,47.252899,39.764581,17.975632
47.288683,39.696426,47.214927,39.705652,18.33908
47.288683,39.696426,47.273902,39.684949,7.4503875
47.288683,39.696426,47.226024,39.729858,19.371515
47.288683,39.696426,47.229064,39.628654,19.866665
47.288683,39.696426,47.219161,39.705761,18.647018
47.288683,39.696426,47.249401,39.735175,17.5245
47.288683,39.696426,47.245568,39.680052,9.487854
47.288683,39.696426,47.219812,39.715458,18.569324
47.288683,39.696426,47.238981,39.694731,18.935242
47.288683,39.696426,47.22192,39.724959,18.757334
47.288683,39.696426,47.230965,39.686521,18.88187
47.288683,39.696426,47.226262,39.73101,19.371515
47.288683,39.696426,47.256223,39.704661,9.148766
47.288683,39.696426,47.222052,39.715387,18.651321
47.288683,39.696426,47.297733,39.701845,5.1977854
47.288683,39.696426,47.296659,39.717094,7.297464
47.288683,39.696426,47.21889,39.713986,18.65687
47.288683,39.696426,47.223083,39.698421,18.251541
47.288683,39.696426,47.222549,39.72163,18.757334
47.288683,39.696426,47.231065,39.75563,19.371515
47.288683,39.696426,47.284506,39.720996,7.7202578
47.288683,39.696426,47.208051,39.634353,18.669699
47.288683,39.696426,47.252037,39.795119,18.892267
47.288683,39.696426,47.2102,39.693253,19.171549
47.288683,39.696426,47.252637,39.713811,9.060502
47.288683,39.696426,47.214527,39.618866,18.669699
47.288683,39.696426,47.25344,39.70265,8.9552555
47.288683,39.696426,47.23422,39.601897,18.953465
47.288683,39.696426,47.157576,39.548447,18.669699
47.288683,39.696426,47.225003,39.701557,18.180124
47.288683,39.696426,47.246689,39.768088,17.975632
47.288683,39.696426,47.192543,39.619834,18.669699
47.288683,39.696426,47.208258,39.655767,18.996437
47.288683,39.696426,47.269791,39.70937,7.502813
47.288683,39.696426,47.259806,39.797556,19.637426
47.288683,39.696426,47.220417,39.710437,18.58634
47.288683,39.696426,47.335456,39.726704,18.399878
47.288683,39.696426,47.264228,39.782109,18.88284
47.288683,39.696426,47.245067,39.768986,18.030474
47.288683,39.696426,47.235766,39.709952,17.074139
47.288683,39.696426,47.22715,39.697301,18.462498
47.288683,39.696426,47.351676,39.715568,18.821926
47.288683,39.696426,47.228341,39.750748,19.483854
47.288683,39.696426,47.25395,39.859736,18.892267
47.288683,39.696426,47.236558,39.808849,18.892267
47.288683,39.696426,47.255083,39.784906,18.779932
47.288683,39.696426,47.237471,39.683453,19.322796
47.288683,39.696426,47.292527,39.713823,5.6151824
47.288683,39.696426,47.302238,39.733057,7.776013
47.288683,39.696426,47.300208,39.773554,18.39271
47.288683,39.696426,47.281576,39.757079,9.567508
47.288683,39.696426,47.235766,39.709952,17.074139
47.288683,39.696426,47.247937,39.739602,17.111053
47.288683,39.696426,47.265936,39.666501,9.70136
47.288683,39.696426,47.279361,39.682489,5.6249356
47.288683,39.696426,47.245582,39.768551,17.969559
47.288683,39.696426,47.235766,39.709952,17.074139
47.288683,39.696426,47.198113,39.631899,18.669699
47.288683,39.696426,47.247054,39.748018,17.090075
47.288683,39.696426,47.247697,39.772563,18.030474
47.288683,39.696426,47.28076,39.819036,19.637426
47.288683,39.696426,47.241503,39.774149,18.892267
47.288683,39.696426,47.218686,39.618666,19.20386
47.288683,39.696426,47.235766,39.709952,17.074139
47.288683,39.696426,47.221331,39.70597,18.739607
47.288683,39.696426,47.259644,39.77309,18.88284
47.288683,39.696426,47.220683,39.730255,18.760511
47.288683,39.696426,47.235766,39.709952,17.074139
47.288683,39.696426,47.237471,39.683453,19.322796
47.288683,39.696426,47.301125,39.719899,7.8260813
47.288683,39.696426,47.236875,39.739626,17.975632
47.288683,39.696426,47.207524,39.630705,18.669699
47.288683,39.696426,47.282544,39.715706,6.5887527
47.288683,39.696426,47.280988,39.808406,19.637426
47.288683,39.696426,47.304403,39.642289,9.340626
47.288683,39.696426,47.291651,39.826587,19.637426
47.288683,39.696426,47.350817,39.72822,18.935286
47.288683,39.696426,47.314746,39.776991,18.88284
47.350817,39.72822,47.21805,39.697207,18.607786
47.350817,39.72822,47.217621,39.707611,18.915691
47.350817,39.72822,47.221096,39.69097,19.760513
47.350817,39.72822,47.225482,39.717826,19.457134
47.350817,39.72822,47.255549,39.644401,20.100044
47.350817,39.72822,47.224904,39.711349,18.70519
47.350817,39.72822,47.210328,39.692724,19.183918
47.350817,39.72822,47.233896,39.61461,19.252
47.350817,39.72822,47.223208,39.697369,18.786114
47.350817,39.72822,47.218795,39.707842,18.712652
47.350817,39.72822,47.252899,39.764581,18.950726
47.350817,39.72822,47.214927,39.705652,18.42519
47.350817,39.72822,47.273902,39.684949,20.100044
47.350817,39.72822,47.226024,39.729858,19.457134
47.350817,39.72822,47.229064,39.628654,20.090113
47.350817,39.72822,47.219161,39.705761,18.696592
47.350817,39.72822,47.249401,39.735175,18.950726
47.350817,39.72822,47.245568,39.680052,19.39603
47.350817,39.72822,47.219812,39.715458,18.70001
47.350817,39.72822,47.238981,39.694731,19.463522
47.350817,39.72822,47.22192,39.724959,18.84336
47.350817,39.72822,47.230965,39.686521,20.234055
47.350817,39.72822,47.226262,39.73101,19.457134
47.350817,39.72822,47.256223,39.704661,19.687857
47.350817,39.72822,47.222052,39.715387,18.785763
47.350817,39.72822,47.297733,39.701845,20.899578
47.350817,39.72822,47.296659,39.717094,18.36427
47.350817,39.72822,47.21889,39.713986,18.70001
47.350817,39.72822,47.223083,39.698421,18.818653
47.350817,39.72822,47.222549,39.72163,18.84336
47.350817,39.72822,47.231065,39.75563,19.457134
47.350817,39.72822,47.284506,39.720996,19.67966
47.350817,39.72822,47.208051,39.634353,18.956623
47.350817,39.72822,47.252037,39.795119,18.950726
47.350817,39.72822,47.2102,39.693253,19.183918
47.350817,39.72822,47.252637,39.713811,18.88123
47.350817,39.72822,47.214527,39.618866,18.956623
47.350817,39.72822,47.25344,39.70265,18.909975
47.350817,39.72822,47.23422,39.601897,19.252
47.350817,39.72822,47.157576,39.548447,18.956623
47.350817,39.72822,47.225003,39.701557,18.743822
47.350817,39.72822,47.246689,39.768088,18.950726
47.350817,39.72822,47.192543,39.619834,18.956623
47.350817,39.72822,47.208258,39.655767,19.024849
47.350817,39.72822,47.269791,39.70937,19.671694
47.350817,39.72822,47.259806,39.797556,19.721916
47.350817,39.72822,47.220417,39.710437,18.712652
47.350817,39.72822,47.335456,39.726704,7.0430794
47.350817,39.72822,47.264228,39.782109,19.721916
47.350817,39.72822,47.245067,39.768986,18.950726
47.350817,39.72822,47.235766,39.709952,18.88975
47.350817,39.72822,47.22715,39.697301,19.317186
47.350817,39.72822,47.351676,39.715568,5.444309
47.350817,39.72822,47.228341,39.750748,19.457134
47.350817,39.72822,47.25395,39.859736,18.950726
47.350817,39.72822,47.236558,39.808849,18.950726
47.350817,39.72822,47.255083,39.784906,18.950726
47.350817,39.72822,47.237471,39.683453,19.39603
47.350817,39.72822,47.292527,39.713823,18.922403
47.350817,39.72822,47.302238,39.733057,18.41869
47.350817,39.72822,47.300208,39.773554,18.95979
47.350817,39.72822,47.281576,39.757079,19.721916
47.350817,39.72822,47.235766,39.709952,18.88975
47.350817,39.72822,47.247937,39.739602,18.950726
47.350817,39.72822,47.265936,39.666501,20.100044
47.350817,39.72822,47.279361,39.682489,20.100044
47.350817,39.72822,47.245582,39.768551,18.950726
47.350817,39.72822,47.235766,39.709952,18.88975
47.350817,39.72822,47.198113,39.631899,18.956623
47.350817,39.72822,47.247054,39.748018,18.950726
47.350817,39.72822,47.247697,39.772563,18.950726
47.350817,39.72822,47.28076,39.819036,19.721916
47.350817,39.72822,47.241503,39.774149,18.950726
47.350817,39.72822,47.218686,39.618666,19.385744
47.350817,39.72822,47.235766,39.709952,18.88975
47.350817,39.72822,47.221331,39.70597,18.818653
47.350817,39.72822,47.259644,39.77309,19.721916
47.350817,39.72822,47.220683,39.730255,18.756556
47.350817,39.72822,47.235766,39.709952,18.88975
47.350817,39.72822,47.237471,39.683453,19.39603
47.350817,39.72822,47.301125,39.719899,18.41869
47.350817,39.72822,47.236875,39.739626,18.950726
47.350817,39.72822,47.207524,39.630705,18.956623
47.350817,39.72822,47.282544,39.715706,19.621037
47.350817,39.72822,47.280988,39.808406,19.721916
47.350817,39.72822,47.304403,39.642289,19.95601
47.350817,39.72822,47.291651,39.826587,19.721916
47.350817,39.72822,47.288683,39.696426,19.350775
47.350817,39.72822,47.314746,39.776991,18.41869
47.314746,39.776991,47.21805,39.697207,18.607786
47.314746,39.776991,47.217621,39.707611,18.915691
47.314746,39.776991,47.221096,39.69097,19.760513
47.314746,39.776991,47.225482,39.717826,19.457134
47.314746,39.776991,47.255549,39.644401,20.100044
47.314746,39.776991,47.224904,39.711349,18.70519
47.314746,39.776991,47.210328,39.692724,19.183918
47.314746,39.776991,47.233896,39.61461,19.252
47.314746,39.776991,47.223208,39.697369,18.786114
47.314746,39.776991,47.218795,39.707842,18.712652
47.314746,39.776991,47.252899,39.764581,17.993765
47.314746,39.776991,47.214927,39.705652,18.42519
47.314746,39.776991,47.273902,39.684949,20.100044
47.314746,39.776991,47.226024,39.729858,19.457134
47.314746,39.776991,47.229064,39.628654,20.090113
47.314746,39.776991,47.219161,39.705761,18.696592
47.314746,39.776991,47.249401,39.735175,18.950726
47.314746,39.776991,47.245568,39.680052,19.39603
47.314746,39.776991,47.219812,39.715458,18.70001
47.314746,39.776991,47.238981,39.694731,19.463522
47.314746,39.776991,47.22192,39.724959,18.84336
47.314746,39.776991,47.230965,39.686521,20.234055
47.314746,39.776991,47.226262,39.73101,19.457134
47.314746,39.776991,47.256223,39.704661,19.687857
47.314746,39.776991,47.222052,39.715387,18.785763
47.314746,39.776991,47.297733,39.701845,18.701569
47.314746,39.776991,47.296659,39.717094,9.594876
47.314746,39.776991,47.21889,39.713986,18.70001
47.314746,39.776991,47.223083,39.698421,18.818653
47.314746,39.776991,47.222549,39.72163,18.84336
47.314746,39.776991,47.231065,39.75563,19.457134
47.314746,39.776991,47.284506,39.720996,18.41869
47.314746,39.776991,47.208051,39.634353,18.956623
47.314746,39.776991,47.252037,39.795119,17.993765
47.314746,39.776991,47.2102,39.693253,19.183918
47.314746,39.776991,47.252637,39.713811,18.88123
47.314746,39.776991,47.214527,39.618866,18.956623
47.314746,39.776991,47.25344,39.70265,18.909975
47.314746,39.776991,47.23422,39.601897,19.252
47.314746,39.776991,47.157576,39.548447,18.956623
47.314746,39.776991,47.225003,39.701557,18.743822
47.314746,39.776991,47.246689,39.768088,18.900871
47.314746,39.776991,47.192543,39.619834,18.956623
47.314746,39.776991,47.208258,39.655767,19.024849
47.314746,39.776991,47.269791,39.70937,18.928837
47.314746,39.776991,47.259806,39.797556,19.739532
47.314746,39.776991,47.220417,39.710437,18.712652
47.314746,39.776991,47.335456,39.726704,9.804712
47.314746,39.776991,47.264228,39.782109,18.41869
47.314746,39.776991,47.245067,39.768986,18.900871
47.314746,39.776991,47.235766,39.709952,18.88975
47.314746,39.776991,47.22715,39.697301,19.317186
47.314746,39.776991,47.351676,39.715568,18.653162
47.314746,39.776991,47.228341,39.750748,19.457134
47.314746,39.776991,47.25395,39.859736,18.950726
47.314746,39.776991,47.236558,39.808849,18.950726
47.314746,39.776991,47.255083,39.784906,17.993765
47.314746,39.776991,47.237471,39.683453,19.39603
47.314746,39.776991,47.292527,39.713823,18.586206
47.314746,39.776991,47.302238,39.733057,9.804712
47.314746,39.776991,47.300208,39.773554,7.0430794
47.314746,39.776991,47.281576,39.757079,9.804712
47.314746,39.776991,47.235766,39.709952,18.88975
47.314746,39.776991,47.247937,39.739602,18.950726
47.314746,39.776991,47.265936,39.666501,20.100044
47.314746,39.776991,47.279361,39.682489,20.100044
47.314746,39.776991,47.245582,39.768551,18.900871
47.314746,39.776991,47.235766,39.709952,18.88975
47.314746,39.776991,47.198113,39.631899,18.956623
47.314746,39.776991,47.247054,39.748018,18.900871
47.314746,39.776991,47.247697,39.772563,18.900871
47.314746,39.776991,47.28076,39.819036,9.804712
47.314746,39.776991,47.241503,39.774149,18.950726
47.314746,39.776991,47.218686,39.618666,19.385744
47.314746,39.776991,47.235766,39.709952,18.88975
47.314746,39.776991,47.221331,39.70597,18.818653
47.314746,39.776991,47.259644,39.77309,18.670504
47.314746,39.776991,47.220683,39.730255,18.756556
47.314746,39.776991,47.235766,39.709952,18.88975
47.314746,39.776991,47.237471,39.683453,19.39603
47.314746,39.776991,47.301125,39.719899,9.804712
47.314746,39.776991,47.236875,39.739626,18.950726
47.314746,39.776991,47.207524,39.630705,18.956623
47.314746,39.776991,47.282544,39.715706,18.544724
47.314746,39.776991,47.280988,39.808406,9.804712
47.314746,39.776991,47.304403,39.642289,19.95601
47.314746,39.776991,47.291651,39.826587,9.804712
47.314746,39.776991,47.288683,39.696426,19.304443
47.314746,39.776991,47.350817,39.72822,18.41869
